frame,t,id,cx,cy,w,h,conf,z
0,0.0,1,0.2202,0.4711,0.1169,0.0636,0.5695,0.9027
0,0.0,2,0.6991,0.4108,0.0659,0.2025,0.5535,0.5144
0,0.0,3,0.7974,0.3503,0.0519,0.1121,0.5117,0.7462
0,0.0,4,0.2404,0.2394,0.4808,0.4777,0.4413,0.0
0,0.0,5,0.4754,0.2753,0.0681,0.0697,0.34,0.9206
0,0.0,6,0.648,0.5748,0.0358,0.0908,0.3373,0.8839
0,0.0,7,0.6743,0.9813,0.0463,0.0353,0.2962,1.0
1,0.0334,1,0.219,0.471,0.1172,0.0637,0.5641,0.9027
1,0.0334,2,0.7026,0.4093,0.0665,0.2042,0.5479,0.5144
1,0.0334,3,0.7978,0.3503,0.0529,0.1145,0.5564,0.7462
1,0.0334,4,0.2388,0.2393,0.4776,0.4774,0.4576,0.0
1,0.0334,5,0.4739,0.2746,0.0695,0.0709,0.3393,0.9206
1,0.0334,6,0.6473,0.5749,0.036,0.0911,0.3497,0.8839
1,0.0334,7,0.6743,0.9813,0.0463,0.0353,0.2977,1.0
2,0.0667,1,0.2176,0.471,0.1173,0.0638,0.67,0.9027
2,0.0667,2,0.7059,0.4077,0.0671,0.2057,0.5392,0.5144
2,0.0667,3,0.7981,0.3502,0.0538,0.1166,0.5766,0.7462
2,0.0667,4,0.2369,0.239,0.4737,0.4766,0.5277,0.0
2,0.0667,5,0.4728,0.2742,0.0702,0.0714,0.3737,0.9206
2,0.0667,6,0.6466,0.5749,0.036,0.0911,0.4529,0.8839
2,0.0667,7,0.6743,0.9813,0.0463,0.0353,0.3027,1.0
3,0.1001,1,0.2164,0.4712,0.1167,0.0634,0.6344,0.9027
3,0.1001,2,0.7091,0.4061,0.0676,0.2067,0.4527,0.5144
3,0.1001,3,0.7985,0.3498,0.0544,0.1183,0.4506,0.7462
3,0.1001,4,0.2347,0.2384,0.4695,0.4754,0.4523,0.0
3,0.1001,5,0.472,0.274,0.0706,0.0716,0.6837,0.9206
3,0.1001,6,0.6459,0.575,0.0361,0.0911,0.4303,0.8839
3,0.1001,7,0.6743,0.9813,0.0463,0.0353,0.326,1.0
3,0.1001,8,0.975,0.027,0.05,0.054,0.5086,0.7967
3,0.1001,9,0.4758,0.975,0.0444,0.0472,0.3174,0.9741
4,0.1335,1,0.2141,0.4712,0.1165,0.0632,0.5926,0.9027
4,0.1335,3,0.7993,0.3494,0.0555,0.1211,0.3625,0.7462
4,0.1335,4,0.2309,0.2373,0.4618,0.4731,0.522,0.0
4,0.1335,5,0.4704,0.2732,0.0722,0.0727,0.7589,0.9206
4,0.1335,6,0.6446,0.5751,0.0363,0.0911,0.3612,0.8839
4,0.1335,7,0.6743,0.9813,0.0463,0.0353,0.3199,1.0
4,0.1335,8,0.9745,0.0272,0.0508,0.0544,0.3357,0.7967
4,0.1335,9,0.4758,0.975,0.0444,0.0472,0.3113,0.9741
5,0.1668,1,0.2105,0.4716,0.1171,0.0635,0.6581,0.9027
5,0.1668,2,0.7147,0.4035,0.0686,0.2084,0.486,0.5144
5,0.1668,3,0.8001,0.3489,0.0565,0.1239,0.4414,0.7462
5,0.1668,4,0.2264,0.2358,0.4528,0.4701,0.5885,0.0
5,0.1668,5,0.4688,0.2724,0.0741,0.0741,0.769,0.9206
5,0.1668,6,0.6432,0.5752,0.0365,0.0911,0.4236,0.8839
5,0.1668,7,0.6743,0.9813,0.0463,0.0353,0.2971,1.0
5,0.1668,8,0.974,0.0275,0.0515,0.0549,0.5255,0.7967
5,0.1668,9,0.4758,0.975,0.0444,0.0472,0.3209,0.9741
6,0.2002,1,0.2069,0.4719,0.118,0.064,0.6188,0.9027
6,0.2002,2,0.7231,0.4004,0.0703,0.2106,0.5195,0.5144
6,0.2002,3,0.804,0.3491,0.0573,0.1245,0.4341,0.7462
6,0.2002,4,0.2217,0.234,0.4433,0.4665,0.5068,0.0
6,0.2002,5,0.4681,0.2725,0.0747,0.0739,0.7998,0.9206
6,0.2002,6,0.6419,0.5751,0.037,0.0915,0.3076,0.8839
6,0.2002,7,0.6743,0.9813,0.0463,0.0353,0.3158,1.0
6,0.2002,8,0.9733,0.0283,0.053,0.0566,0.5772,0.7967
6,0.2002,9,0.4758,0.975,0.0444,0.0472,0.3481,0.9741
6,0.2002,10,0.7763,0.6444,0.0976,0.137,0.5841,0.7537
7,0.2336,1,0.2036,0.4723,0.1185,0.0643,0.384,0.9027
7,0.2336,2,0.7323,0.3971,0.0726,0.2129,0.6135,0.5144
7,0.2336,3,0.8079,0.3491,0.058,0.1242,0.5997,0.7462
7,0.2336,4,0.217,0.2321,0.4339,0.4626,0.5792,0.0
7,0.2336,5,0.4681,0.2731,0.0746,0.0729,0.8025,0.9206
7,0.2336,6,0.6406,0.5751,0.0373,0.0916,0.3806,0.8839
7,0.2336,7,0.6743,0.9813,0.0463,0.0353,0.3225,1.0
7,0.2336,8,0.9723,0.0295,0.055,0.0589,0.7243,0.7967
7,0.2336,9,0.4758,0.975,0.0444,0.0472,0.3523,0.9741
7,0.2336,10,0.7755,0.6441,0.0981,0.1378,0.6245,0.7537
8,0.2669,2,0.7414,0.3939,0.0754,0.2153,0.5103,0.5144
8,0.2669,3,0.8114,0.3486,0.059,0.1238,0.6281,0.7462
8,0.2669,4,0.2126,0.2302,0.4251,0.4589,0.6513,0.0
8,0.2669,5,0.4684,0.2736,0.0749,0.0722,0.7733,0.9206
8,0.2669,6,0.6393,0.5754,0.0375,0.0911,0.4199,0.8839
8,0.2669,7,0.6743,0.9813,0.0463,0.0353,0.3168,1.0
8,0.2669,8,0.9712,0.031,0.0572,0.0619,0.6336,0.7967
8,0.2669,9,0.4758,0.975,0.0444,0.0472,0.356,0.9741
8,0.2669,10,0.7748,0.6434,0.0982,0.1382,0.5895,0.7537
9,0.3003,2,0.749,0.3903,0.0781,0.2159,0.5226,0.5144
9,0.3003,4,0.2088,0.2287,0.4176,0.456,0.6123,0.0
9,0.3003,5,0.4689,0.2742,0.0756,0.0719,0.7895,0.9206
9,0.3003,6,0.6379,0.5757,0.0375,0.0903,0.3499,0.8839
9,0.3003,7,0.6743,0.9813,0.0463,0.0353,0.3281,1.0
9,0.3003,8,0.97,0.0323,0.0596,0.0646,0.5706,0.7967
9,0.3003,9,0.4757,0.975,0.0444,0.0472,0.3635,0.9741
9,0.3003,10,0.774,0.6429,0.0983,0.1386,0.5378,0.7537
10,0.3337,2,0.7558,0.3877,0.0818,0.2183,0.5894,0.5144
10,0.3337,4,0.2058,0.2276,0.4116,0.454,0.5195,0.0
10,0.3337,5,0.4692,0.2746,0.0767,0.0718,0.7727,0.9206
10,0.3337,6,0.6366,0.5759,0.0375,0.0896,0.2939,0.8839
10,0.3337,7,0.6743,0.9813,0.0463,0.0353,0.3089,1.0
10,0.3337,8,0.9688,0.0337,0.0621,0.0675,0.5806,0.7967
10,0.3337,9,0.4757,0.975,0.0444,0.0472,0.3421,0.9741
10,0.3337,10,0.7723,0.6419,0.0986,0.1395,0.487,0.7537
11,0.367,1,0.2005,0.473,0.1189,0.0646,0.3037,0.9027
11,0.367,2,0.7617,0.3862,0.0867,0.2229,0.5163,0.5144
11,0.367,4,0.2037,0.2274,0.4073,0.4536,0.5626,0.0
11,0.367,5,0.4693,0.2749,0.0779,0.072,0.7055,0.9206
11,0.367,6,0.6352,0.576,0.0375,0.0887,0.2593,0.8839
11,0.367,7,0.6743,0.9813,0.0464,0.0353,0.3278,1.0
11,0.367,8,0.9677,0.0352,0.0644,0.0704,0.644,0.7967
11,0.367,9,0.4757,0.975,0.0444,0.0472,0.2813,0.9741
11,0.367,10,0.7707,0.6409,0.0984,0.1398,0.2828,0.7537
12,0.4004,1,0.1975,0.4737,0.1194,0.065,0.4681,0.9027
12,0.4004,2,0.7665,0.3851,0.0921,0.2286,0.3088,0.5144
12,0.4004,4,0.2022,0.2275,0.4044,0.4539,0.5278,0.0
12,0.4004,5,0.4693,0.275,0.0794,0.0723,0.6744,0.9206
12,0.4004,6,0.6339,0.5758,0.0375,0.0879,0.2666,0.8839
12,0.4004,7,0.6743,0.9813,0.0464,0.0353,0.4489,1.0
12,0.4004,8,0.9667,0.0368,0.0666,0.0736,0.684,0.7967
12,0.4004,9,0.4756,0.975,0.0444,0.0472,0.2833,0.9741
12,0.4004,10,0.769,0.6397,0.0981,0.14,0.5073,0.7537
12,0.4004,11,0.9289,0.3431,0.0889,0.1416,0.404,0.7708
13,0.4338,1,0.1949,0.4742,0.1207,0.0657,0.5937,0.9027
13,0.4338,2,0.7682,0.3839,0.0971,0.234,0.5668,0.5144
13,0.4338,4,0.2015,0.2283,0.4029,0.4554,0.4221,0.0
13,0.4338,5,0.4688,0.2749,0.0812,0.073,0.8043,0.9206
13,0.4338,6,0.6327,0.5756,0.0372,0.0867,0.3411,0.8839
13,0.4338,7,0.6743,0.9813,0.0465,0.0352,0.4677,1.0
13,0.4338,8,0.966,0.038,0.068,0.0759,0.7614,0.7967
13,0.4338,9,0.4756,0.975,0.0444,0.0472,0.2983,0.9741
13,0.4338,10,0.7671,0.6386,0.0974,0.1399,0.5777,0.7537
13,0.4338,11,0.9286,0.3442,0.0883,0.1407,0.574,0.7708
14,0.4671,1,0.1926,0.4749,0.1221,0.0666,0.3884,0.9027
14,0.4671,2,0.7685,0.3827,0.1015,0.2384,0.4446,0.5144
14,0.4671,4,0.2012,0.2293,0.4024,0.4574,0.3665,0.0
14,0.4671,5,0.4679,0.2746,0.0831,0.074,0.7938,0.9206
14,0.4671,6,0.6312,0.5751,0.0369,0.0854,0.4132,0.8839
14,0.4671,7,0.6743,0.9813,0.0465,0.0352,0.4397,1.0
14,0.4671,8,0.9652,0.0391,0.0694,0.0782,0.6934,0.7967
14,0.4671,9,0.4755,0.975,0.0444,0.0472,0.2684,0.9741
14,0.4671,10,0.765,0.6376,0.0968,0.14,0.5676,0.7537
14,0.4671,11,0.9284,0.3452,0.088,0.1402,0.5644,0.7708
15,0.5005,1,0.1915,0.4753,0.1228,0.0671,0.3844,0.9027
15,0.5005,2,0.768,0.3815,0.1058,0.2431,0.5382,0.5144
15,0.5005,4,0.2012,0.2305,0.4024,0.4597,0.3892,0.0
15,0.5005,5,0.4666,0.2745,0.0848,0.0749,0.8122,0.9206
15,0.5005,6,0.63,0.5741,0.0368,0.0849,0.4123,0.8839
15,0.5005,7,0.6743,0.9813,0.0465,0.0352,0.4439,1.0
15,0.5005,8,0.964,0.04,0.0704,0.0799,0.6681,0.7967
15,0.5005,9,0.4755,0.975,0.0444,0.0472,0.2831,0.9741
15,0.5005,10,0.7628,0.6366,0.0959,0.1397,0.5408,0.7537
15,0.5005,11,0.9282,0.346,0.0879,0.14,0.5971,0.7708
16,0.5339,1,0.1906,0.4758,0.1235,0.0676,0.3755,0.9027
16,0.5339,2,0.769,0.3793,0.1084,0.2452,0.4323,0.5144
16,0.5339,4,0.2011,0.2316,0.4022,0.4618,0.4047,0.0
16,0.5339,5,0.4652,0.2745,0.0861,0.0756,0.8228,0.9206
16,0.5339,6,0.6291,0.5728,0.0368,0.0847,0.5108,0.8839
16,0.5339,7,0.6743,0.9813,0.0466,0.0352,0.4336,1.0
16,0.5339,8,0.9627,0.0416,0.0722,0.0829,0.5892,0.7967
16,0.5339,9,0.4755,0.975,0.0444,0.0473,0.2737,0.9741
16,0.5339,10,0.7608,0.6353,0.0945,0.1386,0.4846,0.7537
16,0.5339,11,0.9276,0.348,0.0872,0.139,0.4703,0.7708
17,0.5672,1,0.1898,0.4761,0.1245,0.0683,0.4255,0.9027
17,0.5672,2,0.7707,0.3771,0.1099,0.2461,0.4211,0.5144
17,0.5672,4,0.2008,0.2326,0.4015,0.4637,0.515,0.0
17,0.5672,5,0.4636,0.2743,0.0873,0.0763,0.8091,0.9206
17,0.5672,7,0.6743,0.9813,0.0466,0.0352,0.4669,1.0
17,0.5672,8,0.9616,0.0432,0.0738,0.0862,0.5993,0.7967
17,0.5672,9,0.4755,0.975,0.0444,0.0473,0.2867,0.9741
17,0.5672,10,0.7587,0.6338,0.0931,0.1377,0.4841,0.7537
17,0.5672,11,0.927,0.3498,0.0865,0.1378,0.5683,0.7708
18,0.6006,1,0.189,0.4762,0.1255,0.0691,0.4507,0.9027
18,0.6006,2,0.7729,0.3744,0.1109,0.2463,0.5451,0.5144
18,0.6006,4,0.2001,0.2333,0.4001,0.4648,0.5137,0.0
18,0.6006,5,0.462,0.2743,0.0882,0.0769,0.8249,0.9206
18,0.6006,7,0.6743,0.9813,0.0467,0.0352,0.4987,1.0
18,0.6006,8,0.9605,0.0436,0.0734,0.0869,0.5969,0.7967
18,0.6006,9,0.4755,0.975,0.0444,0.0473,0.2984,0.9741
18,0.6006,10,0.7567,0.6322,0.0918,0.1367,0.5648,0.7537
18,0.6006,11,0.9265,0.3512,0.0862,0.1373,0.629,0.7708
19,0.634,1,0.1875,0.4763,0.1261,0.0698,0.3944,0.9027
19,0.634,2,0.7755,0.371,0.1107,0.2441,0.3416,0.5144
19,0.634,4,0.1989,0.2345,0.3978,0.4646,0.4993,0.0
19,0.634,5,0.4605,0.2745,0.0886,0.0771,0.7743,0.9206
19,0.634,7,0.6743,0.9813,0.0467,0.0352,0.4904,1.0
19,0.634,8,0.9593,0.0433,0.0721,0.0863,0.4706,0.7967
19,0.634,9,0.4755,0.975,0.0444,0.0473,0.293,0.9741
19,0.634,10,0.7549,0.6306,0.0906,0.1361,0.5606,0.7537
19,0.634,11,0.9262,0.3528,0.0858,0.1366,0.5929,0.7708
20,0.6673,1,0.1859,0.4762,0.1265,0.0706,0.4592,0.9027
20,0.6673,2,0.7787,0.3674,0.1097,0.2406,0.6084,0.5144
20,0.6673,4,0.1973,0.2358,0.3946,0.4634,0.4535,0.0
20,0.6673,5,0.459,0.275,0.0885,0.0768,0.7754,0.9206
20,0.6673,6,0.6283,0.5717,0.0367,0.0845,0.3722,0.8839
20,0.6673,7,0.6743,0.9814,0.0467,0.0352,0.4887,1.0
20,0.6673,8,0.9581,0.0427,0.0705,0.0851,0.5211,0.7967
20,0.6673,9,0.4755,0.975,0.0444,0.0472,0.2684,0.9741
20,0.6673,10,0.7532,0.6289,0.0896,0.1357,0.6395,0.7537
20,0.6673,11,0.926,0.3541,0.0858,0.1366,0.7255,0.7708
21,0.7007,1,0.1841,0.4761,0.1264,0.0713,0.4697,0.9027
21,0.7007,2,0.7827,0.3641,0.1085,0.2371,0.4784,0.5144
21,0.7007,4,0.1952,0.2371,0.3904,0.4612,0.484,0.0
21,0.7007,5,0.4577,0.2756,0.0883,0.0765,0.78,0.9206
21,0.7007,6,0.6277,0.5704,0.0367,0.0844,0.4904,0.8839
21,0.7007,7,0.6744,0.9814,0.0467,0.0352,0.4981,1.0
21,0.7007,8,0.957,0.0418,0.0684,0.0833,0.3498,0.7967
21,0.7007,10,0.752,0.6271,0.0885,0.1352,0.6412,0.7537
21,0.7007,11,0.9259,0.3555,0.0856,0.1363,0.6796,0.7708
22,0.7341,1,0.1823,0.476,0.126,0.0719,0.4857,0.9027
22,0.7341,2,0.7867,0.3607,0.1064,0.2321,0.6756,0.5144
22,0.7341,4,0.1929,0.2383,0.3857,0.4588,0.4169,0.0
22,0.7341,5,0.4567,0.276,0.0883,0.0764,0.7652,0.9206
22,0.7341,6,0.6271,0.5693,0.0366,0.0841,0.4969,0.8839
22,0.7341,7,0.6744,0.9814,0.0468,0.0352,0.475,1.0
22,0.7341,8,0.9562,0.0416,0.0676,0.0829,0.6414,0.7967
22,0.7341,10,0.7509,0.6254,0.088,0.1355,0.6697,0.7537
22,0.7341,11,0.926,0.3571,0.0851,0.1355,0.6179,0.7708
23,0.7674,1,0.1808,0.4759,0.1252,0.0724,0.333,0.9027
23,0.7674,2,0.7889,0.3591,0.1061,0.2305,0.6156,0.5144
23,0.7674,4,0.1904,0.2396,0.3807,0.4562,0.3946,0.0
23,0.7674,5,0.4559,0.2764,0.0884,0.0764,0.839,0.9206
23,0.7674,6,0.6265,0.5681,0.0365,0.0839,0.4534,0.8839
23,0.7674,7,0.6744,0.9814,0.0468,0.0352,0.4767,1.0
23,0.7674,8,0.9556,0.0407,0.0656,0.081,0.6341,0.7967
23,0.7674,10,0.7501,0.624,0.088,0.1366,0.6373,0.7537
23,0.7674,11,0.9266,0.3583,0.085,0.1352,0.5516,0.7708
24,0.8008,1,0.1789,0.4759,0.124,0.0728,0.4615,0.9027
24,0.8008,2,0.7906,0.3574,0.1057,0.2283,0.6646,0.5144
24,0.8008,4,0.1879,0.2408,0.3757,0.4535,0.4037,0.0
24,0.8008,5,0.4553,0.2771,0.0881,0.076,0.8482,0.9206
24,0.8008,6,0.6263,0.5669,0.0369,0.0846,0.4898,0.8839
24,0.8008,7,0.6744,0.9814,0.0468,0.0352,0.4864,1.0
24,0.8008,8,0.9549,0.0391,0.0629,0.0779,0.5318,0.7967
24,0.8008,10,0.7497,0.6225,0.088,0.1379,0.6423,0.7537
24,0.8008,11,0.9272,0.3596,0.0849,0.1351,0.5938,0.7708
25,0.8342,1,0.1772,0.4761,0.1227,0.073,0.477,0.9027
25,0.8342,2,0.7921,0.3563,0.1054,0.2259,0.5377,0.5144
25,0.8342,4,0.1855,0.242,0.371,0.4511,0.4059,0.0
25,0.8342,5,0.4549,0.2779,0.0878,0.0757,0.8181,0.9206
25,0.8342,6,0.6259,0.5656,0.0373,0.0853,0.4249,0.8839
25,0.8342,7,0.6744,0.9814,0.0469,0.0352,0.468,1.0
25,0.8342,8,0.9541,0.039,0.0626,0.0779,0.7218,0.7967
25,0.8342,10,0.7496,0.6209,0.088,0.1391,0.5975,0.7537
25,0.8342,11,0.9278,0.3609,0.0848,0.1348,0.4159,0.7708
26,0.8675,1,0.1758,0.4762,0.1216,0.0732,0.4937,0.9027
26,0.8675,2,0.794,0.3562,0.1057,0.2246,0.6948,0.5144
26,0.8675,4,0.1834,0.2427,0.3667,0.4499,0.4915,0.0
26,0.8675,5,0.4546,0.2787,0.0876,0.0754,0.8236,0.9206
26,0.8675,6,0.6254,0.5642,0.0378,0.0862,0.5607,0.8839
26,0.8675,7,0.6744,0.9813,0.0469,0.0352,0.4516,1.0
26,0.8675,8,0.9533,0.0394,0.0629,0.0787,0.7633,0.7967
26,0.8675,10,0.7498,0.619,0.0878,0.1399,0.6297,0.7537
26,0.8675,11,0.9283,0.3621,0.0847,0.1346,0.6371,0.7708
27,0.9009,1,0.1745,0.4765,0.1206,0.0734,0.4189,0.9027
27,0.9009,2,0.7958,0.3567,0.1064,0.2242,0.6453,0.5144
27,0.9009,4,0.1817,0.2424,0.3633,0.4506,0.5607,0.0
27,0.9009,5,0.4544,0.2794,0.0876,0.0753,0.8141,0.9206
27,0.9009,6,0.6249,0.5629,0.0385,0.0871,0.677,0.8839
27,0.9009,7,0.6744,0.9813,0.0469,0.0352,0.4853,1.0
27,0.9009,8,0.9527,0.04,0.0635,0.0799,0.7086,0.7967
27,0.9009,10,0.7503,0.617,0.0873,0.1404,0.6657,0.7537
27,0.9009,11,0.9283,0.3633,0.0848,0.1343,0.5672,0.7708
28,0.9343,1,0.1732,0.4767,0.1197,0.0736,0.4853,0.9027
28,0.9343,2,0.7971,0.3566,0.1066,0.2225,0.7007,0.5144
28,0.9343,4,0.1801,0.242,0.3602,0.4519,0.4756,0.0
28,0.9343,5,0.4545,0.2802,0.0877,0.0753,0.8287,0.9206
28,0.9343,6,0.6244,0.5616,0.0392,0.0882,0.7118,0.8839
28,0.9343,7,0.6744,0.9813,0.047,0.0352,0.457,1.0
28,0.9343,8,0.9523,0.0406,0.0639,0.0811,0.7242,0.7967
28,0.9343,9,0.4754,0.975,0.0444,0.0472,0.2531,0.9741
28,0.9343,10,0.7511,0.6147,0.0867,0.1406,0.6646,0.7537
28,0.9343,11,0.928,0.3642,0.0853,0.1347,0.5872,0.7708
29,0.9676,1,0.1718,0.477,0.119,0.0737,0.5914,0.9027
29,0.9676,2,0.7987,0.3569,0.1068,0.221,0.7503,0.5144
29,0.9676,4,0.1777,0.244,0.3554,0.4482,0.4482,0.0
29,0.9676,5,0.4547,0.2811,0.0878,0.0752,0.8341,0.9206
29,0.9676,6,0.6239,0.5601,0.0402,0.0894,0.6779,0.8839
29,0.9676,7,0.6744,0.9813,0.047,0.0352,0.4645,1.0
29,0.9676,8,0.9518,0.0405,0.0634,0.081,0.7437,0.7967
29,0.9676,9,0.4754,0.975,0.0445,0.0472,0.2661,0.9741
29,0.9676,10,0.7523,0.6122,0.0859,0.1404,0.6275,0.7537
29,0.9676,11,0.9277,0.3677,0.0835,0.1315,0.5679,0.7708
30,1.001,1,0.1701,0.4773,0.1183,0.0739,0.63,0.9027
30,1.001,2,0.8002,0.3584,0.1077,0.2215,0.7309,0.5144
30,1.001,4,0.1759,0.2444,0.3518,0.4472,0.4637,0.0
30,1.001,5,0.4549,0.282,0.0878,0.075,0.8307,0.9206
30,1.001,6,0.6235,0.5587,0.0411,0.0906,0.6562,0.8839
30,1.001,7,0.6744,0.9813,0.047,0.0352,0.462,1.0
30,1.001,8,0.9512,0.0406,0.0631,0.0811,0.7682,0.7967
30,1.001,10,0.7535,0.6097,0.0851,0.1401,0.5861,0.7537
30,1.001,11,0.927,0.3734,0.0796,0.1241,0.5754,0.7708
31,1.0344,1,0.1687,0.4774,0.1181,0.0742,0.5927,0.9027
31,1.0344,2,0.8019,0.3593,0.1078,0.2206,0.7238,0.5144
31,1.0344,4,0.1732,0.2472,0.3465,0.4412,0.3324,0.0
31,1.0344,5,0.4554,0.2827,0.088,0.075,0.8088,0.9206
31,1.0344,6,0.6235,0.5575,0.0419,0.0911,0.6504,0.8839
31,1.0344,7,0.6744,0.9813,0.047,0.0352,0.4651,1.0
31,1.0344,8,0.9507,0.0416,0.064,0.0831,0.7632,0.7967
31,1.0344,9,0.4754,0.975,0.0445,0.0472,0.2535,0.9741
31,1.0344,10,0.755,0.6072,0.0844,0.14,0.586,0.7537
31,1.0344,11,0.9264,0.3788,0.0761,0.1171,0.4575,0.7708
32,1.0677,1,0.1673,0.4775,0.118,0.0746,0.6093,0.9027
32,1.0677,2,0.8036,0.3597,0.1078,0.2194,0.6908,0.5144
32,1.0677,4,0.17,0.2512,0.34,0.4331,0.3705,0.0
32,1.0677,5,0.4559,0.2833,0.0885,0.0753,0.7996,0.9206
32,1.0677,6,0.6237,0.5567,0.0428,0.0913,0.5782,0.8839
32,1.0677,7,0.6744,0.9813,0.0471,0.0352,0.4454,1.0
32,1.0677,8,0.9494,0.0424,0.0642,0.0846,0.7465,0.7967
32,1.0677,10,0.7579,0.6019,0.083,0.1382,0.4933,0.7537
33,1.1011,1,0.1664,0.4776,0.1179,0.075,0.49,0.9027
33,1.1011,2,0.8047,0.3594,0.1069,0.2168,0.5515,0.5144
33,1.1011,4,0.1664,0.2549,0.3328,0.4254,0.253,0.0
33,1.1011,5,0.4564,0.2837,0.0892,0.0757,0.7787,0.9206
33,1.1011,6,0.6241,0.5558,0.0435,0.0912,0.4479,0.8839
33,1.1011,7,0.6744,0.9813,0.0471,0.0352,0.4429,1.0
33,1.1011,8,0.9422,0.045,0.0656,0.0898,0.7153,0.7967
33,1.1011,10,0.7609,0.5967,0.082,0.1364,0.3912,0.7537
34,1.1345,1,0.1659,0.4777,0.1178,0.0753,0.5275,0.9027
34,1.1345,2,0.8055,0.3589,0.1059,0.2142,0.6071,0.5144
34,1.1345,4,0.1633,0.2564,0.3267,0.4226,0.3392,0.0
34,1.1345,5,0.4568,0.2842,0.0899,0.076,0.7924,0.9206
34,1.1345,6,0.6244,0.5549,0.0442,0.0909,0.5939,0.8839
34,1.1345,7,0.6744,0.9813,0.0471,0.0352,0.4799,1.0
34,1.1345,8,0.935,0.0481,0.0667,0.0959,0.6045,0.7967
34,1.1345,10,0.7621,0.5905,0.0818,0.1365,0.2966,0.7537
35,1.1678,1,0.1655,0.4778,0.1174,0.0753,0.5958,0.9027
35,1.1678,2,0.8062,0.3591,0.1055,0.213,0.6241,0.5144
35,1.1678,4,0.1604,0.2574,0.3209,0.4227,0.3041,0.0
35,1.1678,5,0.457,0.2853,0.0891,0.0749,0.7095,0.9206
35,1.1678,6,0.625,0.554,0.0447,0.0903,0.5368,0.8839
35,1.1678,7,0.6744,0.9813,0.0471,0.0352,0.4664,1.0
35,1.1678,8,0.9279,0.0516,0.0678,0.103,0.401,0.7967
35,1.1678,12,0.544,0.3233,0.0238,0.0405,0.3119,0.9899
36,1.2012,1,0.1655,0.478,0.117,0.0752,0.5477,0.9027
36,1.2012,2,0.8076,0.3597,0.1057,0.2126,0.6645,0.5144
36,1.2012,4,0.1584,0.2562,0.3168,0.4312,0.3483,0.0
36,1.2012,5,0.4569,0.2865,0.0877,0.073,0.6805,0.9206
36,1.2012,6,0.6256,0.5531,0.0449,0.0893,0.3543,0.8839
36,1.2012,7,0.6744,0.9813,0.0471,0.0352,0.4728,1.0
36,1.2012,12,0.5439,0.3231,0.024,0.0409,0.305,0.9899
37,1.2346,1,0.1658,0.4781,0.1167,0.0753,0.52,0.9027
37,1.2346,2,0.8094,0.3591,0.1054,0.2101,0.7155,0.5144
37,1.2346,4,0.1556,0.2567,0.3113,0.4384,0.3751,0.0
37,1.2346,5,0.4566,0.2871,0.0875,0.0721,0.6278,0.9206
37,1.2346,6,0.628,0.5523,0.0454,0.0882,0.2699,0.8839
37,1.2346,7,0.6744,0.9813,0.0471,0.0352,0.5143,1.0
37,1.2346,9,0.4753,0.9751,0.0444,0.0469,0.2562,0.9741
37,1.2346,12,0.5439,0.3229,0.0242,0.0412,0.309,0.9899
37,1.2346,13,0.958,0.1764,0.0837,0.352,0.6833,0.3313
38,1.2679,1,0.1664,0.4782,0.1164,0.0753,0.5953,0.9027
38,1.2679,2,0.8111,0.3591,0.106,0.2089,0.5569,0.5144
38,1.2679,4,0.1537,0.2548,0.3075,0.4512,0.3626,0.0
38,1.2679,5,0.4557,0.2878,0.0873,0.0712,0.7735,0.9206
38,1.2679,6,0.6298,0.5501,0.0472,0.0895,0.3811,0.8839
38,1.2679,7,0.6744,0.9813,0.0471,0.0352,0.5185,1.0
38,1.2679,9,0.4752,0.9751,0.0443,0.0467,0.2694,0.9741
38,1.2679,11,0.9238,0.3806,0.0779,0.1183,0.2815,0.7708
38,1.2679,12,0.5439,0.3228,0.0242,0.0413,0.332,0.9899
38,1.2679,13,0.9577,0.1771,0.0843,0.3529,0.7021,0.3313
39,1.3013,1,0.1671,0.4783,0.1159,0.0752,0.5376,0.9027
39,1.3013,2,0.8119,0.3589,0.1061,0.2067,0.5167,0.5144
39,1.3013,5,0.4544,0.2885,0.0868,0.07,0.7841,0.9206
39,1.3013,7,0.6744,0.9813,0.0472,0.0352,0.4943,1.0
39,1.3013,9,0.4752,0.9752,0.0443,0.0464,0.2537,0.9741
39,1.3013,10,0.7628,0.5843,0.0815,0.1368,0.2591,0.7537
39,1.3013,12,0.5439,0.3226,0.0243,0.0415,0.3232,0.9899
39,1.3013,13,0.9564,0.1835,0.0869,0.3654,0.6721,0.3313
40,1.3347,1,0.1678,0.4785,0.1154,0.0751,0.6424,0.9027
40,1.3347,2,0.8117,0.3593,0.1068,0.2056,0.4193,0.5144
40,1.3347,4,0.1523,0.2523,0.3047,0.466,0.3428,0.0
40,1.3347,5,0.4527,0.2891,0.0862,0.0687,0.8393,0.9206
40,1.3347,6,0.6316,0.5477,0.0502,0.0917,0.2508,0.8839
40,1.3347,7,0.6743,0.9813,0.0472,0.0353,0.5272,1.0
40,1.3347,10,0.7631,0.5782,0.0811,0.1375,0.3449,0.7537
40,1.3347,11,0.921,0.3822,0.0795,0.1199,0.3213,0.7708
40,1.3347,12,0.5439,0.3223,0.0244,0.0415,0.3473,0.9899
40,1.3347,13,0.9568,0.1832,0.0862,0.3646,0.5308,0.3313
41,1.368,1,0.1685,0.4785,0.1151,0.0751,0.6143,0.9027
41,1.368,2,0.8107,0.3602,0.1077,0.2051,0.6317,0.5144
41,1.368,4,0.1509,0.2525,0.3019,0.4773,0.3726,0.0
41,1.368,5,0.4509,0.2896,0.0857,0.0674,0.8495,0.9206
41,1.368,6,0.6331,0.5454,0.0539,0.0942,0.4058,0.8839
41,1.368,7,0.6743,0.9812,0.0473,0.0353,0.5306,1.0
41,1.368,11,0.9186,0.3837,0.0807,0.1216,0.2523,0.7708
41,1.368,12,0.5438,0.3219,0.0244,0.0415,0.2895,0.9899
42,1.4014,1,0.1692,0.4784,0.115,0.0754,0.6218,0.9027
42,1.4014,2,0.8092,0.3611,0.1087,0.2047,0.4466,0.5144
42,1.4014,4,0.1496,0.2552,0.2992,0.4834,0.3581,0.0
42,1.4014,5,0.4488,0.2894,0.0865,0.0676,0.8341,0.9206
42,1.4014,7,0.6743,0.9812,0.0474,0.0354,0.5273,1.0
42,1.4014,12,0.5438,0.3216,0.0243,0.0415,0.4364,0.9899
43,1.4348,1,0.1695,0.4783,0.115,0.0757,0.5767,0.9027
43,1.4348,2,0.8062,0.3621,0.1095,0.2046,0.355,0.5144
43,1.4348,4,0.149,0.2576,0.298,0.4878,0.3063,0.0
43,1.4348,5,0.4467,0.2889,0.0879,0.0683,0.8078,0.9206
43,1.4348,7,0.6743,0.9812,0.0474,0.0354,0.4877,1.0
43,1.4348,12,0.5438,0.3214,0.0243,0.0415,0.397,0.9899
43,1.4348,13,0.9559,0.1857,0.0872,0.3694,0.3391,0.3313
44,1.4681,1,0.1695,0.4783,0.1147,0.0759,0.5674,0.9027
44,1.4681,2,0.8022,0.3632,0.1101,0.2047,0.576,0.5144
44,1.4681,4,0.1493,0.2595,0.2987,0.489,0.4152,0.0
44,1.4681,5,0.4448,0.2888,0.0882,0.0682,0.7963,0.9206
44,1.4681,7,0.6743,0.9811,0.0474,0.0354,0.5211,1.0
44,1.4681,12,0.5438,0.3212,0.0243,0.0416,0.3693,0.9899
45,1.5015,1,0.1695,0.4783,0.1144,0.0759,0.5355,0.9027
45,1.5015,2,0.7977,0.3642,0.1106,0.2048,0.6257,0.5144
45,1.5015,4,0.1505,0.2605,0.3011,0.4888,0.4384,0.0
45,1.5015,5,0.443,0.2887,0.0886,0.0684,0.7928,0.9206
45,1.5015,7,0.6743,0.9811,0.0475,0.0355,0.5105,1.0
45,1.5015,12,0.5438,0.321,0.0244,0.0418,0.3731,0.9899
45,1.5015,13,0.9552,0.1858,0.0874,0.3695,0.254,0.3313
46,1.5349,1,0.1691,0.4782,0.1144,0.0761,0.4749,0.9027
46,1.5349,2,0.7931,0.3649,0.1115,0.206,0.7339,0.5144
46,1.5349,4,0.153,0.2613,0.3028,0.485,0.5036,0.0
46,1.5349,5,0.4414,0.2887,0.0889,0.0685,0.7917,0.9206
46,1.5349,7,0.6743,0.9811,0.0475,0.0355,0.5208,1.0
46,1.5349,10,0.7635,0.5721,0.0803,0.1378,0.5484,0.7537
46,1.5349,11,0.9165,0.3853,0.0815,0.1234,0.5073,0.7708
46,1.5349,12,0.5438,0.3208,0.0244,0.0422,0.3522,0.9899
46,1.5349,13,0.9545,0.1839,0.087,0.3655,0.5032,0.3313
47,1.5682,1,0.1686,0.4781,0.1147,0.0763,0.4701,0.9027
47,1.5682,2,0.7889,0.3652,0.1129,0.2083,0.7235,0.5144
47,1.5682,4,0.1566,0.2605,0.3063,0.4824,0.5311,0.0
47,1.5682,5,0.4402,0.2887,0.0891,0.0685,0.783,0.9206
47,1.5682,7,0.6742,0.9811,0.0474,0.0355,0.4998,1.0
47,1.5682,10,0.7636,0.5659,0.0792,0.1383,0.6056,0.7537
47,1.5682,11,0.9143,0.3841,0.0843,0.1293,0.5699,0.7708
47,1.5682,12,0.5437,0.3205,0.0245,0.0426,0.4293,0.9899
48,1.6016,1,0.1675,0.4781,0.1149,0.0765,0.4626,0.9027
48,1.6016,2,0.7847,0.3652,0.1147,0.2112,0.7274,0.5144
48,1.6016,4,0.1613,0.2583,0.3085,0.478,0.5139,0.0
48,1.6016,5,0.4392,0.2888,0.0892,0.0685,0.7695,0.9206
48,1.6016,7,0.6742,0.9811,0.0474,0.0355,0.4961,1.0
48,1.6016,10,0.7623,0.5625,0.0789,0.1405,0.4759,0.7537
48,1.6016,11,0.9125,0.3808,0.0888,0.1393,0.6307,0.7708
48,1.6016,12,0.5439,0.32,0.0245,0.0428,0.4706,0.9899
48,1.6016,13,0.9533,0.1815,0.087,0.3605,0.4063,0.3313
49,1.635,1,0.1663,0.4782,0.1153,0.0767,0.4898,0.9027
49,1.635,2,0.7805,0.3652,0.1166,0.2146,0.7262,0.5144
49,1.635,4,0.1657,0.2544,0.3108,0.4733,0.4359,0.0
49,1.635,5,0.4386,0.2891,0.0889,0.0681,0.7761,0.9206
49,1.635,7,0.6742,0.9811,0.0474,0.0355,0.4882,1.0
49,1.635,10,0.7607,0.5593,0.0781,0.1424,0.5038,0.7537
49,1.635,11,0.9112,0.3778,0.0924,0.1486,0.4977,0.7708
49,1.635,12,0.544,0.3195,0.0243,0.0429,0.5093,0.9899
49,1.635,13,0.9517,0.1801,0.0873,0.3581,0.3381,0.3313
50,1.6683,1,0.1644,0.4784,0.1157,0.0769,0.533,0.9027
50,1.6683,2,0.7766,0.3652,0.1187,0.2181,0.7586,0.5144
50,1.6683,4,0.1695,0.2514,0.3117,0.4662,0.487,0.0
50,1.6683,5,0.4382,0.2895,0.0885,0.0677,0.7649,0.9206
50,1.6683,7,0.6742,0.9811,0.0474,0.0355,0.5046,1.0
50,1.6683,10,0.761,0.5571,0.0764,0.1422,0.731,0.7537
50,1.6683,11,0.9118,0.3789,0.0901,0.149,0.5058,0.7708
50,1.6683,12,0.5441,0.319,0.0239,0.0426,0.5813,0.9899
50,1.6683,13,0.9507,0.1736,0.0861,0.3457,0.5028,0.3313
51,1.7017,1,0.1624,0.4786,0.1163,0.0771,0.5573,0.9027
51,1.7017,2,0.7733,0.3653,0.1208,0.2218,0.7068,0.5144
51,1.7017,4,0.1724,0.251,0.3087,0.4537,0.5048,0.0
51,1.7017,5,0.438,0.2902,0.0878,0.0669,0.7662,0.9206
51,1.7017,7,0.6742,0.9811,0.0474,0.0355,0.4903,1.0
51,1.7017,10,0.7614,0.555,0.0746,0.1413,0.3603,0.7537
51,1.7017,11,0.9129,0.3805,0.0876,0.1482,0.4275,0.7708
51,1.7017,12,0.5445,0.3185,0.0235,0.0424,0.4106,0.9899
52,1.7351,1,0.1603,0.4787,0.1169,0.0774,0.5283,0.9027
52,1.7351,2,0.7706,0.3656,0.123,0.2252,0.7529,0.5144
52,1.7351,4,0.174,0.2496,0.3072,0.4445,0.569,0.0
52,1.7351,5,0.4379,0.2909,0.087,0.066,0.7795,0.9206
52,1.7351,7,0.6742,0.9811,0.0474,0.0355,0.4618,1.0
52,1.7351,10,0.7621,0.5531,0.0727,0.1396,0.6398,0.7537
52,1.7351,11,0.9143,0.3822,0.0852,0.1469,0.4931,0.7708
52,1.7351,12,0.5451,0.3177,0.0229,0.0416,0.3611,0.9899
52,1.7351,13,0.9483,0.1721,0.0878,0.343,0.4487,0.3313
53,1.7684,1,0.1584,0.4789,0.1175,0.0776,0.4867,0.9027
53,1.7684,2,0.7682,0.3665,0.1247,0.2275,0.7281,0.5144
53,1.7684,4,0.1736,0.25,0.3046,0.4339,0.5045,0.0
53,1.7684,5,0.438,0.2915,0.0866,0.0653,0.7899,0.9206
53,1.7684,6,0.6346,0.5432,0.0581,0.0969,0.386,0.8839
53,1.7684,7,0.6742,0.9811,0.0473,0.0355,0.4623,1.0
53,1.7684,10,0.7627,0.5514,0.071,0.1376,0.5756,0.7537
53,1.7684,11,0.9152,0.384,0.0832,0.1448,0.6053,0.7708
53,1.7684,12,0.546,0.3168,0.0222,0.0406,0.3374,0.9899
53,1.7684,13,0.9464,0.1715,0.0896,0.342,0.3712,0.3313
54,1.8018,1,0.1565,0.479,0.1179,0.0777,0.4801,0.9027
54,1.8018,2,0.7666,0.368,0.126,0.2287,0.7808,0.5144
54,1.8018,4,0.1716,0.2522,0.2999,0.4205,0.5753,0.0
54,1.8018,5,0.4383,0.2926,0.0854,0.0639,0.7713,0.9206
54,1.8018,7,0.6742,0.9811,0.0473,0.0355,0.4583,1.0
54,1.8018,10,0.7633,0.5502,0.0692,0.1348,0.5664,0.7537
54,1.8018,11,0.9159,0.3859,0.0819,0.1425,0.579,0.7708
54,1.8018,13,0.9443,0.1711,0.0916,0.3413,0.2568,0.3313
55,1.8352,1,0.1548,0.4791,0.1182,0.0778,0.4796,0.9027
55,1.8352,2,0.7658,0.37,0.1271,0.2294,0.7735,0.5144
55,1.8352,4,0.1682,0.2535,0.2971,0.4112,0.5232,0.0
55,1.8352,5,0.4387,0.2939,0.0839,0.0621,0.7611,0.9206
55,1.8352,7,0.6742,0.9811,0.0473,0.0355,0.4837,1.0
55,1.8352,10,0.7639,0.5492,0.0675,0.1317,0.5514,0.7537
55,1.8352,11,0.9168,0.3882,0.0809,0.1391,0.6003,0.7708
55,1.8352,12,0.547,0.316,0.0215,0.0395,0.3314,0.9899
55,1.8352,13,0.9419,0.1714,0.0943,0.342,0.3419,0.3313
56,1.8685,1,0.1534,0.4791,0.1183,0.0777,0.551,0.9027
56,1.8685,2,0.7655,0.3725,0.1278,0.2292,0.7708,0.5144
56,1.8685,4,0.1639,0.2562,0.2926,0.4,0.576,0.0
56,1.8685,5,0.4391,0.2951,0.0828,0.0605,0.7714,0.9206
56,1.8685,7,0.6742,0.9811,0.0473,0.0355,0.442,1.0
56,1.8685,10,0.7646,0.5482,0.0658,0.1284,0.5877,0.7537
56,1.8685,11,0.9177,0.3903,0.0807,0.1361,0.6498,0.7708
56,1.8685,12,0.5479,0.3153,0.0209,0.0385,0.2793,0.9899
56,1.8685,13,0.9398,0.1723,0.0974,0.3439,0.4759,0.3313
57,1.9019,1,0.1526,0.4791,0.1184,0.0776,0.5848,0.9027
57,1.9019,2,0.7655,0.3751,0.1284,0.2286,0.7262,0.5144
57,1.9019,4,0.1592,0.2588,0.2875,0.3888,0.5762,0.0
57,1.9019,5,0.4393,0.2962,0.082,0.059,0.7899,0.9206
57,1.9019,6,0.6356,0.5411,0.0629,0.0999,0.4604,0.8839
57,1.9019,7,0.6741,0.9811,0.0472,0.0355,0.4575,1.0
57,1.9019,10,0.7654,0.5473,0.0644,0.125,0.5013,0.7537
57,1.9019,11,0.9188,0.3917,0.0815,0.1339,0.5486,0.7708
57,1.9019,13,0.9377,0.172,0.1,0.3434,0.5508,0.3313
58,1.9353,1,0.1521,0.4792,0.1182,0.0772,0.5682,0.9027
58,1.9353,2,0.7655,0.378,0.1289,0.2277,0.6974,0.5144
58,1.9353,4,0.1544,0.2583,0.2847,0.382,0.5327,0.0
58,1.9353,5,0.4395,0.2963,0.0838,0.0595,0.7735,0.9206
58,1.9353,6,0.6362,0.5393,0.0683,0.1032,0.5578,0.8839
58,1.9353,7,0.6741,0.9811,0.0472,0.0355,0.4426,1.0
58,1.9353,10,0.7666,0.5465,0.0631,0.1215,0.5088,0.7537
58,1.9353,11,0.9199,0.3926,0.083,0.1325,0.7054,0.7708
58,1.9353,13,0.9356,0.1709,0.1022,0.3411,0.5779,0.3313
59,1.9686,1,0.1519,0.4794,0.1175,0.0766,0.5653,0.9027
59,1.9686,2,0.766,0.3814,0.1293,0.2262,0.6754,0.5144
59,1.9686,4,0.15,0.2588,0.2787,0.3711,0.5324,0.0
59,1.9686,5,0.4395,0.296,0.0867,0.061,0.7286,0.9206
59,1.9686,6,0.6351,0.5376,0.0738,0.1065,0.312,0.8839
59,1.9686,7,0.6742,0.9811,0.0473,0.0355,0.4832,1.0
59,1.9686,10,0.7678,0.5456,0.0623,0.1185,0.3836,0.7537
59,1.9686,11,0.9207,0.3931,0.0851,0.1319,0.6882,0.7708
59,1.9686,12,0.5488,0.315,0.0201,0.0371,0.2533,0.9899
59,1.9686,13,0.9334,0.169,0.1042,0.3372,0.5311,0.3313
60,2.002,1,0.1517,0.4797,0.1166,0.0757,0.5931,0.9027
60,2.002,2,0.7669,0.3852,0.1299,0.2249,0.717,0.5144
60,2.002,4,0.1464,0.2556,0.2757,0.365,0.5789,0.0
60,2.002,5,0.4394,0.2955,0.0898,0.0627,0.5441,0.9206
60,2.002,6,0.634,0.5372,0.0783,0.1076,0.4039,0.8839
60,2.002,7,0.6741,0.9811,0.0473,0.0355,0.4837,1.0
60,2.002,10,0.7695,0.5428,0.0633,0.1183,0.4349,0.7537
60,2.002,11,0.9221,0.3935,0.0871,0.1313,0.6719,0.7708
60,2.002,12,0.5498,0.3149,0.0193,0.0354,0.3016,0.9899
60,2.002,13,0.931,0.1664,0.1061,0.3318,0.6134,0.3313
61,2.0354,1,0.1522,0.4802,0.1158,0.0748,0.5015,0.9027
61,2.0354,2,0.7678,0.3889,0.1308,0.2238,0.7165,0.5144
61,2.0354,4,0.1444,0.2507,0.2744,0.3613,0.4853,0.0
61,2.0354,5,0.439,0.2954,0.0918,0.0637,0.6658,0.9206
61,2.0354,7,0.6741,0.9811,0.0473,0.0355,0.505,1.0
61,2.0354,10,0.7714,0.5397,0.0648,0.1191,0.3729,0.7537
61,2.0354,11,0.9229,0.3937,0.0895,0.1315,0.7194,0.7708
61,2.0354,12,0.5511,0.3149,0.0186,0.0338,0.3124,0.9899
61,2.0354,13,0.9285,0.1648,0.1089,0.3286,0.6355,0.3313
61,2.0354,14,0.1867,0.8521,0.0311,0.1089,0.3186,0.827
62,2.0687,1,0.1529,0.4807,0.1153,0.074,0.4785,0.9027
62,2.0687,4,0.1439,0.2443,0.2744,0.3593,0.4494,0.0
62,2.0687,5,0.4382,0.2954,0.0933,0.0645,0.588,0.9206
62,2.0687,6,0.6326,0.5393,0.0789,0.1035,0.3503,0.8839
62,2.0687,7,0.6741,0.9811,0.0473,0.0355,0.4835,1.0
62,2.0687,10,0.7734,0.5363,0.0667,0.1203,0.2985,0.7537
62,2.0687,11,0.9231,0.3929,0.0923,0.1326,0.6483,0.7708
62,2.0687,12,0.5525,0.3151,0.018,0.0326,0.2692,0.9899
62,2.0687,13,0.9261,0.1623,0.1112,0.3235,0.6368,0.3313
62,2.0687,14,0.1867,0.8521,0.0311,0.1089,0.3089,0.827
63,2.1021,1,0.1537,0.4811,0.1153,0.0733,0.4699,0.9027
63,2.1021,2,0.7685,0.3922,0.1326,0.2237,0.3742,0.5144
63,2.1021,5,0.437,0.2954,0.0946,0.0651,0.434,0.9206
63,2.1021,6,0.6307,0.5419,0.0785,0.0982,0.3697,0.8839
63,2.1021,7,0.6741,0.9811,0.0473,0.0355,0.4836,1.0
63,2.1021,11,0.9226,0.3922,0.0949,0.1335,0.5458,0.7708
63,2.1021,12,0.5535,0.3155,0.0176,0.0317,0.2708,0.9899
63,2.1021,13,0.924,0.1578,0.1125,0.3143,0.4374,0.3313
63,2.1021,14,0.1867,0.8521,0.0311,0.1089,0.3031,0.827
64,2.1355,1,0.1543,0.4815,0.1155,0.0727,0.5218,0.9027
64,2.1355,2,0.7665,0.3958,0.1338,0.2235,0.3632,0.5144
64,2.1355,4,0.1447,0.2366,0.2766,0.3602,0.3259,0.0
64,2.1355,5,0.4356,0.2947,0.098,0.0675,0.5466,0.9206
64,2.1355,6,0.6287,0.545,0.0776,0.0923,0.3033,0.8839
64,2.1355,7,0.6741,0.9811,0.0473,0.0355,0.4777,1.0
64,2.1355,13,0.922,0.1546,0.1146,0.3078,0.4131,0.3313
64,2.1355,14,0.1867,0.8521,0.0311,0.1089,0.2871,0.827
65,2.1688,1,0.1543,0.4819,0.116,0.0722,0.5,0.9027
65,2.1688,2,0.7613,0.3998,0.1339,0.2229,0.4658,0.5144
65,2.1688,4,0.1466,0.2276,0.2801,0.3627,0.3009,0.0
65,2.1688,5,0.4339,0.2945,0.0998,0.0688,0.6059,0.9206
65,2.1688,7,0.6741,0.9811,0.0473,0.0355,0.4467,1.0
65,2.1688,10,0.7756,0.533,0.0687,0.1218,0.2874,0.7537
65,2.1688,11,0.9217,0.3916,0.0973,0.1339,0.5995,0.7708
65,2.1688,13,0.9203,0.1518,0.1171,0.3022,0.3264,0.3313
65,2.1688,14,0.1867,0.8522,0.0311,0.1089,0.2535,0.827
66,2.2022,1,0.1538,0.4822,0.1173,0.0722,0.5164,0.9027
66,2.2022,2,0.7549,0.4041,0.133,0.2218,0.5201,0.5144
66,2.2022,4,0.1498,0.2185,0.2848,0.3663,0.3403,0.0
66,2.2022,5,0.4321,0.2947,0.101,0.0699,0.465,0.9206
66,2.2022,6,0.626,0.5479,0.0766,0.0864,0.2738,0.8839
66,2.2022,7,0.6742,0.9811,0.0473,0.0355,0.4531,1.0
66,2.2022,10,0.7776,0.5302,0.0705,0.1228,0.5113,0.7537
66,2.2022,11,0.9207,0.3908,0.0996,0.1342,0.2732,0.7708
66,2.2022,12,0.559,0.3169,0.0179,0.0323,0.2536,0.9899
66,2.2022,13,0.9189,0.1497,0.12,0.2982,0.5653,0.3313
66,2.2022,14,0.1867,0.8522,0.0311,0.1089,0.2845,0.827
67,2.2356,1,0.1527,0.4821,0.1195,0.0727,0.4483,0.9027
67,2.2356,2,0.7469,0.4081,0.1319,0.2215,0.3227,0.5144
67,2.2356,4,0.1541,0.2097,0.2904,0.3703,0.3485,0.0
67,2.2356,5,0.4303,0.2951,0.1015,0.0705,0.7395,0.9206
67,2.2356,6,0.6245,0.5507,0.0761,0.0807,0.278,0.8839
67,2.2356,7,0.6743,0.9811,0.0473,0.0355,0.4792,1.0
67,2.2356,10,0.7795,0.5267,0.0729,0.1253,0.5248,0.7537
67,2.2356,11,0.9194,0.3897,0.1018,0.134,0.5497,0.7708
67,2.2356,12,0.5644,0.3184,0.0183,0.033,0.2977,0.9899
67,2.2356,13,0.918,0.1479,0.1228,0.2947,0.2623,0.3313
67,2.2356,14,0.1866,0.8522,0.0311,0.1089,0.262,0.827
68,2.2689,1,0.1504,0.4822,0.1214,0.0731,0.466,0.9027
68,2.2689,2,0.7388,0.4118,0.1306,0.2217,0.6456,0.5144
68,2.2689,4,0.1589,0.2026,0.2956,0.373,0.4162,0.0
68,2.2689,5,0.4287,0.2947,0.1037,0.0726,0.7647,0.9206
68,2.2689,7,0.6743,0.9811,0.0473,0.0355,0.4987,1.0
68,2.2689,10,0.7812,0.5227,0.0758,0.1291,0.3303,0.7537
68,2.2689,11,0.9182,0.3886,0.1042,0.1338,0.6196,0.7708
68,2.2689,12,0.5701,0.3196,0.019,0.0343,0.2773,0.9899
68,2.2689,13,0.9179,0.1443,0.1241,0.2876,0.6396,0.3313
68,2.2689,14,0.1865,0.8522,0.0312,0.1088,0.2643,0.827
69,2.3023,1,0.1463,0.4823,0.1228,0.0735,0.3993,0.9027
69,2.3023,2,0.73,0.4162,0.129,0.2227,0.5618,0.5144
69,2.3023,3,0.8148,0.3475,0.0603,0.1239,0.4532,0.7462
69,2.3023,4,0.1635,0.1964,0.3005,0.3749,0.4355,0.0
69,2.3023,5,0.4273,0.2948,0.1052,0.0744,0.7597,0.9206
69,2.3023,6,0.6227,0.5528,0.0764,0.076,0.2755,0.8839
69,2.3023,7,0.6744,0.9811,0.0474,0.0355,0.4471,1.0
69,2.3023,10,0.7826,0.5199,0.0776,0.1312,0.371,0.7537
69,2.3023,11,0.9176,0.3875,0.1062,0.1328,0.5452,0.7708
69,2.3023,13,0.9187,0.1409,0.125,0.2808,0.6477,0.3313
70,2.3357,1,0.1415,0.4826,0.1236,0.0737,0.3307,0.9027
70,2.3357,2,0.7203,0.421,0.1267,0.2231,0.6516,0.5144
70,2.3357,3,0.8179,0.3461,0.0618,0.1238,0.475,0.7462
70,2.3357,4,0.1676,0.1915,0.3049,0.3756,0.4345,0.0
70,2.3357,5,0.4258,0.2954,0.1063,0.0761,0.6826,0.9206
70,2.3357,7,0.6745,0.9811,0.0474,0.0355,0.3847,1.0
70,2.3357,10,0.7848,0.517,0.0787,0.1329,0.4277,0.7537
70,2.3357,13,0.9202,0.138,0.1257,0.2751,0.7391,0.3313
70,2.3357,15,0.9325,0.6726,0.1184,0.4649,0.3268,0.0
71,2.369,1,0.1369,0.4829,0.1245,0.074,0.4631,0.9027
71,2.369,2,0.7128,0.4252,0.1244,0.2231,0.6394,0.5144
71,2.369,3,0.8207,0.3444,0.0634,0.1238,0.4451,0.7462
71,2.369,4,0.1709,0.1878,0.3076,0.3738,0.5376,0.0
71,2.369,5,0.4245,0.2971,0.1047,0.0756,0.7002,0.9206
71,2.369,6,0.6215,0.5553,0.0761,0.0707,0.2671,0.8839
71,2.369,7,0.6745,0.9812,0.0474,0.0355,0.3827,1.0
71,2.369,10,0.7872,0.5143,0.0792,0.1343,0.4704,0.7537
71,2.369,11,0.918,0.3863,0.1082,0.1318,0.526,0.7708
71,2.369,13,0.9222,0.1344,0.1254,0.2682,0.68,0.3313
71,2.369,14,0.1864,0.8522,0.0312,0.1087,0.2585,0.827
72,2.4024,1,0.1326,0.4832,0.1256,0.0745,0.6735,0.9027
72,2.4024,2,0.7082,0.4288,0.1233,0.2239,0.6714,0.5144
72,2.4024,3,0.8235,0.3425,0.0651,0.1239,0.4892,0.7462
72,2.4024,4,0.1735,0.1854,0.3096,0.3706,0.5641,0.0
72,2.4024,5,0.4236,0.2994,0.1015,0.0738,0.7685,0.9206
72,2.4024,6,0.6208,0.5552,0.0802,0.0709,0.3028,0.8839
72,2.4024,7,0.6746,0.9812,0.0474,0.0356,0.3846,1.0
72,2.4024,10,0.7894,0.5115,0.0797,0.1365,0.4231,0.7537
72,2.4024,11,0.9192,0.3851,0.1104,0.1312,0.6225,0.7708
72,2.4024,13,0.9247,0.1306,0.1243,0.2607,0.6962,0.3313
72,2.4024,15,0.9315,0.6739,0.1188,0.4641,0.3485,0.0
73,2.4358,1,0.1284,0.4835,0.1265,0.0749,0.6268,0.9027
73,2.4358,2,0.7045,0.4322,0.1231,0.2254,0.5251,0.5144
73,2.4358,3,0.8231,0.3397,0.0669,0.1261,0.7236,0.7462
73,2.4358,4,0.1751,0.1829,0.3103,0.3658,0.4308,0.0
73,2.4358,5,0.4229,0.3023,0.0975,0.0711,0.7726,0.9206
73,2.4358,6,0.6204,0.5541,0.0853,0.0727,0.3766,0.8839
73,2.4358,7,0.6746,0.9812,0.0475,0.0356,0.4015,1.0
73,2.4358,11,0.9209,0.384,0.1126,0.1306,0.5975,0.7708
73,2.4358,13,0.9265,0.1263,0.1219,0.2521,0.6937,0.3313
73,2.4358,15,0.9308,0.6746,0.1194,0.4637,0.3605,0.0
74,2.4691,1,0.1247,0.4838,0.127,0.0751,0.6543,0.9027
74,2.4691,2,0.7013,0.4357,0.1233,0.2267,0.7141,0.5144
74,2.4691,3,0.8229,0.3368,0.0684,0.1285,0.7266,0.7462
74,2.4691,4,0.1757,0.1802,0.3103,0.3604,0.4403,0.0
74,2.4691,5,0.4224,0.305,0.0945,0.0689,0.7339,0.9206
74,2.4691,6,0.6186,0.5526,0.0899,0.0749,0.3326,0.8839
74,2.4691,7,0.6747,0.9812,0.0474,0.0355,0.3796,1.0
74,2.4691,10,0.7914,0.508,0.0806,0.1399,0.6057,0.7537
74,2.4691,11,0.923,0.383,0.1145,0.1298,0.5158,0.7708
74,2.4691,13,0.9292,0.1213,0.1185,0.2421,0.6243,0.3313
74,2.4691,14,0.1863,0.8522,0.0313,0.1087,0.2548,0.827
75,2.5025,1,0.1217,0.4839,0.1286,0.076,0.6204,0.9027
75,2.5025,2,0.698,0.4395,0.1237,0.228,0.717,0.5144
75,2.5025,3,0.8229,0.3344,0.0691,0.1298,0.7123,0.7462
75,2.5025,4,0.1754,0.1773,0.3096,0.3546,0.5315,0.0
75,2.5025,5,0.422,0.3076,0.093,0.0678,0.7697,0.9206
75,2.5025,6,0.6167,0.5513,0.0934,0.0769,0.2738,0.8839
75,2.5025,7,0.6747,0.9812,0.0475,0.0355,0.3614,1.0
75,2.5025,10,0.793,0.505,0.0808,0.1428,0.5082,0.7537
75,2.5025,11,0.9255,0.3822,0.1163,0.1292,0.3588,0.7708
75,2.5025,13,0.9318,0.1159,0.1147,0.2315,0.5337,0.3313
75,2.5025,14,0.1863,0.8521,0.0314,0.1086,0.3119,0.827
75,2.5025,15,0.9302,0.6757,0.1202,0.4641,0.4088,0.0
76,2.5359,1,0.12,0.4838,0.1309,0.0773,0.6209,0.9027
76,2.5359,2,0.6951,0.4426,0.124,0.2288,0.7485,0.5144
76,2.5359,3,0.8232,0.3323,0.0692,0.1303,0.712,0.7462
76,2.5359,4,0.1742,0.1742,0.3083,0.3483,0.56,0.0
76,2.5359,5,0.4217,0.3101,0.0919,0.0669,0.7485,0.9206
76,2.5359,6,0.6134,0.5504,0.0955,0.0783,0.32,0.8839
76,2.5359,7,0.6747,0.9812,0.0474,0.0355,0.3715,1.0
76,2.5359,10,0.7947,0.5025,0.0803,0.1448,0.5074,0.7537
76,2.5359,11,0.9286,0.3812,0.1176,0.1287,0.4895,0.7708
76,2.5359,13,0.934,0.1103,0.1105,0.2204,0.2635,0.3313
76,2.5359,14,0.1862,0.8521,0.0314,0.1086,0.3274,0.827
76,2.5359,15,0.9287,0.6785,0.1212,0.4632,0.5204,0.0
77,2.5692,1,0.1192,0.4835,0.1336,0.0787,0.4682,0.9027
77,2.5692,2,0.693,0.4458,0.1245,0.2292,0.7594,0.5144
77,2.5692,3,0.8236,0.3305,0.0692,0.1307,0.7137,0.7462
77,2.5692,4,0.1722,0.171,0.3066,0.3419,0.5426,0.0
77,2.5692,5,0.4219,0.3125,0.0907,0.0658,0.6852,0.9206
77,2.5692,7,0.6747,0.9812,0.0474,0.0355,0.3435,1.0
77,2.5692,10,0.7957,0.5005,0.0792,0.1463,0.5774,0.7537
77,2.5692,11,0.9318,0.3801,0.1185,0.1282,0.4601,0.7708
77,2.5692,13,0.9363,0.1044,0.1055,0.2087,0.7009,0.3313
77,2.5692,14,0.1862,0.8521,0.0315,0.1085,0.2914,0.827
77,2.5692,15,0.9278,0.6838,0.1231,0.4651,0.3443,0.0
78,2.6026,1,0.1182,0.4832,0.1362,0.0801,0.4907,0.9027
78,2.6026,2,0.6912,0.4495,0.1255,0.2304,0.7504,0.5144
78,2.6026,3,0.8242,0.3289,0.069,0.131,0.6876,0.7462
78,2.6026,4,0.1697,0.168,0.3047,0.336,0.4633,0.0
78,2.6026,5,0.4223,0.3146,0.0905,0.0654,0.6952,0.9206
78,2.6026,6,0.6102,0.5503,0.0956,0.0783,0.2525,0.8839
78,2.6026,7,0.6747,0.9812,0.0475,0.0355,0.3497,1.0
78,2.6026,10,0.7957,0.4991,0.0781,0.1474,0.5275,0.7537
78,2.6026,11,0.9344,0.3786,0.1191,0.1286,0.5282,0.7708
78,2.6026,13,0.9365,0.098,0.0999,0.1959,0.6489,0.3313
78,2.6026,14,0.1862,0.8521,0.0316,0.1085,0.2988,0.827
78,2.6026,15,0.9271,0.6889,0.1253,0.4678,0.4591,0.0
79,2.636,1,0.1173,0.4828,0.1386,0.0815,0.5333,0.9027
79,2.636,2,0.6899,0.4538,0.1264,0.2312,0.7744,0.5144
79,2.636,3,0.8249,0.3275,0.0686,0.131,0.661,0.7462
79,2.636,4,0.167,0.1656,0.3033,0.3312,0.4982,0.0
79,2.636,5,0.4227,0.3163,0.0916,0.066,0.6903,0.9206
79,2.636,7,0.6747,0.9812,0.0475,0.0356,0.3698,1.0
79,2.636,10,0.7956,0.4978,0.0771,0.1486,0.4706,0.7537
79,2.636,11,0.9367,0.3771,0.1188,0.1289,0.6255,0.7708
79,2.636,13,0.9357,0.0914,0.0943,0.1828,0.418,0.3313
79,2.636,14,0.1862,0.8521,0.0317,0.1084,0.3096,0.827
79,2.636,15,0.9269,0.6932,0.1279,0.4729,0.5267,0.0
80,2.6693,1,0.1168,0.4825,0.1405,0.0827,0.7039,0.9027
80,2.6693,2,0.689,0.4582,0.1273,0.2315,0.7584,0.5144
80,2.6693,3,0.8256,0.3259,0.0684,0.1311,0.6877,0.7462
80,2.6693,4,0.1644,0.1642,0.3032,0.3285,0.4754,0.0
80,2.6693,5,0.4231,0.3179,0.0925,0.0665,0.7157,0.9206
80,2.6693,6,0.6064,0.5501,0.0955,0.0788,0.2812,0.8839
80,2.6693,7,0.6747,0.9812,0.0476,0.0356,0.3563,1.0
80,2.6693,10,0.7954,0.4966,0.076,0.1494,0.2887,0.7537
80,2.6693,11,0.9386,0.3752,0.1181,0.1294,0.585,0.7708
80,2.6693,13,0.9368,0.0878,0.0914,0.1755,0.281,0.3313
80,2.6693,14,0.1862,0.8521,0.0317,0.1084,0.3265,0.827
80,2.6693,15,0.9269,0.6977,0.1301,0.4768,0.4081,0.0
81,2.7027,1,0.1169,0.4822,0.1425,0.0839,0.6765,0.9027
81,2.7027,2,0.6884,0.4629,0.1281,0.2315,0.7775,0.5144
81,2.7027,3,0.8264,0.3242,0.0683,0.1314,0.6569,0.7462
81,2.7027,4,0.1622,0.164,0.3046,0.3281,0.4911,0.0
81,2.7027,5,0.4235,0.3194,0.0932,0.0668,0.7278,0.9206
81,2.7027,6,0.6022,0.5502,0.0931,0.0777,0.3352,0.8839
81,2.7027,7,0.6747,0.9812,0.0476,0.0356,0.3649,1.0
81,2.7027,10,0.7961,0.4959,0.0743,0.1493,0.3921,0.7537
81,2.7027,11,0.9403,0.3734,0.1171,0.1312,0.6199,0.7708
81,2.7027,13,0.9367,0.0841,0.0884,0.1681,0.4534,0.3313
81,2.7027,14,0.1863,0.852,0.0317,0.1084,0.3357,0.827
81,2.7027,15,0.927,0.7031,0.1324,0.4814,0.4255,0.0
82,2.7361,1,0.1172,0.482,0.1437,0.0845,0.6761,0.9027
82,2.7361,2,0.6879,0.4678,0.1287,0.2309,0.7799,0.5144
82,2.7361,3,0.8272,0.3226,0.0684,0.1317,0.796,0.7462
82,2.7361,4,0.1607,0.1649,0.3071,0.3298,0.4537,0.0
82,2.7361,5,0.4239,0.3212,0.0932,0.0665,0.5739,0.9206
82,2.7361,6,0.598,0.5506,0.0897,0.076,0.5525,0.8839
82,2.7361,7,0.6747,0.9812,0.0476,0.0357,0.3874,1.0
82,2.7361,10,0.7973,0.4951,0.0724,0.1492,0.5219,0.7537
82,2.7361,11,0.9419,0.3715,0.1156,0.1333,0.6529,0.7708
82,2.7361,13,0.9361,0.0803,0.0852,0.1605,0.6175,0.3313
82,2.7361,14,0.1863,0.852,0.0318,0.1083,0.3712,0.827
82,2.7361,15,0.9272,0.7094,0.1346,0.4862,0.4837,0.0
83,2.7694,1,0.1176,0.4821,0.1443,0.0847,0.6293,0.9027
83,2.7694,2,0.6875,0.4732,0.1291,0.2297,0.7719,0.5144
83,2.7694,3,0.8282,0.3212,0.0686,0.1319,0.7728,0.7462
83,2.7694,4,0.1601,0.1665,0.3104,0.3329,0.3653,0.0
83,2.7694,5,0.4243,0.3224,0.0943,0.067,0.7475,0.9206
83,2.7694,6,0.5953,0.551,0.0869,0.0748,0.3941,0.8839
83,2.7694,7,0.6747,0.9812,0.0477,0.0357,0.3646,1.0
83,2.7694,8,0.9211,0.055,0.0685,0.1098,0.6636,0.7967
83,2.7694,10,0.7986,0.4946,0.0704,0.1486,0.6236,0.7537
83,2.7694,11,0.9431,0.3693,0.1139,0.1354,0.6975,0.7708
83,2.7694,14,0.1863,0.852,0.0318,0.1083,0.3778,0.827
83,2.7694,15,0.9276,0.716,0.1361,0.4894,0.2945,0.0
84,2.8028,1,0.1178,0.4823,0.1448,0.0847,0.5496,0.9027
84,2.8028,2,0.687,0.4788,0.1293,0.2281,0.6842,0.5144
84,2.8028,3,0.8294,0.3198,0.0692,0.1325,0.7348,0.7462
84,2.8028,4,0.1602,0.1685,0.3144,0.3369,0.3734,0.0
84,2.8028,5,0.4244,0.3232,0.0967,0.0687,0.6448,0.9206
84,2.8028,6,0.5933,0.5509,0.0847,0.0741,0.5266,0.8839
84,2.8028,7,0.6747,0.9812,0.0477,0.0357,0.3671,1.0
84,2.8028,8,0.9144,0.0587,0.0692,0.1172,0.668,0.7967
84,2.8028,9,0.4751,0.9752,0.0443,0.0462,0.2524,0.9741
84,2.8028,10,0.8004,0.4943,0.0685,0.1478,0.6144,0.7537
84,2.8028,11,0.944,0.367,0.112,0.138,0.7033,0.7708
84,2.8028,14,0.1863,0.852,0.0318,0.1083,0.3632,0.827
84,2.8028,15,0.9281,0.7225,0.1362,0.4871,0.3756,0.0
85,2.8362,1,0.1179,0.4825,0.1454,0.0847,0.5289,0.9027
85,2.8362,2,0.6865,0.4847,0.1295,0.2262,0.6225,0.5144
85,2.8362,3,0.8303,0.3185,0.0703,0.1335,0.7388,0.7462
85,2.8362,4,0.1614,0.1706,0.3186,0.3412,0.4232,0.0
85,2.8362,5,0.4243,0.324,0.0987,0.0701,0.7348,0.9206
85,2.8362,6,0.5915,0.5503,0.083,0.0736,0.4985,0.8839
85,2.8362,7,0.6747,0.9812,0.0477,0.0357,0.3519,1.0
85,2.8362,8,0.908,0.0618,0.069,0.1233,0.7377,0.7967
85,2.8362,9,0.475,0.9753,0.0444,0.0461,0.3266,0.9741
85,2.8362,10,0.8026,0.4929,0.0657,0.1443,0.6301,0.7537
85,2.8362,11,0.945,0.3649,0.1099,0.1399,0.6949,0.7708
85,2.8362,14,0.1863,0.852,0.0318,0.1083,0.3646,0.827
85,2.8362,15,0.9288,0.7284,0.1366,0.4871,0.3464,0.0
86,2.8695,1,0.1173,0.4827,0.1461,0.0847,0.5618,0.9027
86,2.8695,2,0.6858,0.4908,0.1297,0.2242,0.6781,0.5144
86,2.8695,3,0.8313,0.3173,0.0717,0.1346,0.7352,0.7462
86,2.8695,4,0.1638,0.1727,0.3229,0.3453,0.4564,0.0
86,2.8695,5,0.4242,0.3253,0.1,0.071,0.7627,0.9206
86,2.8695,6,0.5896,0.5495,0.0817,0.0737,0.6252,0.8839
86,2.8695,7,0.6747,0.9812,0.0477,0.0358,0.3629,1.0
86,2.8695,8,0.9025,0.065,0.069,0.1296,0.7249,0.7967
86,2.8695,9,0.475,0.9754,0.0445,0.046,0.2969,0.9741
86,2.8695,10,0.805,0.4908,0.0627,0.14,0.5804,0.7537
86,2.8695,11,0.9459,0.3626,0.1083,0.1422,0.6497,0.7708
86,2.8695,14,0.1862,0.852,0.0319,0.1083,0.3482,0.827
86,2.8695,15,0.9295,0.7339,0.1366,0.4858,0.3072,0.0
87,2.9029,1,0.116,0.4829,0.1471,0.0847,0.5939,0.9027
87,2.9029,2,0.6849,0.4966,0.1303,0.2226,0.6768,0.5144
87,2.9029,3,0.8324,0.3162,0.0733,0.1356,0.7475,0.7462
87,2.9029,4,0.1674,0.1744,0.327,0.3488,0.4266,0.0
87,2.9029,5,0.4239,0.3266,0.1017,0.0723,0.7348,0.9206
87,2.9029,6,0.5875,0.5485,0.0804,0.0738,0.6109,0.8839
87,2.9029,7,0.6747,0.9812,0.0478,0.0358,0.3412,1.0
87,2.9029,8,0.9032,0.0664,0.068,0.1324,0.6468,0.7967
87,2.9029,9,0.4749,0.9756,0.0446,0.0458,0.2578,0.9741
87,2.9029,10,0.8073,0.49,0.0611,0.1382,0.4606,0.7537
87,2.9029,11,0.9466,0.3604,0.1069,0.1446,0.6463,0.7708
87,2.9029,14,0.1862,0.852,0.0319,0.1083,0.3209,0.827
87,2.9029,15,0.9302,0.7393,0.1366,0.4846,0.337,0.0
88,2.9363,1,0.1137,0.4831,0.1481,0.0848,0.5588,0.9027
88,2.9363,2,0.6838,0.502,0.1314,0.2218,0.5833,0.5144
88,2.9363,3,0.8335,0.3152,0.0748,0.1362,0.6918,0.7462
88,2.9363,4,0.1719,0.1756,0.3308,0.3513,0.3179,0.0
88,2.9363,5,0.4241,0.3283,0.1023,0.0728,0.6666,0.9206
88,2.9363,6,0.5851,0.5476,0.0791,0.0741,0.5649,0.8839
88,2.9363,7,0.6747,0.9812,0.0478,0.0358,0.3326,1.0
88,2.9363,8,0.904,0.0672,0.0671,0.1341,0.7119,0.7967
88,2.9363,10,0.8089,0.4896,0.0603,0.1373,0.3322,0.7537
88,2.9363,11,0.9472,0.3579,0.1056,0.146,0.5609,0.7708
88,2.9363,14,0.1862,0.852,0.0319,0.1083,0.2714,0.827
89,2.9696,2,0.6822,0.5068,0.1329,0.2219,0.7103,0.5144
89,2.9696,3,0.8346,0.3142,0.0764,0.1367,0.7148,0.7462
89,2.9696,4,0.1771,0.1768,0.3353,0.3535,0.3935,0.0
89,2.9696,5,0.4237,0.3299,0.1027,0.0732,0.7365,0.9206
89,2.9696,6,0.5829,0.5466,0.0778,0.0746,0.5128,0.8839
89,2.9696,7,0.6748,0.9812,0.0478,0.0358,0.3464,1.0
89,2.9696,8,0.9046,0.068,0.0666,0.1355,0.7588,0.7967
89,2.9696,10,0.8103,0.4897,0.0599,0.1367,0.35,0.7537
89,2.9696,11,0.9479,0.3554,0.1043,0.1472,0.5978,0.7708
89,2.9696,14,0.1862,0.852,0.032,0.1083,0.3099,0.827
89,2.9696,15,0.9306,0.7441,0.1363,0.483,0.2735,0.0
90,3.003,1,0.1105,0.4833,0.1493,0.0851,0.2688,0.9027
90,3.003,2,0.6784,0.5114,0.1339,0.2222,0.7585,0.5144
90,3.003,3,0.8356,0.3134,0.0782,0.1375,0.7336,0.7462
90,3.003,4,0.1829,0.1779,0.3407,0.3557,0.3815,0.0
90,3.003,5,0.4229,0.3315,0.1029,0.0735,0.7451,0.9206
90,3.003,6,0.5808,0.5457,0.0763,0.075,0.4983,0.8839
90,3.003,7,0.6748,0.9812,0.0478,0.0358,0.373,1.0
90,3.003,8,0.9051,0.0689,0.0664,0.1373,0.7814,0.7967
90,3.003,10,0.8117,0.49,0.0597,0.136,0.4026,0.7537
90,3.003,11,0.9484,0.353,0.1033,0.1483,0.6559,0.7708
90,3.003,14,0.1862,0.852,0.032,0.1083,0.3279,0.827
90,3.003,15,0.9307,0.7474,0.1355,0.4786,0.3822,0.0
91,3.0364,1,0.1066,0.4832,0.1507,0.0856,0.4791,0.9027
91,3.0364,2,0.6729,0.5154,0.1357,0.2233,0.676,0.5144
91,3.0364,3,0.8368,0.313,0.0791,0.1367,0.7246,0.7462
91,3.0364,4,0.1892,0.1792,0.3469,0.3584,0.425,0.0
91,3.0364,5,0.4219,0.3337,0.1016,0.0724,0.7294,0.9206
91,3.0364,6,0.5796,0.5454,0.0754,0.075,0.4616,0.8839
91,3.0364,7,0.6748,0.9812,0.0478,0.0358,0.3698,1.0
91,3.0364,8,0.9056,0.0701,0.0666,0.1397,0.777,0.7967
91,3.0364,10,0.8134,0.4903,0.0598,0.1356,0.3106,0.7537
91,3.0364,11,0.9488,0.3505,0.1025,0.1489,0.648,0.7708
91,3.0364,14,0.1863,0.852,0.032,0.1084,0.3286,0.827
91,3.0364,15,0.9305,0.7501,0.1356,0.4775,0.424,0.0
92,3.0697,1,0.1024,0.483,0.1518,0.0861,0.6034,0.9027
92,3.0697,2,0.6683,0.5189,0.1375,0.2249,0.6998,0.5144
92,3.0697,3,0.8379,0.3127,0.0806,0.1371,0.7585,0.7462
92,3.0697,4,0.1951,0.1808,0.3541,0.3616,0.4923,0.0
92,3.0697,5,0.4208,0.3361,0.1,0.0709,0.7466,0.9206
92,3.0697,6,0.5784,0.5451,0.0744,0.075,0.441,0.8839
92,3.0697,7,0.6748,0.9812,0.0478,0.0358,0.3882,1.0
92,3.0697,8,0.9058,0.0718,0.0672,0.1429,0.8106,0.7967
92,3.0697,10,0.8148,0.4917,0.0613,0.1381,0.658,0.7537
92,3.0697,11,0.9492,0.3483,0.1017,0.1494,0.7321,0.7708
92,3.0697,14,0.1863,0.8521,0.0321,0.1084,0.3575,0.827
92,3.0697,15,0.9298,0.7511,0.1364,0.4784,0.5477,0.0
93,3.1031,1,0.0985,0.4828,0.153,0.0868,0.59,0.9027
93,3.1031,2,0.6621,0.5222,0.1396,0.2269,0.4225,0.5144
93,3.1031,3,0.8385,0.3125,0.0823,0.1381,0.689,0.7462
93,3.1031,4,0.2002,0.1828,0.3621,0.3655,0.4138,0.0
93,3.1031,5,0.4197,0.3386,0.0992,0.0699,0.6636,0.9206
93,3.1031,6,0.5773,0.5449,0.0732,0.0749,0.3031,0.8839
93,3.1031,7,0.6748,0.9812,0.0478,0.0358,0.376,1.0
93,3.1031,8,0.9058,0.0736,0.0679,0.1464,0.7695,0.7967
93,3.1031,10,0.8161,0.4936,0.0632,0.1414,0.5339,0.7537
93,3.1031,11,0.9494,0.3456,0.1012,0.1508,0.681,0.7708
93,3.1031,14,0.1863,0.8521,0.0321,0.1085,0.3035,0.827
93,3.1031,15,0.929,0.7531,0.1367,0.4767,0.5256,0.0
94,3.1365,1,0.0951,0.4824,0.1543,0.0875,0.5553,0.9027
94,3.1365,2,0.6567,0.5256,0.1409,0.2284,0.4714,0.5144
94,3.1365,3,0.8387,0.3118,0.0836,0.1385,0.5857,0.7462
94,3.1365,4,0.2042,0.1852,0.3708,0.3703,0.4401,0.0
94,3.1365,5,0.4184,0.3413,0.0993,0.0696,0.312,0.9206
94,3.1365,7,0.6748,0.9812,0.0478,0.0358,0.3841,1.0
94,3.1365,8,0.9055,0.0753,0.0683,0.1495,0.7473,0.7967
94,3.1365,10,0.8175,0.4944,0.064,0.1423,0.6027,0.7537
94,3.1365,11,0.9496,0.343,0.1008,0.1523,0.6712,0.7708
94,3.1365,14,0.1863,0.8521,0.0321,0.1085,0.3125,0.827
94,3.1365,15,0.928,0.7556,0.137,0.4748,0.4929,0.0
95,3.1698,1,0.0922,0.4819,0.1554,0.0883,0.5026,0.9027
95,3.1698,2,0.6503,0.5292,0.1419,0.2295,0.4095,0.5144
95,3.1698,3,0.8384,0.3113,0.085,0.1393,0.5502,0.7462
95,3.1698,4,0.2072,0.188,0.3799,0.376,0.4372,0.0
95,3.1698,5,0.419,0.3432,0.0995,0.0697,0.3744,0.9206
95,3.1698,7,0.6748,0.9812,0.0478,0.0358,0.314,1.0
95,3.1698,8,0.905,0.0775,0.0683,0.152,0.7796,0.7967
95,3.1698,10,0.8191,0.4945,0.0646,0.1427,0.5778,0.7537
95,3.1698,11,0.95,0.3405,0.1001,0.1536,0.6787,0.7708
95,3.1698,14,0.1863,0.8521,0.0321,0.1086,0.2952,0.827
95,3.1698,15,0.9272,0.7589,0.1371,0.4715,0.4302,0.0
96,3.2032,1,0.0897,0.4814,0.1564,0.0891,0.6288,0.9027
96,3.2032,2,0.6442,0.5329,0.1428,0.23,0.4179,0.5144
96,3.2032,3,0.8377,0.3111,0.0865,0.1403,0.6892,0.7462
96,3.2032,4,0.209,0.1909,0.3884,0.3818,0.4398,0.0
96,3.2032,5,0.4201,0.345,0.099,0.0698,0.4033,0.9206
96,3.2032,7,0.6748,0.9811,0.0478,0.0358,0.3703,1.0
96,3.2032,8,0.9044,0.0797,0.068,0.1537,0.764,0.7967
96,3.2032,10,0.8206,0.4943,0.0651,0.1429,0.5774,0.7537
96,3.2032,11,0.9503,0.3384,0.0995,0.1554,0.6298,0.7708
96,3.2032,14,0.1863,0.8521,0.0322,0.1086,0.3028,0.827
96,3.2032,15,0.9264,0.7619,0.1372,0.4679,0.3948,0.0
97,3.2366,1,0.0879,0.481,0.1573,0.0898,0.7019,0.9027
97,3.2366,2,0.6402,0.5362,0.1446,0.2312,0.4085,0.5144
97,3.2366,3,0.8368,0.311,0.088,0.1411,0.625,0.7462
97,3.2366,4,0.2098,0.1939,0.3964,0.3878,0.5076,0.0
97,3.2366,5,0.4213,0.3469,0.0981,0.0698,0.3513,0.9206
97,3.2366,7,0.6748,0.9811,0.0479,0.0358,0.3708,1.0
97,3.2366,8,0.9036,0.0816,0.067,0.1537,0.7434,0.7967
97,3.2366,10,0.8219,0.4939,0.0655,0.143,0.2758,0.7537
97,3.2366,11,0.9505,0.3363,0.0991,0.1578,0.661,0.7708
97,3.2366,14,0.1863,0.8521,0.0322,0.1086,0.2783,0.827
97,3.2366,15,0.926,0.7651,0.1377,0.4661,0.5139,0.0
98,3.2699,1,0.0867,0.4805,0.158,0.0903,0.6714,0.9027
98,3.2699,2,0.6381,0.5393,0.1459,0.2323,0.5618,0.5144
98,3.2699,3,0.8354,0.311,0.0899,0.1429,0.7461,0.7462
98,3.2699,4,0.2101,0.1971,0.4032,0.3943,0.4848,0.0
98,3.2699,7,0.6749,0.9811,0.0479,0.0359,0.3682,1.0
98,3.2699,8,0.9027,0.083,0.0654,0.152,0.7374,0.7967
98,3.2699,11,0.9507,0.3343,0.0986,0.1604,0.7362,0.7708
98,3.2699,14,0.1863,0.8521,0.0322,0.1086,0.2956,0.827
98,3.2699,15,0.9262,0.7672,0.138,0.4635,0.4153,0.0
99,3.3033,1,0.0858,0.4801,0.1586,0.0907,0.6531,0.9027
99,3.3033,2,0.6353,0.5422,0.1475,0.2336,0.6978,0.5144
99,3.3033,3,0.8342,0.3108,0.0908,0.1426,0.6725,0.7462
99,3.3033,4,0.21,0.2005,0.4087,0.4009,0.411,0.0
99,3.3033,7,0.6749,0.9811,0.0479,0.0359,0.3535,1.0
99,3.3033,8,0.9016,0.0845,0.0637,0.1498,0.7363,0.7967
99,3.3033,11,0.951,0.3321,0.098,0.163,0.6917,0.7708
99,3.3033,14,0.1864,0.8521,0.0323,0.1086,0.2804,0.827
99,3.3033,15,0.9269,0.7688,0.1378,0.4608,0.3624,0.0
100,3.3367,1,0.085,0.4797,0.159,0.091,0.7208,0.9027
100,3.3367,2,0.6355,0.5447,0.1486,0.2351,0.7222,0.5144
100,3.3367,3,0.8335,0.3103,0.0912,0.1417,0.6993,0.7462
100,3.3367,4,0.2097,0.204,0.4128,0.4078,0.5056,0.0
100,3.3367,5,0.4226,0.3482,0.0976,0.0706,0.4643,0.9206
100,3.3367,7,0.675,0.9811,0.048,0.0359,0.3723,1.0
100,3.3367,8,0.9003,0.0862,0.0619,0.1473,0.7525,0.7967
100,3.3367,10,0.8232,0.493,0.0659,0.1433,0.3794,0.7537
100,3.3367,11,0.9515,0.3304,0.0971,0.1645,0.6829,0.7708
100,3.3367,14,0.1864,0.8521,0.0323,0.1086,0.3022,0.827
100,3.3367,15,0.9281,0.7699,0.137,0.4588,0.4363,0.0
101,3.37,1,0.0846,0.4793,0.1593,0.0911,0.7071,0.9027
101,3.37,2,0.6354,0.547,0.1498,0.2367,0.7869,0.5144
101,3.37,3,0.8333,0.3102,0.0914,0.1407,0.7038,0.7462
101,3.37,4,0.2093,0.2073,0.4155,0.4143,0.4938,0.0
101,3.37,5,0.4217,0.3501,0.0959,0.07,0.55,0.9206
101,3.37,7,0.675,0.9811,0.048,0.0359,0.3508,1.0
101,3.37,8,0.899,0.0883,0.0603,0.1448,0.757,0.7967
101,3.37,10,0.8241,0.4922,0.0661,0.1435,0.2962,0.7537
101,3.37,11,0.9519,0.3286,0.0962,0.1655,0.703,0.7708
101,3.37,14,0.1864,0.8521,0.0323,0.1085,0.2756,0.827
101,3.37,15,0.9293,0.7703,0.1361,0.4566,0.2788,0.0
102,3.4034,1,0.0843,0.4789,0.1592,0.091,0.5793,0.9027
102,3.4034,2,0.6369,0.5489,0.1507,0.2385,0.7308,0.5144
102,3.4034,3,0.8332,0.3101,0.0918,0.1401,0.6542,0.7462
102,3.4034,4,0.2091,0.2108,0.4172,0.4211,0.4986,0.0
102,3.4034,7,0.675,0.9811,0.048,0.0359,0.3622,1.0
102,3.4034,8,0.8976,0.0903,0.059,0.1429,0.7603,0.7967
102,3.4034,10,0.8247,0.4914,0.0662,0.1435,0.4292,0.7537
102,3.4034,11,0.953,0.3272,0.0941,0.163,0.5814,0.7708
102,3.4034,14,0.1865,0.8521,0.0323,0.1085,0.2917,0.827
103,3.4368,1,0.0844,0.4787,0.159,0.0907,0.4311,0.9027
103,3.4368,2,0.6387,0.5505,0.1512,0.2402,0.7293,0.5144
103,3.4368,3,0.8332,0.31,0.0921,0.1393,0.6663,0.7462
103,3.4368,4,0.2093,0.2149,0.4186,0.429,0.4865,0.0
103,3.4368,5,0.4181,0.3521,0.0933,0.069,0.2867,0.9206
103,3.4368,7,0.675,0.9811,0.0481,0.0359,0.3656,1.0
103,3.4368,8,0.8961,0.0924,0.0578,0.1411,0.7456,0.7967
103,3.4368,11,0.9546,0.326,0.0909,0.1588,0.5489,0.7708
103,3.4368,15,0.9307,0.7704,0.1348,0.4522,0.2736,0.0
104,3.4701,1,0.0846,0.4785,0.1587,0.0901,0.4453,0.9027
104,3.4701,2,0.6407,0.5522,0.1511,0.2415,0.4957,0.5144
104,3.4701,3,0.8333,0.3098,0.0923,0.1386,0.5621,0.7462
104,3.4701,4,0.2096,0.219,0.4192,0.437,0.4592,0.0
104,3.4701,5,0.415,0.354,0.0894,0.0668,0.3525,0.9206
104,3.4701,7,0.675,0.9811,0.0481,0.0359,0.3514,1.0
104,3.4701,8,0.8944,0.0943,0.0566,0.1389,0.6431,0.7967
104,3.4701,11,0.9563,0.3251,0.0873,0.1535,0.427,0.7708
104,3.4701,12,0.5766,0.3202,0.0193,0.0351,0.2572,0.9899
105,3.5035,1,0.0849,0.4782,0.1586,0.0895,0.4094,0.9027
105,3.5035,2,0.6427,0.5539,0.1504,0.2424,0.6031,0.5144
105,3.5035,3,0.8336,0.3092,0.0925,0.1381,0.6244,0.7462
105,3.5035,4,0.2102,0.2234,0.4205,0.4456,0.4783,0.0
105,3.5035,7,0.675,0.9811,0.0481,0.0359,0.3674,1.0
105,3.5035,8,0.8926,0.0961,0.0555,0.1369,0.7262,0.7967
105,3.5035,9,0.4749,0.9756,0.0448,0.0459,0.2917,0.9741
105,3.5035,10,0.8251,0.4908,0.0663,0.1438,0.429,0.7537
105,3.5035,12,0.5827,0.3208,0.0195,0.0357,0.2522,0.9899
105,3.5035,14,0.1865,0.8521,0.0323,0.1084,0.2931,0.827
106,3.5369,1,0.0849,0.4779,0.1589,0.0891,0.4403,0.9027
106,3.5369,2,0.6447,0.5558,0.1494,0.2432,0.5388,0.5144
106,3.5369,3,0.834,0.3088,0.0925,0.1376,0.6526,0.7462
106,3.5369,4,0.2127,0.2282,0.4255,0.4546,0.4502,0.0
106,3.5369,7,0.675,0.9811,0.0481,0.0359,0.3757,1.0
106,3.5369,8,0.8907,0.0979,0.0544,0.1345,0.6444,0.7967
106,3.5369,9,0.4749,0.9757,0.045,0.046,0.3696,0.9741
106,3.5369,10,0.8252,0.4901,0.0661,0.1435,0.3192,0.7537
106,3.5369,12,0.5887,0.3213,0.0197,0.0362,0.4277,0.9899
106,3.5369,14,0.1863,0.8521,0.0324,0.1085,0.2518,0.827
107,3.5702,1,0.0849,0.4777,0.159,0.0885,0.5505,0.9027
107,3.5702,2,0.6456,0.5577,0.1484,0.2438,0.5901,0.5144
107,3.5702,3,0.8343,0.3089,0.0922,0.1369,0.7254,0.7462
107,3.5702,4,0.2164,0.2328,0.4326,0.4634,0.4786,0.0
107,3.5702,7,0.675,0.9811,0.0481,0.0358,0.3618,1.0
107,3.5702,8,0.8888,0.0991,0.053,0.131,0.7458,0.7967
107,3.5702,9,0.4749,0.9758,0.0452,0.0461,0.4538,0.9741
107,3.5702,10,0.825,0.4895,0.0657,0.1431,0.6468,0.7537
107,3.5702,11,0.958,0.3241,0.0839,0.1476,0.3961,0.7708
107,3.5702,14,0.1861,0.8522,0.0325,0.1086,0.2725,0.827
107,3.5702,15,0.9321,0.7704,0.1334,0.4478,0.2517,0.0
108,3.6036,1,0.0848,0.4775,0.1593,0.0881,0.464,0.9027
108,3.6036,2,0.6462,0.5597,0.1473,0.2442,0.5317,0.5144
108,3.6036,3,0.8343,0.3093,0.0923,0.1368,0.626,0.7462
108,3.6036,4,0.2235,0.2374,0.4403,0.4721,0.3583,0.0
108,3.6036,5,0.4098,0.3562,0.0862,0.0644,0.4521,0.9206
108,3.6036,7,0.675,0.9811,0.048,0.0358,0.3186,1.0
108,3.6036,8,0.887,0.1,0.0515,0.1271,0.6617,0.7967
108,3.6036,9,0.475,0.9759,0.0453,0.0462,0.4101,0.9741
108,3.6036,10,0.8245,0.4887,0.0652,0.1427,0.4561,0.7537
108,3.6036,11,0.96,0.3238,0.0799,0.141,0.4963,0.7708
109,3.637,1,0.0846,0.4773,0.1599,0.0878,0.5715,0.9027
109,3.637,2,0.6466,0.5616,0.1461,0.2441,0.6574,0.5144
109,3.637,3,0.8345,0.3097,0.0917,0.136,0.6746,0.7462
109,3.637,7,0.675,0.9811,0.048,0.0357,0.2835,1.0
109,3.637,8,0.8853,0.1008,0.0502,0.1232,0.7216,0.7967
109,3.637,9,0.4749,0.9759,0.0452,0.0461,0.4322,0.9741
109,3.637,10,0.8236,0.4884,0.0644,0.142,0.5916,0.7537
109,3.637,11,0.9619,0.3237,0.0761,0.134,0.6252,0.7708
109,3.637,15,0.9333,0.772,0.131,0.4395,0.3415,0.0
110,3.6703,1,0.0835,0.4771,0.1594,0.0876,0.4545,0.9027
110,3.6703,2,0.6469,0.5638,0.1447,0.2437,0.5721,0.5144
110,3.6703,3,0.8348,0.3101,0.0909,0.1352,0.603,0.7462
110,3.6703,4,0.2343,0.2417,0.4477,0.4803,0.2851,0.0
110,3.6703,5,0.4051,0.3588,0.0843,0.0624,0.4868,0.9206
110,3.6703,7,0.675,0.9811,0.048,0.0357,0.2921,1.0
110,3.6703,8,0.8838,0.1012,0.049,0.1194,0.6222,0.7967
110,3.6703,9,0.4749,0.976,0.0452,0.046,0.4096,0.9741
110,3.6703,10,0.8226,0.488,0.0635,0.1408,0.4742,0.7537
110,3.6703,11,0.9637,0.3238,0.0725,0.1272,0.5601,0.7708
110,3.6703,15,0.9344,0.7709,0.1296,0.4359,0.3098,0.0
111,3.7037,1,0.0819,0.4768,0.1584,0.0875,0.4546,0.9027
111,3.7037,2,0.6474,0.5659,0.1433,0.2431,0.6867,0.5144
111,3.7037,3,0.8352,0.3101,0.0899,0.1342,0.5982,0.7462
111,3.7037,4,0.244,0.2456,0.4564,0.4879,0.3916,0.0
111,3.7037,5,0.4007,0.3613,0.0827,0.0601,0.5022,0.9206
111,3.7037,7,0.675,0.9811,0.048,0.0357,0.2763,1.0
111,3.7037,8,0.8824,0.102,0.0485,0.1173,0.7427,0.7967
111,3.7037,9,0.4749,0.976,0.0452,0.0459,0.3996,0.9741
111,3.7037,10,0.8218,0.4876,0.0624,0.1395,0.5873,0.7537
111,3.7037,11,0.9653,0.3234,0.0695,0.1234,0.4487,0.7708
111,3.7037,12,0.5947,0.3217,0.0199,0.0367,0.3588,0.9899
111,3.7037,15,0.935,0.771,0.1283,0.4323,0.3628,0.0
112,3.7371,1,0.0806,0.4766,0.1579,0.0875,0.4324,0.9027
112,3.7371,2,0.6481,0.568,0.1417,0.2422,0.5218,0.5144
112,3.7371,3,0.8353,0.3101,0.0887,0.1332,0.5898,0.7462
112,3.7371,4,0.2538,0.2497,0.4665,0.4957,0.4623,0.0
112,3.7371,5,0.3961,0.3639,0.0816,0.0578,0.6086,0.9206
112,3.7371,7,0.675,0.9811,0.048,0.0356,0.2605,1.0
112,3.7371,8,0.8813,0.1028,0.0481,0.1153,0.7511,0.7967
112,3.7371,9,0.4748,0.976,0.0452,0.0459,0.3555,0.9741
112,3.7371,10,0.821,0.4869,0.0613,0.138,0.4952,0.7537
112,3.7371,11,0.9664,0.3229,0.0671,0.1205,0.4958,0.7708
112,3.7371,12,0.5964,0.3211,0.0195,0.0359,0.328,0.9899
113,3.7704,1,0.0803,0.4764,0.1578,0.0875,0.3144,0.9027
113,3.7704,2,0.6487,0.57,0.14,0.2409,0.6188,0.5144
113,3.7704,3,0.8352,0.3099,0.0878,0.1327,0.5272,0.7462
113,3.7704,4,0.2631,0.2533,0.4767,0.5028,0.5024,0.0
113,3.7704,5,0.3934,0.3653,0.0829,0.058,0.6303,0.9206
113,3.7704,7,0.675,0.9811,0.0481,0.0356,0.2868,1.0
113,3.7704,8,0.8805,0.1033,0.0478,0.1133,0.6647,0.7967
113,3.7704,9,0.4748,0.976,0.0452,0.0458,0.3842,0.9741
113,3.7704,10,0.8202,0.4863,0.0602,0.1366,0.3903,0.7537
113,3.7704,11,0.9675,0.3221,0.065,0.1185,0.4889,0.7708
113,3.7704,12,0.5983,0.3204,0.0192,0.0351,0.3161,0.9899
113,3.7704,15,0.9352,0.7713,0.1274,0.4269,0.2524,0.0
114,3.8038,1,0.0786,0.4761,0.1553,0.0875,0.2582,0.9027
114,3.8038,2,0.6492,0.572,0.1381,0.2392,0.7298,0.5144
114,3.8038,3,0.8349,0.3096,0.0872,0.1325,0.4821,0.7462
114,3.8038,4,0.2704,0.2567,0.4843,0.5096,0.5216,0.0
114,3.8038,5,0.3929,0.3661,0.0847,0.0586,0.6089,0.9206
114,3.8038,7,0.675,0.9811,0.0481,0.0356,0.2867,1.0
114,3.8038,8,0.8799,0.104,0.0478,0.112,0.7098,0.7967
114,3.8038,9,0.4748,0.9761,0.0452,0.0458,0.4134,0.9741
114,3.8038,10,0.8199,0.4855,0.0593,0.1352,0.5002,0.7537
114,3.8038,11,0.9689,0.3214,0.0623,0.1163,0.5044,0.7708
114,3.8038,12,0.5996,0.3199,0.0187,0.0343,0.3097,0.9899
114,3.8038,14,0.1859,0.8523,0.0327,0.1088,0.252,0.827
115,3.8372,1,0.0775,0.4758,0.1539,0.0876,0.4332,0.9027
115,3.8372,2,0.6496,0.5739,0.1363,0.2375,0.6715,0.5144
115,3.8372,3,0.8348,0.3093,0.0867,0.1329,0.5505,0.7462
115,3.8372,4,0.2776,0.2599,0.4898,0.5163,0.4622,0.0
115,3.8372,5,0.3916,0.3669,0.0862,0.0593,0.5479,0.9206
115,3.8372,7,0.675,0.9811,0.0482,0.0357,0.2549,1.0
115,3.8372,8,0.8793,0.1048,0.048,0.1113,0.7346,0.7967
115,3.8372,9,0.4748,0.976,0.0453,0.0458,0.4134,0.9741
115,3.8372,10,0.82,0.4847,0.0586,0.1337,0.5536,0.7537
115,3.8372,11,0.9699,0.3207,0.0603,0.1148,0.5564,0.7708
115,3.8372,12,0.6001,0.3197,0.0187,0.0342,0.3823,0.9899
116,3.8705,1,0.0767,0.4755,0.1528,0.0877,0.2997,0.9027
116,3.8705,2,0.6501,0.5758,0.1344,0.2356,0.6361,0.5144
116,3.8705,3,0.8346,0.309,0.0865,0.1335,0.7189,0.7462
116,3.8705,4,0.2822,0.2631,0.4946,0.523,0.3763,0.0
116,3.8705,5,0.3894,0.3676,0.0874,0.0601,0.6623,0.9206
116,3.8705,8,0.8789,0.1056,0.0482,0.1105,0.7124,0.7967
116,3.8705,10,0.8202,0.4836,0.058,0.1323,0.5865,0.7537
116,3.8705,11,0.971,0.3201,0.0581,0.1134,0.5696,0.7708
116,3.8705,12,0.6004,0.3195,0.0188,0.0343,0.3257,0.9899
116,3.8705,15,0.9355,0.7722,0.1263,0.4203,0.3164,0.0
117,3.9039,1,0.0764,0.4751,0.1523,0.0879,0.2895,0.9027
117,3.9039,2,0.6506,0.5775,0.1325,0.2335,0.7332,0.5144
117,3.9039,3,0.8343,0.3087,0.0863,0.1344,0.714,0.7462
117,3.9039,4,0.2827,0.2666,0.4993,0.53,0.395,0.0
117,3.9039,5,0.3862,0.3683,0.0879,0.061,0.654,0.9206
117,3.9039,8,0.8785,0.1067,0.0484,0.1101,0.7445,0.7967
117,3.9039,10,0.8207,0.4821,0.0578,0.1315,0.6521,0.7537
117,3.9039,11,0.9721,0.3193,0.0558,0.1118,0.6005,0.7708
117,3.9039,16,0.5677,0.5292,0.084,0.0706,0.3358,0.911
118,3.9373,1,0.0765,0.4747,0.1524,0.088,0.3809,0.9027
118,3.9373,2,0.651,0.5791,0.1306,0.2313,0.7574,0.5144
118,3.9373,3,0.834,0.3087,0.0863,0.1355,0.6293,0.7462
118,3.9373,4,0.2807,0.2696,0.5026,0.5363,0.4405,0.0
118,3.9373,5,0.3825,0.3691,0.0877,0.0618,0.6291,0.9206
118,3.9373,8,0.8782,0.1079,0.0489,0.1103,0.7449,0.7967
118,3.9373,10,0.8212,0.4803,0.058,0.1312,0.6814,0.7537
118,3.9373,11,0.9726,0.3189,0.0549,0.1109,0.5794,0.7708
118,3.9373,16,0.5674,0.5291,0.0836,0.0703,0.422,0.911
119,3.9706,1,0.0762,0.4744,0.1518,0.0881,0.3655,0.9027
119,3.9706,2,0.6514,0.5804,0.1288,0.2292,0.7003,0.5144
119,3.9706,3,0.8338,0.3087,0.0865,0.137,0.6691,0.7462
119,3.9706,4,0.277,0.272,0.5044,0.5413,0.4578,0.0
119,3.9706,5,0.3788,0.37,0.0871,0.0627,0.4195,0.9206
119,3.9706,8,0.8778,0.109,0.0493,0.1106,0.715,0.7967
119,3.9706,10,0.8218,0.4786,0.0582,0.1312,0.6766,0.7537
119,3.9706,11,0.9729,0.3185,0.0541,0.11,0.6319,0.7708
119,3.9706,16,0.5671,0.5289,0.0833,0.07,0.4805,0.911
120,4.004,1,0.0752,0.4742,0.1505,0.0881,0.4323,0.9027
120,4.004,2,0.6518,0.5814,0.127,0.2269,0.6797,0.5144
120,4.004,3,0.8341,0.3088,0.0863,0.1381,0.5568,0.7462
120,4.004,4,0.2726,0.274,0.5039,0.5453,0.474,0.0
120,4.004,5,0.3753,0.3714,0.0848,0.0626,0.4734,0.9206
120,4.004,8,0.8771,0.1103,0.0496,0.1108,0.6973,0.7967
120,4.004,10,0.8224,0.4765,0.0587,0.1316,0.7331,0.7537
120,4.004,11,0.9732,0.3183,0.0536,0.1086,0.5552,0.7708
120,4.004,16,0.5668,0.5288,0.0829,0.0697,0.4481,0.911
121,4.0374,1,0.0757,0.4742,0.1514,0.0883,0.3796,0.9027
121,4.0374,2,0.6525,0.5822,0.1255,0.2249,0.5769,0.5144
121,4.0374,3,0.8353,0.3088,0.0859,0.1392,0.4605,0.7462
121,4.0374,4,0.2678,0.2752,0.5013,0.5478,0.4618,0.0
121,4.0374,5,0.3721,0.3731,0.082,0.0621,0.4576,0.9206
121,4.0374,8,0.8762,0.1117,0.0497,0.1107,0.6374,0.7967
121,4.0374,10,0.8228,0.4744,0.0591,0.1322,0.7031,0.7537
121,4.0374,11,0.9734,0.3181,0.0533,0.1081,0.3797,0.7708
121,4.0374,16,0.5661,0.5283,0.0819,0.0688,0.533,0.911
122,4.0707,1,0.0755,0.4742,0.1509,0.0885,0.406,0.9027
122,4.0707,2,0.6536,0.5827,0.1239,0.2229,0.5573,0.5144
122,4.0707,3,0.837,0.3084,0.0854,0.1403,0.6004,0.7462
122,4.0707,4,0.2613,0.2759,0.4977,0.5492,0.4375,0.0
122,4.0707,5,0.3692,0.3746,0.0799,0.0621,0.5563,0.9206
122,4.0707,8,0.8753,0.1131,0.0498,0.1107,0.6669,0.7967
122,4.0707,10,0.8232,0.4722,0.0595,0.1329,0.7205,0.7537
122,4.0707,11,0.9736,0.3178,0.0529,0.1073,0.5511,0.7708
122,4.0707,16,0.5654,0.5278,0.081,0.0679,0.5864,0.911
123,4.1041,1,0.075,0.4741,0.1499,0.0887,0.4888,0.9027
123,4.1041,2,0.6549,0.5827,0.1225,0.2212,0.5262,0.5144
123,4.1041,3,0.8392,0.3074,0.0854,0.1425,0.7454,0.7462
123,4.1041,4,0.2539,0.2761,0.4935,0.5498,0.4246,0.0
123,4.1041,5,0.3668,0.3761,0.0779,0.0622,0.5499,0.9206
123,4.1041,8,0.8744,0.1144,0.05,0.111,0.6604,0.7967
123,4.1041,10,0.8235,0.47,0.0599,0.1337,0.6314,0.7537
123,4.1041,11,0.9737,0.3176,0.0525,0.107,0.4829,0.7708
123,4.1041,16,0.5646,0.5274,0.0806,0.0673,0.6256,0.911
124,4.1375,1,0.0739,0.4749,0.1478,0.0892,0.4351,0.9027
124,4.1375,2,0.6563,0.5825,0.1212,0.2198,0.4244,0.5144
124,4.1375,3,0.8418,0.3058,0.0851,0.1442,0.6805,0.7462
124,4.1375,4,0.2464,0.2758,0.4891,0.5494,0.4564,0.0
124,4.1375,5,0.3647,0.3775,0.0761,0.0625,0.4329,0.9206
124,4.1375,8,0.8733,0.1156,0.0499,0.1107,0.6254,0.7967
124,4.1375,10,0.8238,0.4681,0.0602,0.1345,0.5594,0.7537
124,4.1375,11,0.9739,0.3175,0.0522,0.1076,0.5773,0.7708
124,4.1375,14,0.1856,0.8523,0.0328,0.1089,0.2572,0.827
124,4.1375,16,0.5636,0.5269,0.0805,0.067,0.4447,0.911
125,4.1708,1,0.072,0.4755,0.144,0.0899,0.3894,0.9027
125,4.1708,2,0.658,0.5822,0.1198,0.2185,0.5238,0.5144
125,4.1708,3,0.8446,0.3035,0.0843,0.1447,0.7415,0.7462
125,4.1708,4,0.2421,0.2751,0.4839,0.548,0.4233,0.0
125,4.1708,5,0.3629,0.3787,0.0749,0.063,0.3424,0.9206
125,4.1708,8,0.872,0.1169,0.0494,0.1097,0.6763,0.7967
125,4.1708,10,0.824,0.4661,0.0604,0.1353,0.5242,0.7537
125,4.1708,11,0.9744,0.3172,0.0513,0.108,0.5752,0.7708
125,4.1708,16,0.5629,0.5262,0.0806,0.0666,0.4897,0.911
126,4.2042,1,0.0697,0.4762,0.1393,0.0906,0.3221,0.9027
126,4.2042,2,0.6598,0.5816,0.1184,0.2172,0.5045,0.5144
126,4.2042,3,0.8474,0.3009,0.0835,0.1447,0.7079,0.7462
126,4.2042,4,0.2392,0.2739,0.4783,0.5457,0.3715,0.0
126,4.2042,5,0.3615,0.3796,0.0744,0.0639,0.2809,0.9206
126,4.2042,8,0.8707,0.1183,0.0489,0.1086,0.6752,0.7967
126,4.2042,10,0.8244,0.4642,0.0606,0.1359,0.6137,0.7537
126,4.2042,11,0.9749,0.3175,0.0501,0.1075,0.522,0.7708
126,4.2042,16,0.5616,0.5254,0.0809,0.0664,0.51,0.911
127,4.2376,2,0.6619,0.5811,0.1168,0.2158,0.6725,0.5144
127,4.2376,3,0.85,0.2981,0.0829,0.1444,0.6939,0.7462
127,4.2376,4,0.2367,0.2723,0.4733,0.5426,0.3598,0.0
127,4.2376,5,0.3605,0.3807,0.0742,0.0648,0.5118,0.9206
127,4.2376,8,0.8696,0.1195,0.0486,0.1079,0.7061,0.7967
127,4.2376,10,0.8249,0.4624,0.0607,0.1362,0.5392,0.7537
127,4.2376,11,0.9759,0.3181,0.0481,0.1042,0.4151,0.7708
127,4.2376,16,0.5599,0.5246,0.0814,0.0663,0.4946,0.911
128,4.2709,2,0.664,0.5802,0.1147,0.214,0.5592,0.5144
128,4.2709,3,0.852,0.295,0.0827,0.1443,0.6185,0.7462
128,4.2709,4,0.2347,0.2709,0.4694,0.54,0.3094,0.0
128,4.2709,5,0.36,0.3815,0.0743,0.0658,0.6381,0.9206
128,4.2709,8,0.8685,0.1207,0.0484,0.1077,0.6325,0.7967
128,4.2709,10,0.8253,0.4608,0.0607,0.1364,0.5556,0.7537
128,4.2709,11,0.9767,0.3193,0.0463,0.1006,0.4374,0.7708
128,4.2709,16,0.5581,0.5238,0.0822,0.0664,0.5631,0.911
129,4.3043,2,0.6659,0.579,0.1124,0.2123,0.5157,0.5144
129,4.3043,3,0.8532,0.2922,0.0825,0.1435,0.669,0.7462
129,4.3043,4,0.2343,0.2698,0.4671,0.5379,0.391,0.0
129,4.3043,5,0.3599,0.3827,0.0748,0.0666,0.5051,0.9206
129,4.3043,8,0.8674,0.122,0.0482,0.1075,0.6429,0.7967
129,4.3043,10,0.8257,0.4592,0.0608,0.1365,0.4871,0.7537
129,4.3043,11,0.9777,0.3206,0.0444,0.0972,0.3986,0.7708
129,4.3043,16,0.5556,0.523,0.0831,0.0666,0.604,0.911
130,4.3377,2,0.6679,0.5776,0.11,0.211,0.5163,0.5144
130,4.3377,3,0.854,0.2904,0.0824,0.1423,0.6025,0.7462
130,4.3377,4,0.2342,0.2688,0.4656,0.5359,0.3598,0.0
130,4.3377,5,0.3602,0.3839,0.0759,0.0677,0.5994,0.9206
130,4.3377,8,0.8663,0.1233,0.0478,0.107,0.557,0.7967
130,4.3377,10,0.8262,0.4575,0.0611,0.137,0.3525,0.7537
130,4.3377,11,0.9787,0.322,0.0425,0.0934,0.43,0.7708
130,4.3377,16,0.5527,0.5223,0.0839,0.0669,0.5644,0.911
131,4.371,2,0.6702,0.576,0.1075,0.2098,0.5342,0.5144
131,4.371,3,0.8546,0.2881,0.0821,0.1404,0.528,0.7462
131,4.371,4,0.2352,0.2677,0.4645,0.5337,0.3221,0.0
131,4.371,5,0.361,0.3854,0.0769,0.0682,0.5703,0.9206
131,4.371,8,0.8652,0.1243,0.0475,0.1065,0.5256,0.7967
131,4.371,10,0.8268,0.4557,0.0614,0.1373,0.3538,0.7537
131,4.371,11,0.9798,0.3236,0.0402,0.0885,0.4527,0.7708
131,4.371,16,0.5498,0.5216,0.0846,0.067,0.572,0.911
132,4.4044,2,0.6729,0.574,0.1049,0.2088,0.5308,0.5144
132,4.4044,3,0.8551,0.286,0.0824,0.1396,0.688,0.7462
132,4.4044,4,0.2375,0.2661,0.4636,0.5308,0.2635,0.0
132,4.4044,5,0.362,0.3869,0.0785,0.0688,0.6518,0.9206
132,4.4044,8,0.8642,0.1254,0.0474,0.1062,0.5763,0.7967
132,4.4044,10,0.8277,0.4539,0.0619,0.1378,0.4516,0.7537
132,4.4044,11,0.9808,0.3253,0.0381,0.0836,0.5223,0.7708
132,4.4044,16,0.5467,0.521,0.0854,0.0674,0.4943,0.911
133,4.4378,2,0.676,0.572,0.1021,0.2078,0.5424,0.5144
133,4.4378,3,0.8555,0.284,0.0826,0.1386,0.6121,0.7462
133,4.4378,4,0.2443,0.2644,0.462,0.5276,0.2831,0.0
133,4.4378,5,0.3629,0.3886,0.08,0.069,0.6605,0.9206
133,4.4378,8,0.8632,0.1266,0.0473,0.106,0.4908,0.7967
133,4.4378,11,0.9816,0.3264,0.0365,0.0803,0.5662,0.7708
133,4.4378,16,0.544,0.5203,0.086,0.0677,0.5803,0.911
134,4.4711,2,0.6797,0.5695,0.0994,0.2071,0.5656,0.5144
134,4.4711,3,0.8558,0.2823,0.0835,0.1389,0.7018,0.7462
134,4.4711,4,0.2492,0.2625,0.4607,0.5239,0.3859,0.0
134,4.4711,5,0.3638,0.3902,0.0823,0.0697,0.6421,0.9206
134,4.4711,8,0.8623,0.1278,0.0472,0.1058,0.6162,0.7967
134,4.4711,10,0.8284,0.4524,0.0625,0.1381,0.3283,0.7537
134,4.4711,11,0.982,0.3271,0.036,0.0806,0.3314,0.7708
134,4.4711,14,0.1854,0.8524,0.033,0.1091,0.2928,0.827
134,4.4711,16,0.5418,0.5196,0.0866,0.068,0.6264,0.911
135,4.5045,2,0.6841,0.5663,0.0973,0.2073,0.5928,0.5144
135,4.5045,3,0.8559,0.2811,0.0845,0.1398,0.512,0.7462
135,4.5045,4,0.2533,0.2604,0.4597,0.5196,0.3261,0.0
135,4.5045,5,0.3643,0.3917,0.0848,0.0704,0.5826,0.9206
135,4.5045,8,0.8615,0.1289,0.0471,0.1053,0.4886,0.7967
135,4.5045,11,0.9824,0.327,0.0352,0.0803,0.5327,0.7708
135,4.5045,16,0.5399,0.5189,0.0873,0.0683,0.6118,0.911
136,4.5379,2,0.689,0.563,0.0957,0.2077,0.4492,0.5144
136,4.5379,3,0.8562,0.2796,0.0854,0.1407,0.5551,0.7462
136,4.5379,4,0.2555,0.2578,0.4583,0.5144,0.3651,0.0
136,4.5379,5,0.3645,0.3932,0.087,0.0709,0.5639,0.9206
136,4.5379,8,0.8607,0.1301,0.0468,0.1043,0.5115,0.7967
136,4.5379,11,0.983,0.3253,0.034,0.0779,0.4736,0.7708
136,4.5379,14,0.1851,0.8525,0.0332,0.1093,0.2628,0.827
136,4.5379,16,0.5386,0.5182,0.0879,0.0685,0.6105,0.911
137,4.5712,2,0.6952,0.5634,0.0912,0.2002,0.4138,0.5144
137,4.5712,3,0.8565,0.2774,0.086,0.141,0.6178,0.7462
137,4.5712,4,0.257,0.2546,0.456,0.5076,0.2903,0.0
137,4.5712,5,0.364,0.395,0.0891,0.0713,0.5389,0.9206
137,4.5712,8,0.8599,0.1311,0.0465,0.1034,0.5899,0.7967
137,4.5712,10,0.8325,0.4502,0.0629,0.1391,0.2559,0.7537
137,4.5712,11,0.9832,0.3233,0.0331,0.0757,0.5065,0.7708
137,4.5712,16,0.5377,0.5175,0.0885,0.0687,0.5913,0.911
138,4.6046,3,0.8567,0.2761,0.0869,0.1419,0.5488,0.7462
138,4.6046,4,0.2568,0.251,0.4533,0.5002,0.4243,0.0
138,4.6046,5,0.3637,0.3961,0.0923,0.0728,0.6042,0.9206
138,4.6046,8,0.8591,0.1322,0.0463,0.103,0.5145,0.7967
138,4.6046,11,0.9833,0.3208,0.0325,0.0741,0.5002,0.7708
138,4.6046,14,0.1848,0.8525,0.0333,0.1094,0.2543,0.827
138,4.6046,16,0.5371,0.5168,0.089,0.0688,0.6095,0.911
139,4.638,2,0.7025,0.5649,0.0863,0.1898,0.2919,0.5144
139,4.638,3,0.8571,0.2751,0.0877,0.1426,0.5106,0.7462
139,4.638,4,0.2548,0.2479,0.4511,0.4938,0.4258,0.0
139,4.638,5,0.3626,0.3977,0.0936,0.0728,0.5423,0.9206
139,4.638,8,0.8583,0.1332,0.0463,0.1028,0.4834,0.7967
139,4.638,11,0.9831,0.3184,0.0329,0.075,0.357,0.7708
139,4.638,16,0.5365,0.5162,0.0896,0.069,0.6215,0.911
140,4.6713,2,0.7105,0.5666,0.0818,0.1791,0.2741,0.5144
140,4.6713,3,0.858,0.2737,0.0892,0.1447,0.597,0.7462
140,4.6713,4,0.2475,0.2452,0.4499,0.4881,0.427,0.0
140,4.6713,5,0.3604,0.4,0.093,0.0716,0.5102,0.9206
140,4.6713,8,0.8575,0.1341,0.0461,0.1025,0.5557,0.7967
140,4.6713,10,0.837,0.448,0.0631,0.1406,0.2857,0.7537
140,4.6713,11,0.9829,0.3161,0.0332,0.0758,0.3594,0.7708
140,4.6713,16,0.5362,0.5157,0.0903,0.0692,0.6059,0.911
141,4.7047,2,0.7194,0.5678,0.0782,0.1688,0.4979,0.5144
141,4.7047,3,0.8597,0.2719,0.0908,0.1472,0.628,0.7462
141,4.7047,4,0.2414,0.2432,0.4489,0.4839,0.5004,0.0
141,4.7047,5,0.3572,0.4023,0.0914,0.07,0.4616,0.9206
141,4.7047,8,0.8566,0.1349,0.0459,0.1024,0.5604,0.7967
141,4.7047,10,0.8412,0.4458,0.0636,0.1425,0.3276,0.7537
141,4.7047,11,0.9827,0.314,0.0336,0.077,0.5362,0.7708
141,4.7047,14,0.1847,0.8525,0.0334,0.1094,0.3021,0.827
141,4.7047,16,0.5359,0.5153,0.0909,0.0695,0.6029,0.911
142,4.7381,2,0.7292,0.5687,0.0757,0.1594,0.3646,0.5144
142,4.7381,3,0.8623,0.2699,0.0926,0.1499,0.4827,0.7462
142,4.7381,4,0.2357,0.2416,0.4466,0.4806,0.423,0.0
142,4.7381,5,0.353,0.4049,0.0889,0.0681,0.6266,0.9206
142,4.7381,8,0.8557,0.1357,0.0457,0.1024,0.3903,0.7967
142,4.7381,11,0.9826,0.3121,0.0337,0.0766,0.5805,0.7708
142,4.7381,14,0.1847,0.8525,0.0334,0.1094,0.2846,0.827
142,4.7381,16,0.5357,0.5149,0.0914,0.0698,0.5916,0.911
143,4.7714,1,0.0677,0.4768,0.1354,0.0913,0.3304,0.9027
143,4.7714,2,0.7419,0.5689,0.0747,0.1513,0.4544,0.5144
143,4.7714,3,0.8656,0.2682,0.0947,0.1536,0.6235,0.7462
143,4.7714,4,0.2301,0.2403,0.4426,0.478,0.5108,0.0
143,4.7714,5,0.3513,0.4059,0.0885,0.0676,0.5951,0.9206
143,4.7714,8,0.8549,0.1364,0.0457,0.1028,0.5146,0.7967
143,4.7714,11,0.9822,0.3117,0.0345,0.0789,0.4161,0.7708
143,4.7714,14,0.1847,0.8524,0.0334,0.1094,0.46,0.827
143,4.7714,16,0.5359,0.5147,0.0918,0.07,0.5609,0.911
144,4.8048,1,0.0658,0.4773,0.1316,0.0922,0.3758,0.9027
144,4.8048,2,0.755,0.5647,0.0788,0.1524,0.5228,0.5144
144,4.8048,3,0.8696,0.2664,0.0968,0.1573,0.5919,0.7462
144,4.8048,4,0.2244,0.2397,0.438,0.4772,0.458,0.0
144,4.8048,5,0.3494,0.4069,0.0873,0.0667,0.5344,0.9206
144,4.8048,8,0.8541,0.1371,0.0458,0.1032,0.4812,0.7967
144,4.8048,11,0.9817,0.3114,0.0357,0.0824,0.3543,0.7708
144,4.8048,14,0.1847,0.8524,0.0335,0.1094,0.365,0.827
144,4.8048,16,0.536,0.5144,0.0918,0.0698,0.5442,0.911
145,4.8382,1,0.0636,0.4777,0.1273,0.0931,0.2677,0.9027
145,4.8382,2,0.7677,0.5553,0.0885,0.1649,0.3296,0.5144
145,4.8382,3,0.8741,0.2641,0.0987,0.161,0.6623,0.7462
145,4.8382,4,0.2187,0.2397,0.432,0.4774,0.523,0.0
145,4.8382,5,0.3462,0.4092,0.0829,0.0633,0.5119,0.9206
145,4.8382,8,0.8533,0.1377,0.0458,0.1034,0.5202,0.7967
145,4.8382,14,0.1847,0.8524,0.0335,0.1094,0.4257,0.827
145,4.8382,16,0.5359,0.5141,0.0919,0.0695,0.574,0.911
146,4.8715,1,0.0616,0.4782,0.1233,0.0939,0.4168,0.9027
146,4.8715,3,0.8787,0.2612,0.0999,0.1632,0.695,0.7462
146,4.8715,4,0.213,0.2397,0.4241,0.4776,0.4679,0.0
146,4.8715,7,0.675,0.9811,0.0482,0.0357,0.2874,1.0
146,4.8715,8,0.8526,0.1382,0.0459,0.1035,0.4486,0.7967
146,4.8715,14,0.1847,0.8524,0.0335,0.1094,0.3294,0.827
146,4.8715,16,0.5357,0.5139,0.0917,0.069,0.542,0.911
147,4.9049,1,0.0604,0.478,0.1207,0.0944,0.4626,0.9027
147,4.9049,2,0.7805,0.544,0.1003,0.1811,0.3475,0.5144
147,4.9049,3,0.883,0.258,0.1004,0.164,0.738,0.7462
147,4.9049,4,0.2074,0.2396,0.4148,0.4778,0.3596,0.0
147,4.9049,7,0.675,0.9811,0.0482,0.0358,0.2604,1.0
147,4.9049,8,0.8521,0.1388,0.046,0.1038,0.6584,0.7967
147,4.9049,14,0.1847,0.8525,0.0336,0.1095,0.2821,0.827
147,4.9049,16,0.535,0.5136,0.0916,0.0684,0.7481,0.911
148,4.9383,1,0.0601,0.4779,0.1202,0.0945,0.4812,0.9027
148,4.9383,2,0.7931,0.5325,0.1133,0.1985,0.4988,0.5144
148,4.9383,3,0.8866,0.2548,0.1004,0.1633,0.7467,0.7462
148,4.9383,4,0.202,0.2391,0.4039,0.4771,0.4638,0.0
148,4.9383,7,0.675,0.9811,0.0483,0.0358,0.283,1.0
148,4.9383,8,0.8515,0.1393,0.0461,0.1038,0.7126,0.7967
148,4.9383,16,0.5339,0.5133,0.0914,0.0677,0.7553,0.911
148,4.9383,17,0.6802,0.5624,0.0352,0.106,0.5202,0.7378
149,4.9716,1,0.0604,0.4778,0.1208,0.0948,0.3082,0.9027
149,4.9716,2,0.8061,0.5217,0.127,0.2162,0.5524,0.5144
149,4.9716,3,0.8896,0.2519,0.1004,0.1626,0.7063,0.7462
149,4.9716,4,0.1967,0.2383,0.3933,0.4757,0.5318,0.0
149,4.9716,7,0.6749,0.981,0.0483,0.0358,0.267,1.0
149,4.9716,8,0.851,0.1397,0.0462,0.1038,0.6717,0.7967
149,4.9716,14,0.1847,0.8525,0.0337,0.1096,0.253,0.827
149,4.9716,16,0.5325,0.5128,0.0919,0.0675,0.6675,0.911
149,4.9716,17,0.6802,0.5631,0.0352,0.1063,0.4876,0.7378
150,5.005,1,0.0603,0.4777,0.1206,0.0949,0.4271,0.9027
150,5.005,2,0.8191,0.5112,0.1413,0.234,0.6477,0.5144
150,5.005,3,0.8917,0.2489,0.1009,0.1622,0.7672,0.7462
150,5.005,4,0.1917,0.2374,0.3833,0.4739,0.4947,0.0
150,5.005,7,0.675,0.981,0.0483,0.0358,0.2524,1.0
150,5.005,8,0.8504,0.1402,0.0463,0.1036,0.7551,0.7967
150,5.005,16,0.5304,0.5118,0.0932,0.068,0.6591,0.911
150,5.005,17,0.6803,0.5638,0.0352,0.1066,0.5468,0.7378
150,5.005,18,0.3822,0.4152,0.0987,0.0748,0.3863,0.9545
151,5.0384,1,0.0602,0.4775,0.1203,0.0946,0.6858,0.9027
151,5.0384,2,0.83,0.5018,0.1554,0.2509,0.459,0.5144
151,5.0384,3,0.8928,0.2461,0.1019,0.1627,0.7314,0.7462
151,5.0384,4,0.1871,0.2364,0.3741,0.4718,0.4801,0.0
151,5.0384,8,0.8497,0.1406,0.0463,0.1033,0.7787,0.7967
151,5.0384,16,0.5275,0.5108,0.095,0.0691,0.6133,0.911
151,5.0384,17,0.6805,0.5645,0.0353,0.107,0.5467,0.7378
151,5.0384,18,0.3804,0.4156,0.0995,0.0752,0.3398,0.9545
152,5.0717,1,0.0601,0.4774,0.1203,0.0939,0.6858,0.9027
152,5.0717,2,0.8413,0.4962,0.165,0.2583,0.6057,0.5144
152,5.0717,3,0.8931,0.2437,0.1028,0.1628,0.558,0.7462
152,5.0717,4,0.1834,0.2357,0.3668,0.4705,0.4698,0.0
152,5.0717,7,0.675,0.981,0.0483,0.0358,0.2508,1.0
152,5.0717,8,0.849,0.1413,0.0461,0.1029,0.6568,0.7967
152,5.0717,16,0.5243,0.5099,0.0965,0.0701,0.6208,0.911
152,5.0717,17,0.6806,0.5657,0.0354,0.1079,0.544,0.7378
152,5.0717,18,0.3789,0.4159,0.1004,0.0757,0.5893,0.9545
153,5.1051,1,0.0599,0.4771,0.1198,0.0933,0.6951,0.9027
153,5.1051,2,0.8519,0.4914,0.1732,0.2626,0.6071,0.5144
153,5.1051,3,0.8928,0.2424,0.1044,0.1645,0.3047,0.7462
153,5.1051,4,0.1806,0.2353,0.3612,0.4698,0.468,0.0
153,5.1051,7,0.675,0.981,0.0484,0.0358,0.2818,1.0
153,5.1051,14,0.1847,0.8525,0.0337,0.1097,0.2832,0.827
153,5.1051,16,0.5207,0.5092,0.0974,0.0709,0.7747,0.911
153,5.1051,17,0.6809,0.567,0.0354,0.1085,0.5796,0.7378
153,5.1051,18,0.3777,0.4162,0.1009,0.076,0.6727,0.9545
154,5.1385,1,0.0597,0.4766,0.1193,0.0927,0.6688,0.9027
154,5.1385,2,0.8614,0.4872,0.1814,0.2666,0.679,0.5144
154,5.1385,3,0.8922,0.2406,0.1057,0.1662,0.6522,0.7462
154,5.1385,4,0.1788,0.2355,0.3577,0.4702,0.4689,0.0
154,5.1385,7,0.675,0.981,0.0484,0.0358,0.2647,1.0
154,5.1385,8,0.8481,0.1419,0.046,0.1025,0.5451,0.7967
154,5.1385,14,0.1846,0.8526,0.0338,0.1098,0.2565,0.827
154,5.1385,16,0.5171,0.5084,0.098,0.0716,0.7831,0.911
154,5.1385,17,0.6814,0.5686,0.0354,0.109,0.6019,0.7378
154,5.1385,18,0.3732,0.4173,0.1028,0.077,0.6307,0.9545
155,5.1718,1,0.059,0.4762,0.1179,0.0924,0.515,0.9027
155,5.1718,2,0.8698,0.4825,0.189,0.2705,0.676,0.5144
155,5.1718,3,0.8913,0.2387,0.1065,0.1675,0.5452,0.7462
155,5.1718,4,0.1782,0.2364,0.3563,0.4719,0.5008,0.0
155,5.1718,7,0.675,0.981,0.0485,0.0358,0.2618,1.0
155,5.1718,8,0.8472,0.1425,0.0458,0.1019,0.2692,0.7967
155,5.1718,14,0.1847,0.8527,0.0339,0.1098,0.2673,0.827
155,5.1718,16,0.5135,0.5076,0.0987,0.0723,0.7459,0.911
155,5.1718,17,0.6819,0.5703,0.0352,0.1092,0.6031,0.7378
155,5.1718,18,0.3686,0.4177,0.1051,0.0781,0.6483,0.9545
156,5.2052,1,0.0563,0.4764,0.1126,0.0903,0.5224,0.9027
156,5.2052,2,0.8767,0.4772,0.1965,0.2749,0.6578,0.5144
156,5.2052,3,0.8904,0.2356,0.1066,0.1679,0.3171,0.7462
156,5.2052,4,0.1784,0.2375,0.3568,0.4741,0.507,0.0
156,5.2052,16,0.5097,0.5071,0.0987,0.0727,0.7712,0.911
156,5.2052,17,0.6827,0.5718,0.0351,0.1096,0.5901,0.7378
156,5.2052,18,0.364,0.4183,0.1064,0.0782,0.4364,0.9545
157,5.2386,1,0.0531,0.4771,0.1063,0.0875,0.5824,0.9027
157,5.2386,2,0.8817,0.4721,0.2032,0.2796,0.6568,0.5144
157,5.2386,3,0.8904,0.2309,0.1049,0.1655,0.5383,0.7462
157,5.2386,4,0.1795,0.2389,0.3589,0.477,0.5226,0.0
157,5.2386,7,0.675,0.981,0.0485,0.0358,0.2713,1.0
157,5.2386,8,0.8462,0.1429,0.0457,0.1013,0.4678,0.7967
157,5.2386,14,0.1847,0.8527,0.034,0.1098,0.2515,0.827
157,5.2386,16,0.5061,0.5068,0.0981,0.0726,0.7724,0.911
157,5.2386,17,0.6836,0.5733,0.035,0.1101,0.606,0.7378
157,5.2386,18,0.359,0.4196,0.1045,0.0755,0.3564,0.9545
158,5.2719,1,0.0519,0.4771,0.1039,0.0866,0.2835,0.9027
158,5.2719,2,0.8849,0.4678,0.2092,0.2861,0.6199,0.5144
158,5.2719,3,0.8906,0.2262,0.1029,0.163,0.316,0.7462
158,5.2719,4,0.1812,0.2407,0.3624,0.4806,0.5186,0.0
158,5.2719,7,0.675,0.981,0.0486,0.0358,0.2984,1.0
158,5.2719,8,0.8451,0.1433,0.0458,0.1008,0.5615,0.7967
158,5.2719,16,0.5031,0.5065,0.0974,0.0723,0.7544,0.911
158,5.2719,17,0.6846,0.5745,0.035,0.111,0.552,0.7378
158,5.2719,18,0.3553,0.4224,0.104,0.0739,0.2988,0.9545
159,5.3053,2,0.8863,0.4641,0.2145,0.2945,0.5725,0.5144
159,5.3053,3,0.8913,0.2214,0.1012,0.1613,0.3173,0.7462
159,5.3053,4,0.1831,0.243,0.3662,0.4834,0.5489,0.0
159,5.3053,7,0.6749,0.981,0.0486,0.0358,0.2711,1.0
159,5.3053,8,0.8437,0.1437,0.046,0.1005,0.5521,0.7967
159,5.3053,16,0.5004,0.5057,0.098,0.073,0.7324,0.911
159,5.3053,17,0.6859,0.5756,0.0351,0.1121,0.4933,0.7378
159,5.3053,18,0.3516,0.4251,0.1032,0.0717,0.3373,0.9545
160,5.3387,2,0.8864,0.4588,0.2202,0.3083,0.6184,0.5144
160,5.3387,4,0.1848,0.2463,0.3693,0.4847,0.5971,0.0
160,5.3387,7,0.6749,0.981,0.0486,0.0359,0.2788,1.0
160,5.3387,8,0.8422,0.1438,0.0464,0.1003,0.5432,0.7967
160,5.3387,16,0.4981,0.505,0.0984,0.0735,0.7071,0.911
160,5.3387,17,0.6873,0.5767,0.0353,0.1136,0.3661,0.7378
161,5.372,2,0.886,0.453,0.225,0.3232,0.5006,0.5144
161,5.372,3,0.893,0.2158,0.0994,0.1599,0.2989,0.7462
161,5.372,4,0.1862,0.2524,0.3695,0.4814,0.5637,0.0
161,5.372,7,0.6749,0.981,0.0486,0.0359,0.2874,1.0
161,5.372,8,0.8406,0.1437,0.0472,0.1007,0.526,0.7967
161,5.372,16,0.4961,0.5044,0.0988,0.0739,0.6911,0.911
161,5.372,17,0.6886,0.5774,0.0355,0.1153,0.4589,0.7378
162,5.4054,2,0.8855,0.4483,0.2284,0.3371,0.5349,0.5144
162,5.4054,3,0.8955,0.2109,0.0975,0.1583,0.5085,0.7462
162,5.4054,4,0.1871,0.2578,0.3712,0.4805,0.5049,0.0
162,5.4054,7,0.6749,0.981,0.0486,0.0359,0.2723,1.0
162,5.4054,8,0.839,0.1435,0.0482,0.1013,0.6149,0.7967
162,5.4054,16,0.4944,0.5039,0.0991,0.0741,0.64,0.911
162,5.4054,17,0.6899,0.5781,0.0357,0.1171,0.5606,0.7378
162,5.4054,18,0.3475,0.4278,0.1027,0.0694,0.2916,0.9545
163,5.4388,2,0.8845,0.443,0.231,0.3518,0.506,0.5144
163,5.4388,3,0.8979,0.2057,0.0963,0.1575,0.6521,0.7462
163,5.4388,4,0.1876,0.2638,0.3723,0.4808,0.4292,0.0
163,5.4388,7,0.6749,0.981,0.0485,0.0358,0.2554,1.0
163,5.4388,8,0.8372,0.1434,0.0494,0.1019,0.559,0.7967
163,5.4388,16,0.493,0.5032,0.1001,0.0748,0.67,0.911
163,5.4388,17,0.691,0.579,0.0358,0.1181,0.432,0.7378
164,5.4721,2,0.8837,0.4383,0.2326,0.365,0.4226,0.5144
164,5.4721,3,0.9001,0.2012,0.0955,0.1569,0.679,0.7462
164,5.4721,4,0.1871,0.2721,0.3712,0.4794,0.4069,0.0
164,5.4721,8,0.8356,0.1434,0.0507,0.1027,0.6845,0.7967
164,5.4721,16,0.4918,0.5027,0.1012,0.0756,0.6325,0.911
164,5.4721,17,0.6918,0.58,0.0359,0.1189,0.4177,0.7378
165,5.5055,2,0.8839,0.4343,0.2323,0.3728,0.2709,0.5144
165,5.5055,3,0.9012,0.1981,0.0973,0.1598,0.3547,0.7462
165,5.5055,4,0.1855,0.2816,0.3682,0.4779,0.3528,0.0
165,5.5055,7,0.6749,0.981,0.0486,0.0358,0.2522,1.0
165,5.5055,8,0.834,0.1434,0.0521,0.1035,0.6569,0.7967
165,5.5055,16,0.4907,0.5017,0.1034,0.0772,0.6539,0.911
165,5.5055,17,0.6924,0.5814,0.0359,0.119,0.4352,0.7378
166,5.5389,2,0.8845,0.4271,0.2309,0.3775,0.4395,0.5144
166,5.5389,3,0.9017,0.1952,0.1003,0.164,0.6543,0.7462
166,5.5389,4,0.1834,0.2914,0.3639,0.4775,0.3575,0.0
166,5.5389,8,0.8327,0.1431,0.054,0.1053,0.7587,0.7967
166,5.5389,16,0.4898,0.5011,0.1046,0.0779,0.5979,0.911
166,5.5389,17,0.6925,0.5829,0.036,0.1185,0.5784,0.7378
167,5.5722,2,0.8854,0.4235,0.2291,0.3802,0.3982,0.5144
167,5.5722,3,0.9016,0.1927,0.1045,0.1695,0.6762,0.7462
167,5.5722,4,0.1815,0.2982,0.3603,0.4833,0.5104,0.0
167,5.5722,7,0.675,0.981,0.0486,0.0358,0.3093,1.0
167,5.5722,8,0.8317,0.1428,0.056,0.1074,0.7781,0.7967
167,5.5722,14,0.1848,0.8527,0.034,0.1098,0.2558,0.827
167,5.5722,16,0.489,0.5,0.1066,0.0793,0.5758,0.911
167,5.5722,17,0.6923,0.5844,0.0363,0.1177,0.5825,0.7378
168,5.6056,2,0.8882,0.4188,0.2236,0.377,0.3452,0.5144
168,5.6056,3,0.9001,0.1908,0.1105,0.1768,0.5665,0.7462
168,5.6056,4,0.1787,0.3034,0.3573,0.4919,0.5603,0.0
168,5.6056,7,0.675,0.981,0.0486,0.0358,0.2659,1.0
168,5.6056,8,0.8307,0.1424,0.0578,0.1092,0.6997,0.7967
168,5.6056,16,0.4883,0.4989,0.1089,0.0809,0.5903,0.911
168,5.6056,17,0.692,0.586,0.0366,0.1168,0.6148,0.7378
169,5.639,2,0.8919,0.4132,0.2162,0.3715,0.2778,0.5144
169,5.639,3,0.8994,0.1872,0.1149,0.1812,0.3549,0.7462
169,5.639,4,0.1751,0.3097,0.3501,0.497,0.4825,0.0
169,5.639,8,0.8298,0.1426,0.0589,0.1098,0.6114,0.7967
169,5.639,16,0.4876,0.4978,0.1108,0.0822,0.5728,0.911
169,5.639,17,0.6915,0.5876,0.0371,0.1156,0.6301,0.7378
169,5.639,18,0.3449,0.4304,0.1015,0.0663,0.5487,0.9545
170,5.6723,1,0.0505,0.4773,0.1009,0.0857,0.4161,0.9027
170,5.6723,2,0.8966,0.4081,0.2068,0.3627,0.4548,0.5144
170,5.6723,3,0.8999,0.1833,0.1171,0.1824,0.3315,0.7462
170,5.6723,4,0.1717,0.3143,0.3435,0.5067,0.4227,0.0
170,5.6723,8,0.8289,0.1428,0.0601,0.1107,0.3576,0.7967
170,5.6723,16,0.4869,0.4968,0.1123,0.083,0.5392,0.911
170,5.6723,17,0.691,0.5888,0.0379,0.1151,0.6199,0.7378
170,5.6723,18,0.3431,0.4331,0.0999,0.0628,0.6429,0.9545
171,5.7057,2,0.9019,0.4023,0.1961,0.3533,0.564,0.5144
171,5.7057,4,0.1689,0.3155,0.3377,0.5213,0.3297,0.0
171,5.7057,8,0.828,0.143,0.0612,0.1117,0.2886,0.7967
171,5.7057,16,0.4861,0.4956,0.1138,0.0839,0.5668,0.911
171,5.7057,17,0.6906,0.5898,0.0386,0.1146,0.6076,0.7378
171,5.7057,18,0.3415,0.4357,0.0996,0.0604,0.5959,0.9545
172,5.7391,1,0.0486,0.4778,0.0972,0.0846,0.3484,0.9027
172,5.7391,2,0.9078,0.393,0.1844,0.3465,0.3088,0.5144
172,5.7391,3,0.9009,0.1783,0.1187,0.1827,0.324,0.7462
172,5.7391,4,0.1655,0.3175,0.3309,0.5315,0.3073,0.0
172,5.7391,8,0.827,0.1433,0.0624,0.1131,0.3539,0.7967
172,5.7391,16,0.4849,0.4948,0.1141,0.0838,0.5977,0.911
172,5.7391,17,0.6904,0.5905,0.0395,0.1145,0.6252,0.7378
172,5.7391,18,0.3406,0.4373,0.103,0.0608,0.6867,0.9545
173,5.7724,2,0.9127,0.3883,0.1746,0.3476,0.4612,0.5144
173,5.7724,3,0.9019,0.1736,0.1193,0.1819,0.4188,0.7462
173,5.7724,4,0.1625,0.3168,0.325,0.5436,0.2991,0.0
173,5.7724,16,0.4837,0.4942,0.1146,0.0837,0.5416,0.911
173,5.7724,17,0.6905,0.5909,0.0404,0.1149,0.6112,0.7378
173,5.7724,18,0.3385,0.4375,0.1049,0.0602,0.6212,0.9545
174,5.8058,2,0.9185,0.3816,0.1629,0.3468,0.346,0.5144
174,5.8058,3,0.9029,0.1686,0.1182,0.1786,0.3604,0.7462
174,5.8058,4,0.1584,0.3197,0.3168,0.546,0.2986,0.0
174,5.8058,8,0.826,0.1439,0.063,0.1137,0.4876,0.7967
174,5.8058,16,0.4821,0.4941,0.1141,0.0826,0.5925,0.911
174,5.8058,17,0.6908,0.5911,0.0411,0.1152,0.657,0.7378
174,5.8058,18,0.3362,0.4378,0.107,0.0597,0.6877,0.9545
175,5.8392,3,0.9037,0.163,0.1156,0.1733,0.48,0.7462
175,5.8392,4,0.1548,0.3222,0.3096,0.5477,0.2553,0.0
175,5.8392,8,0.8249,0.1445,0.0633,0.1144,0.5131,0.7967
175,5.8392,16,0.4805,0.4942,0.1134,0.0813,0.6192,0.911
175,5.8392,17,0.6913,0.5912,0.0417,0.1153,0.6555,0.7378
175,5.8392,18,0.3341,0.4384,0.1077,0.0587,0.7148,0.9545
176,5.8725,2,0.9228,0.3768,0.1544,0.3507,0.5179,0.5144
176,5.8725,3,0.9062,0.157,0.1105,0.1654,0.4798,0.7462
176,5.8725,4,0.152,0.3241,0.304,0.5496,0.2874,0.0
176,5.8725,8,0.8239,0.1456,0.0641,0.1165,0.56,0.7967
176,5.8725,14,0.1848,0.8527,0.034,0.1098,0.2543,0.827
176,5.8725,16,0.4784,0.4939,0.1142,0.0811,0.6512,0.911
176,5.8725,17,0.6918,0.5912,0.0422,0.1156,0.6588,0.7378
176,5.8725,18,0.3319,0.439,0.1085,0.058,0.7367,0.9545
177,5.9059,2,0.9264,0.3724,0.1473,0.3566,0.4347,0.5144
177,5.9059,3,0.9072,0.153,0.1072,0.1612,0.607,0.7462
177,5.9059,4,0.1493,0.3273,0.2987,0.5452,0.4938,0.0
177,5.9059,8,0.823,0.146,0.0652,0.1196,0.588,0.7967
177,5.9059,14,0.1849,0.8527,0.0341,0.1098,0.2705,0.827
177,5.9059,16,0.4758,0.4937,0.115,0.081,0.6218,0.911
177,5.9059,17,0.6924,0.5913,0.0425,0.1156,0.5529,0.7378
177,5.9059,18,0.3302,0.4394,0.1095,0.0577,0.711,0.9545
178,5.9393,2,0.9295,0.3677,0.1411,0.362,0.5297,0.5144
178,5.9393,3,0.9056,0.1505,0.1059,0.1607,0.569,0.7462
178,5.9393,4,0.1475,0.3311,0.295,0.5367,0.6307,0.0
178,5.9393,7,0.675,0.981,0.0486,0.0358,0.2625,1.0
178,5.9393,8,0.8217,0.1459,0.0656,0.1222,0.5273,0.7967
178,5.9393,10,0.8459,0.4439,0.0636,0.1442,0.321,0.7537
178,5.9393,14,0.1849,0.8527,0.0341,0.1098,0.2907,0.827
178,5.9393,16,0.4732,0.4935,0.116,0.0811,0.6734,0.911
178,5.9393,17,0.693,0.5915,0.0426,0.1154,0.5676,0.7378
178,5.9393,18,0.33,0.4398,0.1093,0.0572,0.6189,0.9545
179,5.9726,2,0.9324,0.3608,0.1353,0.3633,0.627,0.5144
179,5.9726,3,0.9042,0.1484,0.1043,0.1601,0.4942,0.7462
179,5.9726,4,0.1481,0.3323,0.2945,0.5313,0.4942,0.0
179,5.9726,8,0.8203,0.1455,0.0655,0.1245,0.6418,0.7967
179,5.9726,10,0.8506,0.4423,0.0636,0.146,0.3734,0.7537
179,5.9726,14,0.1849,0.8526,0.0341,0.1097,0.2652,0.827
179,5.9726,16,0.4705,0.4935,0.1169,0.0811,0.6697,0.911
179,5.9726,17,0.6936,0.5916,0.0427,0.115,0.5651,0.7378
179,5.9726,18,0.3309,0.4403,0.1078,0.0565,0.6263,0.9545
180,6.006,2,0.9342,0.3552,0.1316,0.3642,0.4709,0.5144
180,6.006,3,0.9031,0.1459,0.1016,0.1586,0.5477,0.7462
180,6.006,4,0.1499,0.3351,0.2945,0.5229,0.6483,0.0
180,6.006,7,0.6749,0.9811,0.0486,0.0358,0.2752,1.0
180,6.006,8,0.819,0.1448,0.065,0.1267,0.4281,0.7967
180,6.006,10,0.8552,0.4409,0.0633,0.1476,0.4916,0.7537
180,6.006,16,0.4676,0.4936,0.1177,0.0811,0.6355,0.911
180,6.006,17,0.6939,0.592,0.0425,0.114,0.5602,0.7378
180,6.006,18,0.3327,0.4411,0.1032,0.0546,0.5211,0.9545
181,6.0394,2,0.9365,0.3484,0.127,0.3602,0.6083,0.5144
181,6.0394,3,0.9018,0.144,0.0993,0.1581,0.3929,0.7462
181,6.0394,4,0.1536,0.3356,0.297,0.5186,0.534,0.0
181,6.0394,8,0.8178,0.144,0.0643,0.1287,0.6302,0.7967
181,6.0394,10,0.8601,0.4395,0.0628,0.1494,0.4602,0.7537
181,6.0394,16,0.4649,0.4937,0.1202,0.0825,0.5956,0.911
181,6.0394,17,0.6941,0.5925,0.0423,0.1129,0.5046,0.7378
182,6.0727,2,0.9382,0.3423,0.1236,0.3577,0.5696,0.5144
182,6.0727,3,0.9006,0.1426,0.097,0.1584,0.4849,0.7462
182,6.0727,4,0.1582,0.3348,0.3016,0.5173,0.5269,0.0
182,6.0727,8,0.8168,0.1433,0.0636,0.1307,0.6106,0.7967
182,6.0727,10,0.8617,0.4389,0.0623,0.1506,0.4928,0.7537
182,6.0727,16,0.4621,0.4937,0.1234,0.0845,0.6753,0.911
182,6.0727,17,0.6941,0.5931,0.0419,0.1115,0.5149,0.7378
182,6.0727,18,0.3343,0.4419,0.0982,0.0529,0.4424,0.9545
183,6.1061,2,0.9394,0.3364,0.1212,0.3575,0.5923,0.5144
183,6.1061,3,0.8979,0.1418,0.0952,0.1591,0.3652,0.7462
183,6.1061,4,0.1632,0.3317,0.3095,0.5211,0.5253,0.0
183,6.1061,8,0.8159,0.1419,0.0621,0.1314,0.5557,0.7967
183,6.1061,10,0.8632,0.4385,0.0619,0.1514,0.277,0.7537
183,6.1061,14,0.1849,0.8526,0.034,0.1096,0.2682,0.827
183,6.1061,16,0.4597,0.4939,0.1256,0.0858,0.7065,0.911
183,6.1061,17,0.6943,0.5937,0.0417,0.1102,0.5625,0.7378
183,6.1061,18,0.3355,0.4424,0.0947,0.0524,0.4263,0.9545
184,6.1395,2,0.9403,0.3311,0.1195,0.3583,0.5705,0.5144
184,6.1395,3,0.8947,0.1411,0.0936,0.1599,0.6743,0.7462
184,6.1395,4,0.1677,0.328,0.3175,0.5267,0.4979,0.0
184,6.1395,8,0.815,0.1406,0.0606,0.132,0.5851,0.7967
184,6.1395,10,0.8652,0.4381,0.0613,0.1521,0.5055,0.7537
184,6.1395,14,0.1848,0.8526,0.034,0.1095,0.3018,0.827
184,6.1395,16,0.4577,0.4942,0.1274,0.0869,0.704,0.911
184,6.1395,17,0.6943,0.5943,0.0415,0.1092,0.5899,0.7378
185,6.1728,2,0.9408,0.3262,0.1184,0.3611,0.3756,0.5144
185,6.1728,3,0.8927,0.1403,0.0913,0.1598,0.543,0.7462
185,6.1728,4,0.1712,0.325,0.3237,0.5322,0.455,0.0
185,6.1728,8,0.8147,0.1396,0.0595,0.133,0.4535,0.7967
185,6.1728,10,0.8669,0.4378,0.0607,0.1524,0.3563,0.7537
185,6.1728,14,0.1848,0.8526,0.034,0.1095,0.2854,0.827
185,6.1728,16,0.4557,0.4945,0.1289,0.0877,0.6734,0.911
185,6.1728,17,0.6944,0.5947,0.0415,0.1083,0.459,0.7378
185,6.1728,19,0.8222,0.2914,0.1642,0.1019,0.3983,0.8646
186,6.2062,2,0.9408,0.3231,0.1184,0.369,0.7358,0.5144
186,6.2062,3,0.8898,0.1399,0.0896,0.1606,0.5742,0.7462
186,6.2062,4,0.1731,0.3225,0.3291,0.5384,0.485,0.0
186,6.2062,8,0.8145,0.1386,0.0585,0.1339,0.5861,0.7967
186,6.2062,10,0.8685,0.4374,0.0602,0.1528,0.3293,0.7537
186,6.2062,14,0.1847,0.8526,0.034,0.1095,0.2955,0.827
186,6.2062,16,0.454,0.4948,0.1304,0.0884,0.6786,0.911
186,6.2062,17,0.6948,0.5949,0.0416,0.1078,0.5053,0.7378
186,6.2062,19,0.8177,0.2918,0.163,0.1015,0.4777,0.8646
187,6.2396,2,0.9407,0.3201,0.1187,0.3782,0.5558,0.5144
187,6.2396,3,0.8864,0.1399,0.088,0.1612,0.6088,0.7462
187,6.2396,4,0.1735,0.3201,0.3334,0.5448,0.46,0.0
187,6.2396,8,0.8142,0.1373,0.0574,0.1344,0.5494,0.7967
187,6.2396,10,0.8703,0.4369,0.0598,0.1532,0.4491,0.7537
187,6.2396,14,0.1847,0.8526,0.034,0.1094,0.2924,0.827
187,6.2396,16,0.4525,0.495,0.1323,0.0893,0.7005,0.911
187,6.2396,17,0.6953,0.5951,0.0418,0.1075,0.4624,0.7378
187,6.2396,18,0.3364,0.4432,0.0909,0.052,0.3829,0.9545
187,6.2396,19,0.8134,0.2923,0.1618,0.101,0.2924,0.8646
188,6.2729,2,0.9406,0.3163,0.1188,0.3866,0.6628,0.5144
188,6.2729,3,0.8831,0.1397,0.0861,0.1612,0.6561,0.7462
188,6.2729,4,0.1726,0.318,0.3366,0.552,0.515,0.0
188,6.2729,8,0.8139,0.1359,0.0564,0.1346,0.533,0.7967
188,6.2729,10,0.8717,0.4365,0.0593,0.1535,0.4645,0.7537
188,6.2729,14,0.1847,0.8526,0.034,0.1094,0.3029,0.827
188,6.2729,16,0.4512,0.4949,0.1336,0.0898,0.6914,0.911
188,6.2729,17,0.6962,0.595,0.0421,0.1075,0.5443,0.7378
188,6.2729,19,0.8094,0.2928,0.1603,0.1006,0.3422,0.8646
189,6.3063,2,0.9411,0.308,0.1179,0.3857,0.7478,0.5144
189,6.3063,3,0.8798,0.1397,0.0841,0.1607,0.6399,0.7462
189,6.3063,4,0.1708,0.3161,0.3376,0.5585,0.4376,0.0
189,6.3063,8,0.8137,0.1344,0.0553,0.1346,0.637,0.7967
189,6.3063,10,0.8739,0.4359,0.0592,0.1536,0.4274,0.7537
189,6.3063,14,0.1847,0.8526,0.034,0.1094,0.2636,0.827
189,6.3063,16,0.4494,0.4944,0.1335,0.0892,0.6627,0.911
189,6.3063,17,0.6974,0.5948,0.0424,0.1076,0.4724,0.7378
189,6.3063,18,0.3362,0.4442,0.0869,0.0513,0.266,0.9545
189,6.3063,19,0.8,0.2941,0.1574,0.0996,0.3617,0.8646
190,6.3397,2,0.9417,0.3004,0.1166,0.385,0.6094,0.5144
190,6.3397,3,0.8767,0.1395,0.0819,0.1597,0.586,0.7462
190,6.3397,4,0.1682,0.3158,0.3344,0.5611,0.4543,0.0
190,6.3397,8,0.8134,0.1326,0.0544,0.1345,0.5259,0.7967
190,6.3397,10,0.8762,0.4351,0.0594,0.1537,0.3954,0.7537
190,6.3397,14,0.1847,0.8526,0.034,0.1095,0.255,0.827
190,6.3397,16,0.4476,0.4938,0.1331,0.0884,0.6224,0.911
190,6.3397,17,0.6989,0.5946,0.0425,0.1077,0.3684,0.7378
190,6.3397,18,0.3334,0.445,0.0847,0.0511,0.3915,0.9545
190,6.3397,19,0.7905,0.2955,0.1532,0.0981,0.3076,0.8646
190,6.3397,20,0.7968,0.3537,0.1844,0.1403,0.4013,0.7696
191,6.373,2,0.9424,0.2888,0.1152,0.3801,0.4858,0.5144
191,6.373,3,0.8737,0.1394,0.0799,0.1586,0.6495,0.7462
191,6.373,4,0.1649,0.3153,0.3289,0.5622,0.5062,0.0
191,6.373,8,0.8131,0.1306,0.0535,0.1344,0.5851,0.7967
191,6.373,10,0.8789,0.4348,0.0594,0.152,0.3412,0.7537
191,6.373,14,0.1847,0.8526,0.034,0.1095,0.2725,0.827
191,6.373,16,0.4457,0.4932,0.1326,0.0874,0.6276,0.911
191,6.373,17,0.7009,0.5944,0.0426,0.1078,0.2997,0.7378
191,6.373,18,0.3289,0.4456,0.0842,0.0512,0.4205,0.9545
191,6.373,19,0.7812,0.2967,0.1485,0.0966,0.3949,0.8646
191,6.373,20,0.7955,0.3554,0.1845,0.1402,0.3997,0.7696
192,6.4064,2,0.9429,0.2757,0.1137,0.3723,0.5297,0.5144
192,6.4064,3,0.8706,0.1393,0.0781,0.1576,0.6074,0.7462
192,6.4064,4,0.1613,0.3142,0.3226,0.5635,0.4065,0.0
192,6.4064,8,0.8128,0.1281,0.0527,0.1342,0.6053,0.7967
192,6.4064,10,0.8813,0.4343,0.0598,0.1503,0.2654,0.7537
192,6.4064,14,0.1847,0.8526,0.034,0.1096,0.333,0.827
192,6.4064,16,0.4439,0.4928,0.1322,0.0864,0.6231,0.911
192,6.4064,17,0.7032,0.5941,0.0425,0.1079,0.4304,0.7378
192,6.4064,18,0.3233,0.4461,0.0865,0.0521,0.3639,0.9545
192,6.4064,20,0.7938,0.3571,0.1845,0.1399,0.3764,0.7696
193,6.4398,2,0.9427,0.2622,0.1124,0.3635,0.3698,0.5144
193,6.4398,3,0.8678,0.1394,0.0764,0.1562,0.6106,0.7462
193,6.4398,4,0.1577,0.3127,0.3154,0.5654,0.4197,0.0
193,6.4398,8,0.8125,0.1256,0.052,0.1341,0.6339,0.7967
193,6.4398,10,0.8837,0.4341,0.0602,0.1475,0.3222,0.7537
193,6.4398,14,0.1847,0.8527,0.0341,0.1097,0.2948,0.827
193,6.4398,16,0.4423,0.4923,0.1318,0.0855,0.6842,0.911
193,6.4398,17,0.7056,0.5939,0.0421,0.1078,0.4679,0.7378
193,6.4398,19,0.7727,0.2976,0.144,0.0955,0.3298,0.8646
193,6.4398,20,0.7921,0.3587,0.1847,0.1397,0.5941,0.7696
194,6.4731,2,0.943,0.2483,0.1114,0.355,0.6474,0.5144
194,6.4731,3,0.8653,0.1396,0.075,0.1552,0.4781,0.7462
194,6.4731,4,0.1539,0.311,0.3077,0.567,0.4291,0.0
194,6.4731,8,0.8124,0.1232,0.0515,0.1345,0.6099,0.7967
194,6.4731,14,0.1847,0.8527,0.0341,0.1097,0.2924,0.827
194,6.4731,16,0.4406,0.4918,0.1312,0.0844,0.6936,0.911
194,6.4731,18,0.3178,0.4463,0.0896,0.053,0.5471,0.9545
194,6.4731,19,0.765,0.2987,0.1387,0.094,0.4992,0.8646
194,6.4731,20,0.7883,0.3612,0.1863,0.1403,0.7084,0.7696
195,6.5065,2,0.9434,0.2343,0.1104,0.3456,0.5271,0.5144
195,6.5065,3,0.8631,0.14,0.0742,0.1549,0.3446,0.7462
195,6.5065,4,0.1495,0.3111,0.299,0.5641,0.3722,0.0
195,6.5065,8,0.8123,0.1209,0.0512,0.1353,0.6762,0.7967
195,6.5065,10,0.8857,0.4335,0.0611,0.1456,0.4474,0.7537
195,6.5065,16,0.4379,0.4913,0.1303,0.0832,0.6889,0.911
195,6.5065,17,0.7081,0.5938,0.0416,0.1074,0.3359,0.7378
195,6.5065,18,0.3125,0.4464,0.0928,0.0535,0.6612,0.9545
195,6.5065,19,0.7611,0.2995,0.134,0.0926,0.6069,0.8646
195,6.5065,20,0.786,0.3631,0.1903,0.1428,0.6448,0.7696
196,6.5399,2,0.9434,0.2238,0.1104,0.3432,0.5723,0.5144
196,6.5399,3,0.8612,0.1407,0.0734,0.1544,0.5616,0.7462
196,6.5399,4,0.1452,0.3127,0.2903,0.5586,0.4041,0.0
196,6.5399,8,0.8124,0.1184,0.0511,0.1364,0.7331,0.7967
196,6.5399,10,0.8875,0.4278,0.0662,0.1535,0.4908,0.7537
196,6.5399,14,0.1846,0.8527,0.0341,0.1098,0.2786,0.827
196,6.5399,16,0.4361,0.4911,0.1305,0.0828,0.7125,0.911
196,6.5399,17,0.7109,0.5937,0.041,0.1068,0.5426,0.7378
196,6.5399,18,0.3077,0.4463,0.0961,0.0537,0.6772,0.9545
196,6.5399,19,0.7587,0.3,0.13,0.0914,0.5378,0.8646
196,6.5399,20,0.7837,0.3664,0.1907,0.1426,0.5381,0.7696
197,6.5732,2,0.9433,0.2111,0.1106,0.3392,0.5516,0.5144
197,6.5732,3,0.8595,0.1418,0.0728,0.1543,0.5207,0.7462
197,6.5732,4,0.1413,0.3151,0.2827,0.551,0.4064,0.0
197,6.5732,8,0.8126,0.1161,0.0512,0.1378,0.7286,0.7967
197,6.5732,10,0.8883,0.4221,0.0709,0.1614,0.4254,0.7537
197,6.5732,14,0.1846,0.8528,0.0342,0.1098,0.2785,0.827
197,6.5732,16,0.4339,0.491,0.1308,0.0824,0.6427,0.911
197,6.5732,17,0.7141,0.5938,0.0402,0.106,0.5452,0.7378
197,6.5732,18,0.3035,0.4462,0.0996,0.054,0.4446,0.9545
197,6.5732,19,0.759,0.3,0.1274,0.0907,0.321,0.8646
197,6.5732,20,0.7803,0.3699,0.191,0.1423,0.4795,0.7696
198,6.6066,2,0.9429,0.2014,0.1114,0.3394,0.3424,0.5144
198,6.6066,3,0.8579,0.143,0.0721,0.1536,0.6184,0.7462
198,6.6066,4,0.1384,0.3179,0.2769,0.5429,0.3179,0.0
198,6.6066,8,0.8128,0.1141,0.0514,0.1396,0.7085,0.7967
198,6.6066,10,0.8876,0.4112,0.0778,0.1774,0.3246,0.7537
198,6.6066,14,0.1846,0.8528,0.0342,0.1098,0.2577,0.827
198,6.6066,16,0.4314,0.491,0.1311,0.0823,0.4548,0.911
198,6.6066,17,0.7175,0.5937,0.0396,0.1055,0.5153,0.7378
198,6.6066,18,0.3004,0.446,0.1029,0.0543,0.5129,0.9545
198,6.6066,19,0.7605,0.2999,0.1255,0.09,0.378,0.8646
198,6.6066,20,0.7771,0.3735,0.1903,0.1412,0.5618,0.7696
199,6.64,2,0.9427,0.1932,0.1122,0.341,0.6116,0.5144
199,6.64,3,0.8566,0.1444,0.0711,0.1524,0.4794,0.7462
199,6.64,4,0.1372,0.3183,0.2743,0.5395,0.2525,0.0
199,6.64,8,0.813,0.1122,0.0516,0.1414,0.4919,0.7967
199,6.64,10,0.8864,0.3979,0.0849,0.1978,0.453,0.7537
199,6.64,16,0.4292,0.491,0.1314,0.0821,0.6387,0.911
199,6.64,17,0.7207,0.5935,0.0391,0.1051,0.4146,0.7378
199,6.64,18,0.2985,0.4459,0.1053,0.0544,0.513,0.9545
199,6.64,19,0.7626,0.2997,0.1242,0.0894,0.5151,0.8646
199,6.64,20,0.7744,0.3771,0.1901,0.1403,0.555,0.7696
200,6.6733,2,0.9434,0.1858,0.1124,0.3417,0.5916,0.5144
200,6.6733,3,0.8553,0.146,0.0702,0.1513,0.5391,0.7462
200,6.6733,8,0.8134,0.1105,0.052,0.1434,0.6162,0.7967
200,6.6733,10,0.8858,0.392,0.0888,0.2074,0.3306,0.7537
200,6.6733,14,0.1846,0.8528,0.0342,0.1098,0.2518,0.827
200,6.6733,16,0.427,0.491,0.1317,0.0819,0.5802,0.911
200,6.6733,17,0.7242,0.5936,0.0385,0.1045,0.3613,0.7378
200,6.6733,18,0.298,0.4459,0.1068,0.0544,0.528,0.9545
200,6.6733,19,0.765,0.2996,0.1236,0.0888,0.5811,0.8646
200,6.6733,20,0.7712,0.3764,0.2022,0.1495,0.5776,0.7696
201,6.7067,2,0.9439,0.1794,0.112,0.3414,0.4855,0.5144
201,6.7067,3,0.854,0.1473,0.0693,0.1499,0.5425,0.7462
201,6.7067,4,0.1372,0.3174,0.2742,0.5364,0.4791,0.0
201,6.7067,8,0.8137,0.1088,0.0523,0.1454,0.6841,0.7967
201,6.7067,16,0.4246,0.4911,0.1318,0.0816,0.6272,0.911
201,6.7067,17,0.729,0.5939,0.038,0.1036,0.3618,0.7378
201,6.7067,18,0.2989,0.446,0.1072,0.0544,0.4952,0.9545
201,6.7067,19,0.7679,0.2995,0.1253,0.0897,0.5939,0.8646
201,6.7067,20,0.7674,0.3752,0.2141,0.1598,0.5918,0.7696
202,6.7401,2,0.9444,0.174,0.1111,0.3401,0.4645,0.5144
202,6.7401,3,0.8526,0.1482,0.0685,0.1486,0.6486,0.7462
202,6.7401,4,0.1392,0.3181,0.2732,0.5282,0.4529,0.0
202,6.7401,8,0.814,0.1072,0.0527,0.1475,0.7088,0.7967
202,6.7401,14,0.1847,0.8528,0.0342,0.1098,0.3151,0.827
202,6.7401,16,0.4226,0.4912,0.132,0.0812,0.6712,0.911
202,6.7401,17,0.7341,0.5948,0.0374,0.1022,0.3319,0.7378
202,6.7401,18,0.3012,0.4459,0.1065,0.0543,0.6868,0.9545
202,6.7401,19,0.7677,0.2994,0.1272,0.0911,0.7475,0.8646
202,6.7401,20,0.7634,0.3774,0.2169,0.1631,0.6334,0.7696
203,6.7734,3,0.8511,0.1488,0.0678,0.1475,0.3605,0.7462
203,6.7734,4,0.143,0.3172,0.2738,0.5217,0.4679,0.0
203,6.7734,8,0.8142,0.1057,0.0529,0.1494,0.6158,0.7967
203,6.7734,14,0.1847,0.8528,0.0343,0.1098,0.2882,0.827
203,6.7734,16,0.4201,0.4912,0.1321,0.0808,0.7092,0.911
203,6.7734,17,0.7397,0.5952,0.0373,0.102,0.3381,0.7378
203,6.7734,18,0.302,0.4459,0.1066,0.0542,0.712,0.9545
203,6.7734,19,0.7664,0.2991,0.1271,0.0913,0.5656,0.8646
204,6.8068,2,0.9451,0.1695,0.1097,0.3375,0.4299,0.5144
204,6.8068,3,0.8495,0.1487,0.0675,0.147,0.4875,0.7462
204,6.8068,4,0.1481,0.3153,0.2758,0.5168,0.4586,0.0
204,6.8068,8,0.8142,0.1044,0.0531,0.1511,0.5669,0.7967
204,6.8068,10,0.885,0.3834,0.0943,0.2219,0.3612,0.7537
204,6.8068,14,0.1847,0.8528,0.0343,0.1099,0.2923,0.827
204,6.8068,16,0.4177,0.4913,0.1323,0.0803,0.6842,0.911
204,6.8068,18,0.3033,0.446,0.1061,0.0541,0.6842,0.9545
204,6.8068,19,0.7644,0.2986,0.1267,0.0916,0.5986,0.8646
205,6.8402,2,0.9457,0.1666,0.1084,0.3332,0.5539,0.5144
205,6.8402,3,0.8479,0.1486,0.0675,0.1471,0.4412,0.7462
205,6.8402,4,0.1535,0.3134,0.2792,0.5137,0.4823,0.0
205,6.8402,8,0.8142,0.1032,0.0531,0.1526,0.4603,0.7967
205,6.8402,14,0.1847,0.8527,0.0343,0.1099,0.2607,0.827
205,6.8402,16,0.4153,0.4914,0.1328,0.0801,0.69,0.911
205,6.8402,18,0.3055,0.446,0.1049,0.0538,0.4412,0.9545
205,6.8402,19,0.7618,0.2978,0.1261,0.092,0.2694,0.8646
205,6.8402,20,0.7596,0.3801,0.2176,0.1649,0.4049,0.7696
205,6.8402,21,0.8806,0.4238,0.058,0.1251,0.3569,0.7681
206,6.8735,2,0.9456,0.1662,0.1082,0.3324,0.623,0.5144
206,6.8735,3,0.8463,0.1486,0.0677,0.1475,0.5587,0.7462
206,6.8735,4,0.1587,0.3123,0.2829,0.5114,0.4731,0.0
206,6.8735,8,0.814,0.102,0.0531,0.1541,0.5661,0.7967
206,6.8735,14,0.1846,0.8527,0.0343,0.1099,0.3784,0.827
206,6.8735,16,0.4123,0.4913,0.1335,0.0801,0.6988,0.911
206,6.8735,17,0.7452,0.5951,0.0378,0.1031,0.2881,0.7378
206,6.8735,19,0.7588,0.2974,0.1263,0.0935,0.3656,0.8646
206,6.8735,20,0.7554,0.3831,0.2168,0.1656,0.2936,0.7696
206,6.8735,21,0.8805,0.4214,0.0594,0.1284,0.3382,0.7681
207,6.9069,2,0.9449,0.1665,0.1083,0.333,0.5681,0.5144
207,6.9069,3,0.8447,0.1483,0.0684,0.1493,0.3453,0.7462
207,6.9069,4,0.1627,0.3141,0.2856,0.5058,0.568,0.0
207,6.9069,8,0.8135,0.1009,0.0529,0.1554,0.353,0.7967
207,6.9069,10,0.884,0.3716,0.1015,0.2421,0.3691,0.7537
207,6.9069,14,0.1846,0.8527,0.0343,0.1099,0.3826,0.827
207,6.9069,16,0.4091,0.4913,0.1339,0.08,0.7338,0.911
207,6.9069,17,0.7505,0.5949,0.0384,0.1041,0.2576,0.7378
207,6.9069,19,0.7556,0.2969,0.127,0.096,0.6265,0.8646
207,6.9069,20,0.7506,0.3859,0.2164,0.167,0.5116,0.7696
208,6.9403,2,0.9431,0.1672,0.1091,0.3344,0.3661,0.5144
208,6.9403,3,0.8397,0.1455,0.0726,0.1604,0.2789,0.7462
208,6.9403,4,0.1654,0.3175,0.2873,0.4996,0.4686,0.0
208,6.9403,8,0.8129,0.0997,0.0525,0.1562,0.3558,0.7967
208,6.9403,14,0.1846,0.8527,0.0342,0.1099,0.3959,0.827
208,6.9403,16,0.4061,0.4911,0.1346,0.08,0.743,0.911
208,6.9403,19,0.752,0.2963,0.1264,0.098,0.769,0.8646
208,6.9403,20,0.7457,0.3885,0.2159,0.1687,0.771,0.7696
208,6.9403,21,0.8804,0.42,0.0599,0.1297,0.3497,0.7681
209,6.9736,2,0.9403,0.1666,0.11,0.3331,0.2682,0.5144
209,6.9736,3,0.8383,0.1449,0.0734,0.1624,0.3326,0.7462
209,6.9736,4,0.1663,0.3171,0.2932,0.5029,0.596,0.0
209,6.9736,14,0.1846,0.8527,0.0342,0.1099,0.4882,0.827
209,6.9736,16,0.4034,0.4911,0.1353,0.0801,0.6366,0.911
209,6.9736,17,0.756,0.5949,0.0389,0.1049,0.3263,0.7378
209,6.9736,19,0.7483,0.2956,0.1245,0.0994,0.7863,0.8646
209,6.9736,20,0.7412,0.3951,0.2024,0.1602,0.8177,0.7696
209,6.9736,21,0.8803,0.4182,0.0609,0.132,0.5315,0.7681
210,7.007,2,0.9363,0.1655,0.1112,0.3309,0.47,0.5144
210,7.007,3,0.8367,0.1442,0.0746,0.1656,0.3513,0.7462
210,7.007,4,0.1656,0.3162,0.2991,0.5089,0.4284,0.0
210,7.007,8,0.8117,0.0963,0.0507,0.1525,0.2839,0.7967
210,7.007,14,0.1847,0.8527,0.0342,0.1098,0.4457,0.827
210,7.007,16,0.4007,0.4913,0.1352,0.0798,0.7414,0.911
210,7.007,17,0.7624,0.5948,0.04,0.1067,0.289,0.7378
210,7.007,19,0.7448,0.2952,0.1244,0.1026,0.7255,0.8646
210,7.007,20,0.7364,0.4026,0.1877,0.1498,0.8122,0.7696
210,7.007,21,0.8802,0.415,0.0625,0.136,0.6871,0.7681
211,7.0404,2,0.9287,0.1645,0.1137,0.329,0.65,0.5144
211,7.0404,4,0.164,0.3138,0.304,0.518,0.426,0.0
211,7.0404,8,0.8101,0.0922,0.0487,0.1475,0.3263,0.7967
211,7.0404,14,0.1847,0.8526,0.0341,0.1098,0.4408,0.827
211,7.0404,16,0.3979,0.4916,0.1344,0.079,0.7233,0.911
211,7.0404,17,0.7675,0.5946,0.0413,0.1085,0.3453,0.7378
211,7.0404,19,0.741,0.2946,0.124,0.106,0.5395,0.8646
211,7.0404,20,0.7315,0.4072,0.1791,0.1443,0.7082,0.7696
211,7.0404,21,0.8802,0.4123,0.0636,0.1388,0.6155,0.7681
212,7.0737,2,0.9216,0.1636,0.1162,0.3272,0.6583,0.5144
212,7.0737,4,0.161,0.3132,0.3054,0.5219,0.47,0.0
212,7.0737,8,0.8071,0.0882,0.048,0.1459,0.4047,0.7967
212,7.0737,14,0.1848,0.8526,0.0341,0.1097,0.4006,0.827
212,7.0737,16,0.3954,0.4918,0.1345,0.0787,0.7151,0.911
212,7.0737,17,0.7726,0.594,0.0431,0.1116,0.318,0.7378
212,7.0737,19,0.737,0.2937,0.1231,0.1094,0.6209,0.8646
212,7.0737,20,0.7261,0.4108,0.173,0.1411,0.8135,0.7696
212,7.0737,21,0.8802,0.4099,0.0647,0.1419,0.7545,0.7681
213,7.1071,2,0.9154,0.1611,0.1182,0.3222,0.4541,0.5144
213,7.1071,4,0.158,0.3094,0.3059,0.5298,0.3816,0.0
213,7.1071,14,0.1848,0.8526,0.034,0.1096,0.4778,0.827
213,7.1071,16,0.3932,0.492,0.1349,0.0785,0.6833,0.911
213,7.1071,19,0.733,0.2925,0.1204,0.1115,0.6522,0.8646
213,7.1071,20,0.7213,0.4136,0.1687,0.1393,0.8158,0.7696
213,7.1071,21,0.8801,0.4075,0.0658,0.1449,0.6243,0.7681
214,7.1405,2,0.9096,0.1585,0.1203,0.3169,0.3889,0.5144
214,7.1405,4,0.1545,0.3041,0.3044,0.5377,0.4937,0.0
214,7.1405,7,0.6749,0.9811,0.0486,0.0358,0.2814,1.0
214,7.1405,14,0.1848,0.8525,0.034,0.1096,0.4613,0.827
214,7.1405,16,0.3913,0.4921,0.1352,0.0784,0.6905,0.911
214,7.1405,19,0.7289,0.2911,0.1162,0.1123,0.6748,0.8646
214,7.1405,20,0.7167,0.4163,0.1644,0.1378,0.8137,0.7696
214,7.1405,21,0.8801,0.4061,0.066,0.1463,0.5734,0.7681
215,7.1738,2,0.9037,0.1563,0.1228,0.3125,0.4974,0.5144
215,7.1738,4,0.1507,0.2988,0.3009,0.5435,0.3843,0.0
215,7.1738,8,0.8034,0.0814,0.0464,0.1387,0.302,0.7967
215,7.1738,14,0.1849,0.8525,0.034,0.1095,0.4816,0.827
215,7.1738,16,0.3895,0.4928,0.1343,0.0774,0.6946,0.911
215,7.1738,17,0.7773,0.5939,0.0445,0.1133,0.3221,0.7378
215,7.1738,19,0.7247,0.2892,0.1106,0.1117,0.6545,0.8646
215,7.1738,20,0.712,0.4189,0.1591,0.1355,0.8106,0.7696
215,7.1738,21,0.88,0.4044,0.0666,0.1486,0.5512,0.7681
216,7.2072,2,0.897,0.1552,0.1255,0.3102,0.4893,0.5144
216,7.2072,3,0.8347,0.1435,0.076,0.1693,0.3226,0.7462
216,7.2072,4,0.1462,0.298,0.2924,0.5384,0.4555,0.0
216,7.2072,14,0.1849,0.8524,0.034,0.1094,0.4767,0.827
216,7.2072,16,0.3878,0.4935,0.1334,0.0763,0.7029,0.911
216,7.2072,17,0.782,0.5939,0.0459,0.1151,0.4543,0.7378
216,7.2072,19,0.7208,0.287,0.1045,0.1101,0.7194,0.8646
216,7.2072,20,0.7071,0.4218,0.153,0.1326,0.7851,0.7696
216,7.2072,21,0.8799,0.4044,0.0659,0.1476,0.6744,0.7681
217,7.2406,2,0.8918,0.1555,0.1293,0.3106,0.5803,0.5144
217,7.2406,4,0.1414,0.2979,0.2829,0.5296,0.3998,0.0
217,7.2406,8,0.7998,0.0749,0.0454,0.1314,0.2511,0.7967
217,7.2406,14,0.1849,0.8524,0.0339,0.1094,0.471,0.827
217,7.2406,16,0.3866,0.4939,0.1334,0.0758,0.7135,0.911
217,7.2406,17,0.7867,0.5939,0.0476,0.1173,0.4129,0.7378
217,7.2406,19,0.7167,0.2842,0.097,0.1069,0.6891,0.8646
217,7.2406,20,0.7027,0.4249,0.1463,0.1293,0.8256,0.7696
217,7.2406,21,0.8797,0.4042,0.0654,0.1474,0.7474,0.7681
218,7.2739,2,0.8895,0.1563,0.1327,0.3115,0.6775,0.5144
218,7.2739,4,0.1365,0.2991,0.273,0.5168,0.3217,0.0
218,7.2739,14,0.1849,0.8524,0.0339,0.1094,0.4735,0.827
218,7.2739,16,0.3859,0.4943,0.1343,0.0758,0.6447,0.911
218,7.2739,17,0.7915,0.5932,0.0497,0.1207,0.2927,0.7378
218,7.2739,19,0.7133,0.2818,0.0893,0.1029,0.7078,0.8646
218,7.2739,20,0.699,0.4282,0.1394,0.1256,0.8445,0.7696
218,7.2739,21,0.8792,0.4016,0.0671,0.1525,0.6944,0.7681
219,7.3073,2,0.8868,0.1583,0.1366,0.3126,0.4163,0.5144
219,7.3073,4,0.1325,0.2977,0.265,0.5077,0.4674,0.0
219,7.3073,14,0.1849,0.8524,0.0339,0.1094,0.4312,0.827
219,7.3073,16,0.3854,0.4946,0.1351,0.0757,0.6554,0.911
219,7.3073,17,0.7951,0.5924,0.0516,0.1238,0.4443,0.7378
219,7.3073,19,0.7106,0.28,0.0816,0.0982,0.5829,0.8646
219,7.3073,20,0.6961,0.4318,0.1318,0.121,0.8391,0.7696
219,7.3073,21,0.8788,0.4007,0.0675,0.1546,0.4224,0.7681
220,7.3407,2,0.8837,0.1614,0.141,0.3147,0.3037,0.5144
220,7.3407,4,0.1284,0.2989,0.2568,0.494,0.3394,0.0
220,7.3407,7,0.6749,0.9811,0.0487,0.0359,0.2527,1.0
220,7.3407,14,0.1849,0.8525,0.0339,0.1095,0.3778,0.827
220,7.3407,16,0.3847,0.4947,0.1362,0.0756,0.6348,0.911
220,7.3407,17,0.7988,0.5914,0.0533,0.1271,0.2557,0.7378
220,7.3407,19,0.7085,0.2784,0.0745,0.0935,0.5206,0.8646
220,7.3407,20,0.6936,0.4354,0.1237,0.1157,0.7574,0.7696
220,7.3407,21,0.8783,0.4019,0.0667,0.1529,0.527,0.7681
221,7.374,2,0.8804,0.1646,0.1449,0.3154,0.5178,0.5144
221,7.374,4,0.1248,0.3011,0.2495,0.4792,0.3553,0.0
221,7.374,7,0.6749,0.9811,0.0487,0.0358,0.2603,1.0
221,7.374,14,0.1849,0.8526,0.034,0.1096,0.4399,0.827
221,7.374,16,0.3838,0.4949,0.1373,0.0755,0.5894,0.911
221,7.374,19,0.7072,0.2771,0.0681,0.0889,0.6317,0.8646
221,7.374,20,0.6916,0.4387,0.1162,0.1106,0.7647,0.7696
221,7.374,21,0.8781,0.4039,0.0657,0.1502,0.399,0.7681
222,7.4074,2,0.8768,0.1685,0.149,0.3164,0.5279,0.5144
222,7.4074,4,0.1219,0.3033,0.2437,0.4662,0.4909,0.0
222,7.4074,7,0.6749,0.9811,0.0487,0.0358,0.2915,1.0
222,7.4074,14,0.1849,0.8527,0.034,0.1097,0.4235,0.827
222,7.4074,16,0.3829,0.4944,0.1399,0.0764,0.629,0.911
222,7.4074,17,0.8018,0.5901,0.0551,0.1306,0.3047,0.7378
222,7.4074,19,0.7062,0.2765,0.0635,0.086,0.7264,0.8646
222,7.4074,20,0.6899,0.4422,0.1091,0.1055,0.7894,0.7696
222,7.4074,21,0.878,0.4062,0.065,0.1473,0.3197,0.7681
223,7.4408,2,0.8741,0.1721,0.1524,0.3154,0.4165,0.5144
223,7.4408,4,0.1201,0.3031,0.2402,0.4594,0.4575,0.0
223,7.4408,7,0.6749,0.9811,0.0487,0.0358,0.2623,1.0
223,7.4408,14,0.1848,0.8528,0.034,0.1099,0.3759,0.827
223,7.4408,16,0.3816,0.4938,0.1427,0.0775,0.6272,0.911
223,7.4408,17,0.8041,0.5889,0.0568,0.134,0.4153,0.7378
223,7.4408,19,0.7056,0.2764,0.0602,0.0843,0.6433,0.8646
223,7.4408,20,0.6888,0.4452,0.104,0.1023,0.776,0.7696
223,7.4408,21,0.8781,0.4078,0.0652,0.146,0.3758,0.7681
224,7.4741,2,0.8704,0.1756,0.1549,0.3132,0.4896,0.5144
224,7.4741,4,0.1191,0.3023,0.2382,0.4556,0.535,0.0
224,7.4741,7,0.675,0.981,0.0487,0.0358,0.2593,1.0
224,7.4741,14,0.1848,0.8529,0.034,0.11,0.3795,0.827
224,7.4741,16,0.3802,0.4933,0.145,0.0783,0.6774,0.911
224,7.4741,17,0.8071,0.5881,0.058,0.1368,0.2766,0.7378
224,7.4741,19,0.7054,0.277,0.058,0.0836,0.6896,0.8646
224,7.4741,20,0.6882,0.4477,0.1006,0.1007,0.6935,0.7696
225,7.5075,2,0.8669,0.1777,0.1588,0.3145,0.5737,0.5144
225,7.5075,4,0.1187,0.3015,0.2373,0.4535,0.5231,0.0
225,7.5075,7,0.675,0.981,0.0488,0.0358,0.2787,1.0
225,7.5075,8,0.7964,0.0669,0.0441,0.1208,0.7733,0.7967
225,7.5075,14,0.1848,0.853,0.0341,0.1102,0.3504,0.827
225,7.5075,16,0.3784,0.4926,0.1473,0.0793,0.7132,0.911
225,7.5075,17,0.8101,0.5873,0.0589,0.1396,0.3954,0.7378
225,7.5075,19,0.7052,0.2776,0.0565,0.0835,0.5803,0.8646
225,7.5075,20,0.6871,0.4498,0.0981,0.1002,0.7107,0.7696
225,7.5075,21,0.8785,0.4097,0.0656,0.1441,0.6261,0.7681
226,7.5409,2,0.8632,0.1796,0.1605,0.3122,0.3361,0.5144
226,7.5409,4,0.1187,0.3009,0.237,0.452,0.6042,0.0
226,7.5409,7,0.675,0.981,0.0488,0.0358,0.2748,1.0
226,7.5409,14,0.1847,0.8531,0.0341,0.1103,0.3336,0.827
226,7.5409,16,0.3759,0.4923,0.1485,0.0796,0.7122,0.911
226,7.5409,17,0.8139,0.5874,0.0589,0.1404,0.3788,0.7378
226,7.5409,19,0.7051,0.278,0.0556,0.0841,0.6944,0.8646
226,7.5409,20,0.6855,0.4512,0.0968,0.1013,0.6156,0.7696
226,7.5409,21,0.8792,0.4136,0.0651,0.1387,0.6015,0.7681
227,7.5742,2,0.859,0.182,0.1615,0.3091,0.455,0.5144
227,7.5742,4,0.1193,0.3003,0.237,0.4506,0.6341,0.0
227,7.5742,7,0.675,0.981,0.0488,0.0358,0.3125,1.0
227,7.5742,14,0.1847,0.8532,0.0341,0.1104,0.3428,0.827
227,7.5742,16,0.3732,0.4921,0.1491,0.0797,0.7455,0.911
227,7.5742,17,0.8178,0.588,0.0583,0.1403,0.4248,0.7378
227,7.5742,19,0.705,0.2783,0.0552,0.0852,0.7014,0.8646
227,7.5742,20,0.6836,0.4521,0.0959,0.1033,0.6848,0.7696
227,7.5742,21,0.88,0.4166,0.0658,0.135,0.6331,0.7681
228,7.6076,2,0.8546,0.1852,0.1628,0.3073,0.5124,0.5144
228,7.6076,4,0.1203,0.2998,0.2372,0.4493,0.5347,0.0
228,7.6076,7,0.675,0.981,0.0488,0.0358,0.3131,1.0
228,7.6076,14,0.1847,0.8532,0.0341,0.1104,0.3322,0.827
228,7.6076,16,0.3703,0.492,0.1495,0.0798,0.7224,0.911
228,7.6076,17,0.8213,0.5887,0.0577,0.14,0.376,0.7378
228,7.6076,19,0.7048,0.2788,0.0551,0.0866,0.7166,0.8646
228,7.6076,20,0.6819,0.4528,0.0952,0.1058,0.5253,0.7696
228,7.6076,21,0.881,0.4181,0.068,0.1346,0.6605,0.7681
229,7.641,2,0.8506,0.1887,0.164,0.3058,0.6401,0.5144
229,7.641,4,0.1217,0.2994,0.2379,0.4482,0.626,0.0
229,7.641,7,0.675,0.9811,0.0488,0.0359,0.3383,1.0
229,7.641,14,0.1847,0.8532,0.0341,0.1104,0.3366,0.827
229,7.641,16,0.367,0.4921,0.1494,0.0798,0.7422,0.911
229,7.641,19,0.7048,0.2795,0.0544,0.0869,0.6744,0.8646
229,7.641,20,0.6805,0.453,0.0946,0.1087,0.5438,0.7696
229,7.641,21,0.8817,0.4188,0.071,0.1353,0.7254,0.7681
230,7.6743,2,0.8463,0.1937,0.1663,0.3073,0.5457,0.5144
230,7.6743,4,0.1234,0.2993,0.2392,0.4483,0.5293,0.0
230,7.6743,7,0.675,0.9811,0.0489,0.0359,0.3293,1.0
230,7.6743,14,0.1847,0.8532,0.0341,0.1104,0.3325,0.827
230,7.6743,16,0.3637,0.4925,0.1479,0.0789,0.7597,0.911
230,7.6743,19,0.7048,0.2804,0.0539,0.0872,0.6833,0.8646
230,7.6743,20,0.6791,0.4531,0.093,0.111,0.478,0.7696
230,7.6743,21,0.8824,0.4191,0.0747,0.1371,0.7238,0.7681
231,7.7077,2,0.8434,0.2002,0.1683,0.3097,0.3939,0.5144
231,7.7077,4,0.1251,0.2996,0.2408,0.4484,0.4997,0.0
231,7.7077,7,0.675,0.9811,0.0488,0.0359,0.3399,1.0
231,7.7077,8,0.7932,0.0593,0.0435,0.1104,0.5181,0.7967
231,7.7077,14,0.1847,0.8532,0.0341,0.1104,0.3588,0.827
231,7.7077,16,0.3603,0.4929,0.1469,0.0784,0.736,0.911
231,7.7077,19,0.705,0.2816,0.0534,0.0873,0.6814,0.8646
231,7.7077,20,0.6776,0.453,0.0911,0.1131,0.5774,0.7696
231,7.7077,21,0.8829,0.4196,0.0784,0.139,0.75,0.7681
232,7.7411,2,0.8407,0.2089,0.1678,0.3083,0.4565,0.5144
232,7.7411,4,0.1266,0.3003,0.2423,0.4487,0.4639,0.0
232,7.7411,7,0.6749,0.9811,0.0488,0.0359,0.3252,1.0
232,7.7411,8,0.7906,0.0547,0.0455,0.1055,0.399,0.7967
232,7.7411,14,0.1847,0.8532,0.0341,0.1103,0.3555,0.827
232,7.7411,16,0.3572,0.4932,0.1459,0.0779,0.7246,0.911
232,7.7411,17,0.8252,0.589,0.057,0.1403,0.3335,0.7378
232,7.7411,19,0.7051,0.2831,0.053,0.0874,0.7639,0.8646
232,7.7411,20,0.677,0.4528,0.089,0.115,0.4677,0.7696
232,7.7411,21,0.8832,0.4206,0.0817,0.1399,0.7168,0.7681
233,7.7744,2,0.8382,0.2171,0.168,0.3096,0.2946,0.5144
233,7.7744,4,0.1277,0.3016,0.2437,0.449,0.4207,0.0
233,7.7744,7,0.6749,0.9811,0.0488,0.0359,0.3169,1.0
233,7.7744,8,0.7884,0.0521,0.0494,0.1042,0.6983,0.7967
233,7.7744,14,0.1847,0.8532,0.034,0.1103,0.3743,0.827
233,7.7744,16,0.3546,0.4936,0.1447,0.0772,0.6872,0.911
233,7.7744,17,0.8296,0.5887,0.0563,0.141,0.3009,0.7378
233,7.7744,19,0.7051,0.285,0.0528,0.0877,0.744,0.8646
233,7.7744,20,0.6771,0.4525,0.087,0.1168,0.3832,0.7696
233,7.7744,21,0.8832,0.422,0.0843,0.1398,0.7526,0.7681
234,7.8078,4,0.1281,0.3039,0.2451,0.4496,0.4461,0.0
234,7.8078,7,0.675,0.9811,0.0487,0.0359,0.3267,1.0
234,7.8078,8,0.7883,0.0486,0.0518,0.0972,0.4634,0.7967
234,7.8078,14,0.1848,0.8532,0.034,0.1103,0.3908,0.827
234,7.8078,16,0.352,0.4939,0.1435,0.0766,0.7063,0.911
234,7.8078,17,0.8337,0.588,0.0557,0.1416,0.3126,0.7378
234,7.8078,19,0.7048,0.287,0.0528,0.088,0.6117,0.8646
234,7.8078,20,0.6772,0.4524,0.0862,0.1179,0.351,0.7696
234,7.8078,21,0.8828,0.4227,0.0875,0.1411,0.7676,0.7681
235,7.8412,2,0.8363,0.224,0.167,0.31,0.4827,0.5144
235,7.8412,4,0.1274,0.3076,0.2456,0.4495,0.4491,0.0
235,7.8412,7,0.6751,0.981,0.0487,0.0358,0.3151,1.0
235,7.8412,8,0.7888,0.0478,0.0562,0.0955,0.4308,0.7967
235,7.8412,14,0.1848,0.8532,0.034,0.1102,0.3833,0.827
235,7.8412,16,0.3499,0.4944,0.1415,0.0754,0.718,0.911
235,7.8412,17,0.8377,0.5874,0.0549,0.1414,0.6371,0.7378
235,7.8412,19,0.7042,0.2892,0.0527,0.0882,0.7092,0.8646
235,7.8412,20,0.6773,0.4522,0.0854,0.119,0.3325,0.7696
235,7.8412,21,0.882,0.4245,0.0895,0.1407,0.7483,0.7681
236,7.8745,4,0.1256,0.3131,0.244,0.447,0.494,0.0
236,7.8745,7,0.6751,0.981,0.0487,0.0358,0.3008,1.0
236,7.8745,8,0.7931,0.0506,0.0648,0.101,0.4278,0.7967
236,7.8745,14,0.1849,0.8531,0.0339,0.1101,0.4253,0.827
236,7.8745,16,0.3482,0.4949,0.1398,0.0743,0.6625,0.911
236,7.8745,17,0.8408,0.5864,0.0545,0.1415,0.4466,0.7378
236,7.8745,19,0.7036,0.2911,0.0533,0.0893,0.7012,0.8646
236,7.8745,20,0.6774,0.4521,0.0849,0.1204,0.3292,0.7696
236,7.8745,21,0.8808,0.4264,0.0918,0.141,0.685,0.7681
237,7.9079,2,0.8348,0.2304,0.1653,0.3098,0.4561,0.5144
237,7.9079,4,0.1227,0.3192,0.2401,0.4424,0.4775,0.0
237,7.9079,14,0.185,0.8531,0.0339,0.11,0.4718,0.827
237,7.9079,16,0.3468,0.4952,0.139,0.0737,0.6889,0.911
237,7.9079,17,0.8485,0.5829,0.0548,0.1435,0.427,0.7378
237,7.9079,19,0.7029,0.2926,0.0542,0.0907,0.5932,0.8646
237,7.9079,21,0.8834,0.4281,0.0933,0.14,0.3149,0.7681
238,7.9413,2,0.8339,0.2365,0.163,0.3092,0.4372,0.5144
238,7.9413,4,0.1189,0.3247,0.2344,0.4369,0.5225,0.0
238,7.9413,8,0.797,0.0552,0.0737,0.1103,0.5053,0.7967
238,7.9413,14,0.185,0.853,0.0338,0.1098,0.5189,0.827
238,7.9413,16,0.3455,0.4955,0.1383,0.073,0.5609,0.911
238,7.9413,17,0.8562,0.5793,0.0549,0.1448,0.2883,0.7378
238,7.9413,19,0.7023,0.2936,0.0558,0.0936,0.4035,0.8646
239,7.9746,2,0.833,0.2446,0.1602,0.3087,0.4748,0.5144
239,7.9746,4,0.1144,0.3296,0.227,0.4308,0.6218,0.0
239,7.9746,8,0.8003,0.0602,0.082,0.1202,0.514,0.7967
239,7.9746,14,0.1851,0.853,0.0338,0.1097,0.546,0.827
239,7.9746,16,0.3445,0.4957,0.1379,0.0724,0.5891,0.911
239,7.9746,17,0.8638,0.5761,0.0546,0.145,0.3184,0.7378
239,7.9746,19,0.7019,0.2946,0.0576,0.0968,0.3037,0.8646
239,7.9746,21,0.8861,0.4291,0.0946,0.139,0.4523,0.7681
240,8.008,2,0.8308,0.2523,0.157,0.3071,0.4627,0.5144
240,8.008,4,0.1095,0.3338,0.2184,0.4252,0.5705,0.0
240,8.008,14,0.1851,0.8529,0.0338,0.1095,0.5748,0.827
240,8.008,16,0.3437,0.4962,0.1368,0.0714,0.526,0.911
240,8.008,19,0.7017,0.2956,0.0595,0.1003,0.253,0.8646
240,8.008,21,0.8889,0.4295,0.0958,0.1382,0.3154,0.7681
241,8.0414,2,0.8288,0.2594,0.1541,0.3055,0.2942,0.5144
241,8.0414,4,0.1041,0.3366,0.2082,0.4203,0.5114,0.0
241,8.0414,14,0.1851,0.8528,0.0337,0.1093,0.5868,0.827
241,8.0414,16,0.3431,0.4968,0.1355,0.0702,0.4991,0.911
241,8.0414,19,0.7021,0.2975,0.0603,0.1018,0.2813,0.8646
242,8.0747,4,0.0988,0.338,0.1975,0.4175,0.4983,0.0
242,8.0747,14,0.1851,0.8528,0.0337,0.1092,0.5777,0.827
242,8.0747,16,0.3424,0.4972,0.1352,0.0694,0.5223,0.911
242,8.0747,19,0.7029,0.3001,0.0609,0.1025,0.326,0.8646
243,8.1081,4,0.0936,0.3373,0.1872,0.4175,0.5317,0.0
243,8.1081,14,0.1851,0.8527,0.0337,0.1091,0.5809,0.827
243,8.1081,16,0.3411,0.4976,0.1351,0.0686,0.5233,0.911
243,8.1081,19,0.7046,0.3019,0.0622,0.1046,0.2653,0.8646
244,8.1415,4,0.0886,0.3362,0.1771,0.419,0.4962,0.0
244,8.1415,14,0.1851,0.8527,0.0338,0.1091,0.5841,0.827
244,8.1415,16,0.34,0.4977,0.1355,0.0681,0.52,0.911
244,8.1415,19,0.7069,0.304,0.0636,0.107,0.5341,0.8646
245,8.1748,2,0.8268,0.2665,0.1518,0.3045,0.3865,0.5144
245,8.1748,4,0.0839,0.3354,0.1678,0.4209,0.5246,0.0
245,8.1748,14,0.1851,0.8526,0.0338,0.109,0.5944,0.827
245,8.1748,16,0.3389,0.4979,0.1357,0.0675,0.6135,0.911
245,8.1748,19,0.7096,0.3087,0.0627,0.1051,0.569,0.8646
246,8.2082,4,0.0799,0.3349,0.1597,0.4231,0.5944,0.0
246,8.2082,14,0.1851,0.8526,0.0338,0.109,0.5816,0.827
246,8.2082,16,0.3374,0.4981,0.1354,0.0666,0.5191,0.911
246,8.2082,19,0.7108,0.3108,0.0624,0.1042,0.4373,0.8646
247,8.2416,2,0.8246,0.2738,0.15,0.3044,0.2804,0.5144
247,8.2416,4,0.0767,0.3347,0.1535,0.4257,0.6201,0.0
247,8.2416,14,0.1851,0.8525,0.0338,0.1089,0.6001,0.827
247,8.2416,16,0.3355,0.4981,0.1362,0.0662,0.5378,0.911
247,8.2416,19,0.7123,0.3134,0.0617,0.1026,0.3367,0.8646
248,8.2749,2,0.8224,0.2812,0.1485,0.3047,0.5791,0.5144
248,8.2749,4,0.0747,0.3343,0.1494,0.4279,0.6959,0.0
248,8.2749,14,0.185,0.8525,0.0339,0.1089,0.6378,0.827
248,8.2749,16,0.3335,0.4979,0.1375,0.0662,0.439,0.911
249,8.3083,2,0.82,0.2883,0.1469,0.3048,0.3393,0.5144
249,8.3083,4,0.0736,0.3337,0.1472,0.4293,0.6373,0.0
249,8.3083,14,0.185,0.8525,0.0339,0.1089,0.6451,0.827
249,8.3083,16,0.3317,0.4976,0.1389,0.0663,0.4837,0.911
249,8.3083,19,0.7142,0.315,0.0622,0.103,0.495,0.8646
250,8.3417,2,0.8182,0.2935,0.1455,0.3049,0.4901,0.5144
250,8.3417,4,0.0734,0.3325,0.1468,0.4308,0.676,0.0
250,8.3417,7,0.6752,0.9809,0.0486,0.0358,0.2718,1.0
250,8.3417,14,0.1849,0.8524,0.034,0.1088,0.524,0.827
250,8.3417,16,0.3304,0.4974,0.14,0.0662,0.4731,0.911
251,8.375,2,0.8165,0.2978,0.1441,0.3053,0.3253,0.5144
251,8.375,4,0.0741,0.3304,0.1482,0.4324,0.5965,0.0
251,8.375,7,0.6753,0.9808,0.0486,0.0358,0.3005,1.0
251,8.375,8,0.8031,0.0648,0.0891,0.1294,0.6109,0.7967
251,8.375,14,0.1849,0.8524,0.034,0.1088,0.5366,0.827
251,8.375,16,0.3271,0.4971,0.141,0.0662,0.3672,0.911
252,8.4084,2,0.8146,0.302,0.1428,0.3059,0.3679,0.5144
252,8.4084,4,0.0755,0.3273,0.1509,0.4349,0.5379,0.0
252,8.4084,7,0.6753,0.9808,0.0486,0.0357,0.2754,1.0
252,8.4084,8,0.8056,0.0686,0.0945,0.1369,0.5417,0.7967
252,8.4084,14,0.1849,0.8524,0.0341,0.1088,0.5006,0.827
252,8.4084,16,0.323,0.4969,0.1421,0.0661,0.4448,0.911
253,8.4418,2,0.8128,0.3061,0.1413,0.3062,0.4054,0.5144
253,8.4418,4,0.0772,0.3236,0.1543,0.4376,0.5535,0.0
253,8.4418,7,0.6754,0.9807,0.0487,0.0357,0.2956,1.0
253,8.4418,8,0.8075,0.0737,0.1001,0.1471,0.4837,0.7967
253,8.4418,14,0.1848,0.8524,0.0342,0.1087,0.5033,0.827
253,8.4418,16,0.319,0.4968,0.1431,0.066,0.4815,0.911
254,8.4751,2,0.8111,0.3102,0.1398,0.3062,0.4339,0.5144
254,8.4751,4,0.0789,0.3193,0.1575,0.4399,0.5581,0.0
254,8.4751,7,0.6754,0.9807,0.0487,0.0357,0.2955,1.0
254,8.4751,8,0.8094,0.0789,0.1046,0.1577,0.5317,0.7967
254,8.4751,14,0.1848,0.8524,0.0343,0.1087,0.542,0.827
254,8.4751,21,0.8916,0.4293,0.0974,0.1383,0.4476,0.7681
254,8.4751,22,0.7108,0.2162,0.0706,0.1534,0.7198,0.7021
255,8.5085,2,0.8093,0.3142,0.1384,0.3056,0.3743,0.5144
255,8.5085,4,0.0809,0.315,0.1603,0.4417,0.5802,0.0
255,8.5085,7,0.6754,0.9807,0.0487,0.0358,0.3094,1.0
255,8.5085,8,0.8078,0.0812,0.1047,0.1621,0.4869,0.7967
255,8.5085,14,0.1848,0.8524,0.0343,0.1087,0.5806,0.827
255,8.5085,17,0.8706,0.5732,0.0544,0.1452,0.299,0.7378
255,8.5085,21,0.894,0.4294,0.0984,0.1375,0.4786,0.7681
255,8.5085,22,0.7099,0.2175,0.0711,0.1545,0.5109,0.7021
256,8.5419,2,0.8076,0.3181,0.1372,0.3054,0.2625,0.5144
256,8.5419,4,0.0832,0.3106,0.1627,0.4432,0.5547,0.0
256,8.5419,7,0.6754,0.9807,0.0488,0.0358,0.2917,1.0
256,8.5419,8,0.8069,0.0833,0.105,0.1664,0.4686,0.7967
256,8.5419,14,0.1847,0.8524,0.0344,0.1087,0.5559,0.827
256,8.5419,17,0.877,0.5705,0.0543,0.1455,0.4078,0.7378
256,8.5419,21,0.8962,0.4278,0.1003,0.1387,0.5997,0.7681
256,8.5419,22,0.7092,0.2185,0.0719,0.1564,0.7418,0.7021
257,8.5752,2,0.8061,0.3219,0.1362,0.3053,0.2801,0.5144
257,8.5752,4,0.0859,0.3062,0.1651,0.4439,0.575,0.0
257,8.5752,7,0.6753,0.9807,0.0489,0.0358,0.2737,1.0
257,8.5752,8,0.8067,0.0857,0.1059,0.1712,0.3934,0.7967
257,8.5752,14,0.1847,0.8524,0.0344,0.1087,0.5841,0.827
257,8.5752,16,0.316,0.4965,0.144,0.0658,0.2598,0.911
257,8.5752,17,0.8831,0.5677,0.0543,0.1459,0.4673,0.7378
257,8.5752,21,0.8985,0.4256,0.1014,0.1388,0.6423,0.7681
257,8.5752,22,0.7086,0.2196,0.0726,0.1581,0.7498,0.7021
258,8.6086,2,0.8044,0.3254,0.1352,0.3051,0.2618,0.5144
258,8.6086,4,0.089,0.3023,0.1672,0.4432,0.4291,0.0
258,8.6086,7,0.6753,0.9807,0.049,0.0359,0.2679,1.0
258,8.6086,8,0.8074,0.0879,0.1068,0.1756,0.7292,0.7967
258,8.6086,14,0.1847,0.8524,0.0345,0.1087,0.5608,0.827
258,8.6086,16,0.3136,0.4964,0.1444,0.0656,0.3464,0.911
258,8.6086,17,0.8891,0.5649,0.0545,0.1468,0.492,0.7378
258,8.6086,21,0.896,0.4231,0.1035,0.1405,0.5574,0.7681
258,8.6086,22,0.7074,0.2221,0.0737,0.1605,0.7108,0.7021
259,8.642,2,0.8033,0.3285,0.1339,0.304,0.3055,0.5144
259,8.642,4,0.0924,0.2986,0.1693,0.442,0.3754,0.0
259,8.642,8,0.8085,0.0901,0.108,0.1799,0.7778,0.7967
259,8.642,14,0.1847,0.8524,0.0345,0.1087,0.5648,0.827
259,8.642,16,0.3114,0.4966,0.1462,0.0661,0.3161,0.911
259,8.642,17,0.8903,0.5642,0.0546,0.1465,0.4072,0.7378
259,8.642,21,0.8933,0.4206,0.1058,0.1427,0.4065,0.7681
259,8.642,22,0.7063,0.2246,0.0747,0.163,0.7497,0.7021
260,8.6753,2,0.8024,0.3315,0.1326,0.3027,0.5186,0.5144
260,8.6753,4,0.0959,0.2947,0.1715,0.4408,0.3754,0.0
260,8.6753,8,0.8099,0.0923,0.1097,0.1844,0.7523,0.7967
260,8.6753,14,0.1847,0.8524,0.0346,0.1087,0.5741,0.827
260,8.6753,16,0.3093,0.4967,0.1476,0.0666,0.273,0.911
260,8.6753,17,0.8915,0.5635,0.0552,0.1468,0.287,0.7378
260,8.6753,21,0.8902,0.4179,0.1084,0.1453,0.4069,0.7681
260,8.6753,22,0.7055,0.2272,0.0758,0.1656,0.6367,0.7021
261,8.7087,2,0.8012,0.3342,0.1311,0.3007,0.3196,0.5144
261,8.7087,4,0.0992,0.29,0.1741,0.4404,0.4376,0.0
261,8.7087,8,0.8114,0.0939,0.1108,0.1875,0.7224,0.7967
261,8.7087,14,0.1847,0.8525,0.0346,0.1087,0.5606,0.827
261,8.7087,16,0.3092,0.4967,0.1482,0.0669,0.3468,0.911
261,8.7087,17,0.893,0.5627,0.0561,0.1471,0.28,0.7378
261,8.7087,22,0.7045,0.23,0.0769,0.1682,0.6254,0.7021
262,8.7421,2,0.8004,0.3368,0.1293,0.2989,0.4116,0.5144
262,8.7421,4,0.1019,0.2851,0.1769,0.44,0.448,0.0
262,8.7421,7,0.6753,0.9806,0.0491,0.036,0.2524,1.0
262,8.7421,8,0.8126,0.0948,0.1115,0.1893,0.6082,0.7967
262,8.7421,14,0.1847,0.8525,0.0347,0.1088,0.5621,0.827
262,8.7421,16,0.3097,0.4958,0.1496,0.0679,0.2569,0.911
262,8.7421,17,0.8947,0.5618,0.0571,0.1468,0.5516,0.7378
262,8.7421,21,0.8885,0.4126,0.1095,0.147,0.4782,0.7681
262,8.7421,22,0.7037,0.2332,0.0777,0.1701,0.5555,0.7021
263,8.7754,2,0.8,0.3389,0.1274,0.296,0.2974,0.5144
263,8.7754,4,0.104,0.2797,0.1799,0.4402,0.4488,0.0
263,8.7754,8,0.8135,0.0956,0.1123,0.1908,0.6116,0.7967
263,8.7754,14,0.1847,0.8525,0.0348,0.1089,0.5274,0.827
263,8.7754,16,0.3048,0.4892,0.1637,0.0776,0.3845,0.911
263,8.7754,17,0.8964,0.5604,0.0583,0.1473,0.5765,0.7378
263,8.7754,21,0.8878,0.406,0.1086,0.1469,0.2985,0.7681
263,8.7754,22,0.7027,0.2372,0.0782,0.1712,0.6511,0.7021
264,8.8088,2,0.7985,0.3418,0.1247,0.2903,0.5494,0.5144
264,8.8088,4,0.1052,0.2735,0.1833,0.4417,0.4768,0.0
264,8.8088,7,0.6752,0.9806,0.0492,0.036,0.3029,1.0
264,8.8088,8,0.814,0.0965,0.1133,0.1925,0.7757,0.7967
264,8.8088,14,0.1847,0.8526,0.0349,0.1089,0.43,0.827
264,8.8088,16,0.3042,0.488,0.1668,0.0798,0.2877,0.911
264,8.8088,17,0.898,0.5587,0.0598,0.1483,0.441,0.7378
264,8.8088,21,0.8875,0.3994,0.1068,0.1461,0.2588,0.7681
264,8.8088,22,0.7006,0.2431,0.0782,0.1712,0.4671,0.7021
265,8.8422,2,0.797,0.3453,0.1225,0.2845,0.3411,0.5144
265,8.8422,4,0.1057,0.2664,0.1871,0.4453,0.4804,0.0
265,8.8422,7,0.6752,0.9806,0.0493,0.0362,0.3096,1.0
265,8.8422,8,0.8143,0.0975,0.1144,0.1946,0.7734,0.7967
265,8.8422,14,0.1847,0.8526,0.035,0.109,0.3702,0.827
265,8.8422,17,0.8993,0.5565,0.0612,0.1496,0.3757,0.7378
265,8.8422,22,0.6984,0.2494,0.078,0.1704,0.4296,0.7021
266,8.8755,2,0.7916,0.3492,0.122,0.2796,0.3375,0.5144
266,8.8755,4,0.105,0.2587,0.1904,0.449,0.443,0.0
266,8.8755,7,0.6751,0.9805,0.0494,0.0363,0.3129,1.0
266,8.8755,8,0.8146,0.0985,0.1154,0.1965,0.7736,0.7967
266,8.8755,14,0.1848,0.8525,0.035,0.109,0.3658,0.827
266,8.8755,17,0.9006,0.5542,0.0625,0.151,0.4649,0.7378
266,8.8755,22,0.6959,0.2556,0.0776,0.1691,0.3366,0.7021
267,8.9089,4,0.1034,0.2547,0.1904,0.4454,0.4575,0.0
267,8.9089,7,0.6751,0.9805,0.0495,0.0364,0.294,1.0
267,8.9089,8,0.8148,0.0991,0.1158,0.1978,0.7217,0.7967
267,8.9089,14,0.1848,0.8525,0.0351,0.109,0.3818,0.827
267,8.9089,17,0.9016,0.5517,0.0636,0.1526,0.7228,0.7378
268,8.9423,4,0.1015,0.2486,0.1908,0.445,0.317,0.0
268,8.9423,7,0.675,0.9805,0.0495,0.0365,0.3182,1.0
268,8.9423,8,0.8153,0.1003,0.1165,0.2002,0.7298,0.7967
268,8.9423,14,0.1849,0.8524,0.0351,0.1089,0.3542,0.827
268,8.9423,17,0.9023,0.5491,0.0646,0.1544,0.658,0.7378
269,8.9756,4,0.0996,0.2423,0.1909,0.4454,0.3341,0.0
269,8.9756,7,0.675,0.9805,0.0495,0.0365,0.27,1.0
269,8.9756,8,0.8163,0.1017,0.1167,0.2029,0.513,0.7967
269,8.9756,14,0.1849,0.8523,0.0351,0.1088,0.3579,0.827
269,8.9756,16,0.3029,0.4864,0.1713,0.0829,0.281,0.911
269,8.9756,17,0.9029,0.5462,0.0656,0.1572,0.5921,0.7378
270,9.009,4,0.0963,0.2404,0.1875,0.4387,0.2518,0.0
270,9.009,7,0.6749,0.9805,0.0495,0.0366,0.2685,1.0
270,9.009,8,0.8173,0.1029,0.1165,0.2053,0.5293,0.7967
270,9.009,14,0.1849,0.8522,0.0351,0.1087,0.401,0.827
270,9.009,17,0.9034,0.5436,0.0663,0.1596,0.385,0.7378
270,9.009,22,0.6934,0.2617,0.0771,0.1676,0.3069,0.7021
271,9.0424,7,0.6749,0.9805,0.0494,0.0366,0.2878,1.0
271,9.0424,8,0.8183,0.1034,0.1151,0.2063,0.7534,0.7967
271,9.0424,14,0.185,0.8522,0.0351,0.1086,0.4062,0.827
271,9.0424,17,0.9038,0.5411,0.0667,0.1622,0.4027,0.7378
271,9.0424,21,0.8874,0.3929,0.1047,0.1456,0.2652,0.7681
271,9.0424,22,0.6911,0.2673,0.0767,0.1659,0.2673,0.7021
272,9.0757,2,0.7852,0.3531,0.1225,0.2751,0.5591,0.5144
272,9.0757,4,0.0925,0.2412,0.182,0.4284,0.325,0.0
272,9.0757,7,0.6749,0.9805,0.0493,0.0366,0.3331,1.0
272,9.0757,8,0.8192,0.1037,0.1133,0.2069,0.7963,0.7967
272,9.0757,14,0.185,0.8521,0.0351,0.1084,0.4837,0.827
272,9.0757,17,0.9041,0.5389,0.0671,0.1646,0.3655,0.7378
272,9.0757,22,0.6887,0.2724,0.0763,0.1641,0.5458,0.7021
273,9.1091,4,0.0887,0.2443,0.1756,0.4169,0.3531,0.0
273,9.1091,7,0.6749,0.9805,0.0492,0.0367,0.3139,1.0
273,9.1091,8,0.8198,0.1036,0.1111,0.2067,0.649,0.7967
273,9.1091,14,0.185,0.8521,0.035,0.1084,0.475,0.827
273,9.1091,17,0.9044,0.5368,0.0671,0.1666,0.5639,0.7378
273,9.1091,21,0.888,0.3866,0.1015,0.1441,0.3027,0.7681
273,9.1091,22,0.6862,0.2769,0.0756,0.1615,0.5581,0.7021
274,9.1425,2,0.7784,0.3568,0.1239,0.2708,0.2692,0.5144
274,9.1425,4,0.0855,0.249,0.1695,0.4064,0.3066,0.0
274,9.1425,7,0.675,0.9805,0.0492,0.0367,0.2629,1.0
274,9.1425,8,0.8204,0.1031,0.1087,0.2058,0.7506,0.7967
274,9.1425,14,0.185,0.8521,0.0351,0.1084,0.4812,0.827
274,9.1425,17,0.9047,0.535,0.0669,0.1683,0.6815,0.7378
274,9.1425,21,0.8885,0.3803,0.0975,0.1422,0.4297,0.7681
274,9.1425,22,0.6847,0.2791,0.0754,0.1595,0.7783,0.7021
275,9.1758,4,0.0832,0.2517,0.1665,0.4041,0.6602,0.0
275,9.1758,7,0.675,0.9805,0.0491,0.0367,0.3023,1.0
275,9.1758,8,0.8208,0.1023,0.1062,0.2043,0.7512,0.7967
275,9.1758,14,0.185,0.8521,0.0351,0.1083,0.4593,0.827
275,9.1758,17,0.905,0.5335,0.0665,0.1696,0.6832,0.7378
275,9.1758,21,0.889,0.3741,0.093,0.1399,0.4694,0.7681
275,9.1758,22,0.6831,0.2806,0.0757,0.1585,0.7822,0.7021
276,9.2092,2,0.7713,0.3603,0.126,0.2665,0.3417,0.5144
276,9.2092,4,0.0813,0.2585,0.1626,0.3994,0.65,0.0
276,9.2092,7,0.675,0.9805,0.0491,0.0367,0.2671,1.0
276,9.2092,8,0.821,0.1,0.1028,0.1997,0.7444,0.7967
276,9.2092,14,0.185,0.8522,0.0351,0.1084,0.4252,0.827
276,9.2092,17,0.9053,0.5322,0.0658,0.1703,0.7232,0.7378
276,9.2092,21,0.8881,0.3701,0.0893,0.138,0.3078,0.7681
276,9.2092,22,0.6816,0.2819,0.0764,0.1583,0.8043,0.7021
277,9.2426,2,0.7636,0.364,0.1287,0.2627,0.2795,0.5144
277,9.2426,4,0.0794,0.2667,0.1589,0.395,0.3184,0.0
277,9.2426,7,0.675,0.9804,0.049,0.0367,0.2589,1.0
277,9.2426,8,0.8216,0.097,0.0992,0.1937,0.6342,0.7967
277,9.2426,14,0.1851,0.8522,0.0351,0.1084,0.3734,0.827
277,9.2426,17,0.9054,0.5314,0.065,0.1704,0.6716,0.7378
277,9.2426,21,0.8862,0.367,0.0874,0.1377,0.4444,0.7681
277,9.2426,22,0.68,0.2826,0.0778,0.1592,0.7536,0.7021
278,9.2759,2,0.7569,0.3669,0.1326,0.2618,0.4878,0.5144
278,9.2759,4,0.0795,0.2721,0.159,0.3982,0.6554,0.0
278,9.2759,7,0.6751,0.9804,0.049,0.0367,0.3088,1.0
278,9.2759,8,0.8231,0.0946,0.0966,0.1889,0.6795,0.7967
278,9.2759,14,0.1851,0.8522,0.0351,0.1085,0.4578,0.827
278,9.2759,17,0.9055,0.5309,0.064,0.1698,0.6351,0.7378
278,9.2759,21,0.8838,0.3641,0.0861,0.138,0.5431,0.7681
278,9.2759,22,0.6783,0.2836,0.0788,0.1594,0.801,0.7021
279,9.3093,2,0.751,0.37,0.1368,0.2615,0.5626,0.5144
279,9.3093,4,0.081,0.2765,0.1615,0.4046,0.4024,0.0
279,9.3093,7,0.6751,0.9804,0.0489,0.0367,0.2758,1.0
279,9.3093,8,0.8252,0.0925,0.0946,0.1847,0.805,0.7967
279,9.3093,14,0.1852,0.8523,0.0351,0.1085,0.424,0.827
279,9.3093,17,0.9056,0.5305,0.063,0.1689,0.6279,0.7378
279,9.3093,21,0.8812,0.3631,0.0835,0.1352,0.3778,0.7681
279,9.3093,22,0.6768,0.2849,0.08,0.1599,0.7774,0.7021
280,9.3427,2,0.7491,0.3727,0.1403,0.2612,0.3323,0.5144
280,9.3427,4,0.0838,0.2797,0.1651,0.4122,0.4785,0.0
280,9.3427,7,0.6751,0.9804,0.0489,0.0367,0.2799,1.0
280,9.3427,8,0.8275,0.0901,0.0928,0.1798,0.6861,0.7967
280,9.3427,14,0.1852,0.8523,0.0351,0.1085,0.3777,0.827
280,9.3427,17,0.9055,0.5303,0.0621,0.168,0.6239,0.7378
280,9.3427,21,0.8781,0.3612,0.0828,0.1353,0.596,0.7681
280,9.3427,22,0.6754,0.2864,0.0813,0.1608,0.7674,0.7021
281,9.376,2,0.7493,0.3803,0.1393,0.2532,0.2529,0.5144
281,9.376,4,0.0876,0.282,0.1696,0.4203,0.5088,0.0
281,9.376,7,0.6751,0.9804,0.0489,0.0367,0.3186,1.0
281,9.376,8,0.8296,0.0881,0.0919,0.1759,0.7532,0.7967
281,9.376,14,0.1853,0.8523,0.0351,0.1085,0.4227,0.827
281,9.376,17,0.9055,0.5301,0.0614,0.1672,0.545,0.7378
281,9.376,21,0.8747,0.3591,0.0826,0.1362,0.5801,0.7681
281,9.376,22,0.6741,0.2881,0.0827,0.1621,0.8021,0.7021
282,9.4094,4,0.0923,0.284,0.1744,0.4276,0.5205,0.0
282,9.4094,7,0.6751,0.9805,0.0488,0.0366,0.3088,1.0
282,9.4094,8,0.8318,0.0861,0.0915,0.1718,0.7918,0.7967
282,9.4094,14,0.1853,0.8523,0.0351,0.1086,0.382,0.827
282,9.4094,17,0.9054,0.53,0.0608,0.1666,0.5498,0.7378
282,9.4094,21,0.8711,0.3573,0.0827,0.1373,0.6525,0.7681
282,9.4094,22,0.6729,0.2901,0.0836,0.1629,0.7823,0.7021
283,9.4428,2,0.7509,0.3895,0.1373,0.2438,0.5171,0.5144
283,9.4428,4,0.0977,0.2857,0.1794,0.4329,0.4569,0.0
283,9.4428,7,0.6751,0.9805,0.0488,0.0366,0.2828,1.0
283,9.4428,8,0.8342,0.0849,0.0921,0.1693,0.7724,0.7967
283,9.4428,14,0.1853,0.8524,0.0351,0.1086,0.3678,0.827
283,9.4428,17,0.9054,0.5299,0.0604,0.1659,0.4715,0.7378
283,9.4428,21,0.8671,0.3557,0.0829,0.1382,0.5285,0.7681
283,9.4428,22,0.6681,0.2942,0.0826,0.1605,0.7526,0.7021
284,9.4761,2,0.7526,0.3994,0.1351,0.2338,0.5321,0.5144
284,9.4761,4,0.1037,0.2878,0.1846,0.4366,0.3685,0.0
284,9.4761,7,0.6751,0.9805,0.0488,0.0366,0.2764,1.0
284,9.4761,8,0.8368,0.084,0.0935,0.1675,0.785,0.7967
284,9.4761,14,0.1853,0.8524,0.0351,0.1087,0.3777,0.827
284,9.4761,17,0.9055,0.5298,0.0601,0.1654,0.5174,0.7378
284,9.4761,21,0.8634,0.3545,0.0827,0.1383,0.6138,0.7681
284,9.4761,22,0.663,0.2995,0.0813,0.1577,0.7196,0.7021
285,9.5095,4,0.1096,0.2904,0.1895,0.4384,0.4758,0.0
285,9.5095,7,0.6751,0.9805,0.0487,0.0366,0.2708,1.0
285,9.5095,8,0.8392,0.0824,0.0949,0.1644,0.7524,0.7967
285,9.5095,14,0.1853,0.8524,0.0351,0.1087,0.3781,0.827
285,9.5095,17,0.9057,0.5297,0.06,0.165,0.4966,0.7378
285,9.5095,21,0.86,0.3537,0.0822,0.1379,0.5678,0.7681
285,9.5095,22,0.6612,0.3016,0.0809,0.1569,0.5357,0.7021
286,9.5429,2,0.7542,0.4095,0.1334,0.2243,0.4591,0.5144
286,9.5429,4,0.1148,0.2939,0.1938,0.4389,0.553,0.0
286,9.5429,7,0.6751,0.9805,0.0487,0.0366,0.2982,1.0
286,9.5429,8,0.8414,0.0806,0.0969,0.1608,0.6031,0.7967
286,9.5429,14,0.1853,0.8524,0.0351,0.1088,0.3716,0.827
286,9.5429,17,0.906,0.5297,0.06,0.1647,0.578,0.7378
286,9.5429,21,0.8568,0.3514,0.0832,0.1404,0.5821,0.7681
287,9.5762,2,0.7559,0.4156,0.1318,0.2186,0.5545,0.5144
287,9.5762,4,0.1188,0.2991,0.1978,0.4379,0.4514,0.0
287,9.5762,7,0.6751,0.9805,0.0487,0.0366,0.2606,1.0
287,9.5762,8,0.8439,0.0794,0.0999,0.1585,0.4494,0.7967
287,9.5762,14,0.1853,0.8525,0.0351,0.1088,0.3593,0.827
287,9.5762,17,0.9067,0.5291,0.0606,0.1657,0.5262,0.7378
287,9.5762,21,0.8538,0.3505,0.0824,0.1398,0.7036,0.7681
288,9.6096,2,0.7577,0.4226,0.1288,0.2101,0.332,0.5144
288,9.6096,4,0.1212,0.3059,0.2011,0.4354,0.4212,0.0
288,9.6096,7,0.6751,0.9805,0.0487,0.0366,0.2615,1.0
288,9.6096,14,0.1853,0.8525,0.035,0.1088,0.372,0.827
288,9.6096,17,0.9078,0.528,0.0618,0.1678,0.5079,0.7378
288,9.6096,21,0.8513,0.3501,0.081,0.1384,0.684,0.7681
289,9.643,2,0.7596,0.4325,0.1236,0.1964,0.4882,0.5144
289,9.643,4,0.122,0.3134,0.204,0.4326,0.3658,0.0
289,9.643,7,0.6751,0.9805,0.0486,0.0365,0.2992,1.0
289,9.643,8,0.847,0.0784,0.1036,0.1566,0.5995,0.7967
289,9.643,14,0.1853,0.8525,0.035,0.1088,0.3789,0.827
289,9.643,17,0.9083,0.5278,0.0625,0.1685,0.4222,0.7378
289,9.643,21,0.849,0.3493,0.0788,0.1354,0.7276,0.7681
290,9.6763,4,0.1211,0.3213,0.2064,0.4303,0.4499,0.0
290,9.6763,7,0.6751,0.9805,0.0486,0.0365,0.2949,1.0
290,9.6763,8,0.8508,0.0779,0.1077,0.1556,0.5844,0.7967
290,9.6763,14,0.1853,0.8525,0.035,0.1088,0.3439,0.827
290,9.6763,17,0.9085,0.5278,0.063,0.1687,0.5725,0.7378
290,9.6763,21,0.8469,0.349,0.076,0.1314,0.5713,0.7681
291,9.7097,4,0.1185,0.3287,0.208,0.4285,0.4926,0.0
291,9.7097,7,0.6751,0.9806,0.0486,0.0365,0.2847,1.0
291,9.7097,8,0.855,0.0778,0.1122,0.1556,0.6073,0.7967
291,9.7097,14,0.1853,0.8524,0.0349,0.1088,0.3602,0.827
291,9.7097,16,0.3008,0.4834,0.1752,0.0859,0.4,0.911
291,9.7097,17,0.9086,0.5281,0.0635,0.1689,0.5146,0.7378
291,9.7097,21,0.8449,0.349,0.0732,0.1273,0.6514,0.7681
292,9.7431,4,0.1151,0.3353,0.2081,0.4273,0.4357,0.0
292,9.7431,7,0.675,0.9806,0.0486,0.0365,0.3069,1.0
292,9.7431,8,0.8596,0.0782,0.1169,0.1565,0.7454,0.7967
292,9.7431,14,0.1854,0.8524,0.0348,0.1087,0.3927,0.827
292,9.7431,17,0.9087,0.5286,0.0639,0.169,0.3563,0.7378
292,9.7431,21,0.843,0.3487,0.0707,0.1233,0.7126,0.7681
293,9.7764,4,0.1111,0.3407,0.2067,0.4262,0.4828,0.0
293,9.7764,7,0.675,0.9806,0.0485,0.0364,0.3051,1.0
293,9.7764,8,0.8642,0.0788,0.1214,0.1575,0.7772,0.7967
293,9.7764,14,0.1854,0.8524,0.0348,0.1087,0.3902,0.827
293,9.7764,17,0.9087,0.5292,0.0644,0.1696,0.5796,0.7378
293,9.7764,21,0.8412,0.3482,0.0685,0.1196,0.6465,0.7681
293,9.7764,23,0.9719,0.242,0.0494,0.1737,0.3176,0.7472
294,9.8098,4,0.1068,0.3448,0.204,0.4254,0.3813,0.0
294,9.8098,7,0.675,0.9806,0.0485,0.0364,0.3018,1.0
294,9.8098,8,0.8654,0.0793,0.1247,0.1585,0.8019,0.7967
294,9.8098,14,0.1853,0.8524,0.0348,0.1087,0.3329,0.827
294,9.8098,17,0.9082,0.5303,0.0643,0.169,0.6629,0.7378
294,9.8098,21,0.8397,0.3473,0.0667,0.1164,0.7029,0.7681
294,9.8098,23,0.9702,0.2415,0.0495,0.1728,0.3056,0.7472
294,9.8098,24,0.829,0.4992,0.0449,0.1274,0.7128,0.7563
294,9.8098,25,0.6896,0.3838,0.1439,0.2712,0.502,0.4918
295,9.8432,4,0.1023,0.3475,0.2,0.4247,0.4045,0.0
295,9.8432,7,0.675,0.9807,0.0484,0.0364,0.3089,1.0
295,9.8432,8,0.8688,0.0797,0.1279,0.1595,0.7248,0.7967
295,9.8432,14,0.1853,0.8524,0.0347,0.1087,0.358,0.827
295,9.8432,17,0.9075,0.532,0.0638,0.1675,0.6466,0.7378
295,9.8432,21,0.8381,0.3464,0.0656,0.1138,0.6786,0.7681
295,9.8432,23,0.9681,0.2405,0.0494,0.1699,0.408,0.7472
295,9.8432,24,0.8289,0.5013,0.0448,0.1265,0.716,0.7563
295,9.8432,25,0.688,0.3863,0.1462,0.2739,0.3831,0.4918
296,9.8765,4,0.098,0.3491,0.1945,0.4242,0.4171,0.0
296,9.8765,7,0.675,0.9807,0.0484,0.0363,0.2884,1.0
296,9.8765,8,0.873,0.0806,0.1318,0.1613,0.4511,0.7967
296,9.8765,14,0.1853,0.8524,0.0347,0.1088,0.4278,0.827
296,9.8765,17,0.9073,0.5329,0.0638,0.1677,0.6459,0.7378
296,9.8765,21,0.8368,0.3458,0.0656,0.1129,0.6929,0.7681
296,9.8765,22,0.6589,0.3038,0.0804,0.1558,0.2845,0.7021
296,9.8765,23,0.9664,0.24,0.0498,0.1686,0.468,0.7472
296,9.8765,24,0.829,0.5031,0.0448,0.1259,0.5026,0.7563
296,9.8765,25,0.6869,0.3876,0.1475,0.2743,0.3234,0.4918
297,9.9099,4,0.0939,0.3505,0.1879,0.4237,0.4481,0.0
297,9.9099,7,0.675,0.9808,0.0483,0.0362,0.3572,1.0
297,9.9099,8,0.8809,0.079,0.1316,0.1579,0.3083,0.7967
297,9.9099,14,0.1853,0.8525,0.0347,0.109,0.4604,0.827
297,9.9099,17,0.9073,0.5336,0.0641,0.1687,0.6312,0.7378
297,9.9099,21,0.8356,0.3448,0.0666,0.1138,0.643,0.7681
297,9.9099,23,0.9638,0.2399,0.0499,0.1642,0.2807,0.7472
297,9.9099,24,0.8298,0.5047,0.045,0.1258,0.3662,0.7563
298,9.9433,4,0.0905,0.3524,0.1811,0.4232,0.3981,0.0
298,9.9433,7,0.6751,0.9808,0.0483,0.0361,0.3605,1.0
298,9.9433,8,0.8894,0.0769,0.1305,0.1538,0.3696,0.7967
298,9.9433,14,0.1853,0.8525,0.0347,0.1091,0.4222,0.827
298,9.9433,17,0.9074,0.5344,0.0644,0.1697,0.6024,0.7378
298,9.9433,21,0.8346,0.3434,0.0683,0.1158,0.6423,0.7681
298,9.9433,22,0.6556,0.3065,0.0794,0.1542,0.2671,0.7021
298,9.9433,24,0.831,0.5083,0.045,0.1249,0.5228,0.7563
299,9.9766,4,0.0877,0.3539,0.1753,0.4249,0.3952,0.0
299,9.9766,7,0.6751,0.9808,0.0483,0.0361,0.3114,1.0
299,9.9766,8,0.8979,0.0744,0.1284,0.1487,0.3264,0.7967
299,9.9766,14,0.1853,0.8526,0.0347,0.1092,0.3492,0.827
299,9.9766,17,0.9075,0.5354,0.0645,0.1705,0.6195,0.7378
299,9.9766,21,0.8338,0.3421,0.0702,0.1182,0.587,0.7681
299,9.9766,24,0.8323,0.5119,0.0448,0.1236,0.5609,0.7563
300,10.01,4,0.0856,0.354,0.1712,0.4307,0.3884,0.0
300,10.01,7,0.6751,0.9808,0.0483,0.0361,0.3008,1.0
300,10.01,14,0.1853,0.8526,0.0347,0.1093,0.3551,0.827
300,10.01,17,0.9076,0.5364,0.0647,0.1714,0.6394,0.7378
300,10.01,21,0.833,0.3408,0.0721,0.1206,0.6498,0.7681
300,10.01,23,0.961,0.241,0.0503,0.1599,0.4961,0.7472
300,10.01,24,0.8336,0.5151,0.0451,0.1236,0.667,0.7563
301,10.0434,4,0.0842,0.3535,0.1684,0.4391,0.4814,0.0
301,10.0434,7,0.6751,0.9808,0.0483,0.036,0.2924,1.0
301,10.0434,14,0.1853,0.8527,0.0347,0.1094,0.3703,0.827
301,10.0434,17,0.9077,0.5376,0.0648,0.1723,0.6535,0.7378
301,10.0434,21,0.8323,0.3397,0.0739,0.1227,0.6877,0.7681
301,10.0434,23,0.9583,0.243,0.0515,0.1578,0.5125,0.7472
301,10.0434,24,0.8355,0.5177,0.0456,0.1245,0.6265,0.7563
301,10.0434,25,0.686,0.3884,0.1485,0.2738,0.2817,0.4918
302,10.0767,4,0.0841,0.3504,0.1682,0.4529,0.4419,0.0
302,10.0767,7,0.6751,0.9808,0.0483,0.036,0.3281,1.0
302,10.0767,8,0.9064,0.0716,0.1256,0.1431,0.3132,0.7967
302,10.0767,14,0.1853,0.8527,0.0346,0.1095,0.3759,0.827
302,10.0767,17,0.9078,0.5391,0.0649,0.1733,0.5957,0.7378
302,10.0767,21,0.8316,0.3387,0.0753,0.1244,0.7038,0.7681
302,10.0767,23,0.9555,0.2447,0.0527,0.1551,0.6086,0.7472
302,10.0767,24,0.8374,0.5202,0.0461,0.1254,0.5663,0.7563
302,10.0767,25,0.6837,0.3895,0.1509,0.2742,0.3316,0.4918
303,10.1101,4,0.0853,0.3463,0.1705,0.4686,0.4715,0.0
303,10.1101,7,0.6751,0.9808,0.0483,0.036,0.3211,1.0
303,10.1101,8,0.9184,0.0686,0.1228,0.1368,0.3349,0.7967
303,10.1101,14,0.1853,0.8527,0.0346,0.1095,0.3412,0.827
303,10.1101,17,0.9078,0.5405,0.065,0.1743,0.5856,0.7378
303,10.1101,21,0.8308,0.3379,0.0764,0.1258,0.6847,0.7681
303,10.1101,23,0.9536,0.2466,0.0542,0.1537,0.6298,0.7472
303,10.1101,24,0.8393,0.5226,0.0464,0.1265,0.6107,0.7563
303,10.1101,25,0.6814,0.3923,0.1535,0.2745,0.3761,0.4918
304,10.1435,4,0.0876,0.3414,0.1752,0.4832,0.5134,0.0
304,10.1435,7,0.6751,0.9809,0.0484,0.036,0.3114,1.0
304,10.1435,8,0.9282,0.0649,0.1184,0.1294,0.5372,0.7967
304,10.1435,14,0.1853,0.8527,0.0346,0.1095,0.3387,0.827
304,10.1435,17,0.9077,0.542,0.065,0.1752,0.5951,0.7378
304,10.1435,21,0.8301,0.3374,0.0771,0.1267,0.7199,0.7681
304,10.1435,23,0.9525,0.2478,0.0554,0.1522,0.6234,0.7472
304,10.1435,24,0.8407,0.5248,0.0466,0.1274,0.6012,0.7563
304,10.1435,25,0.6797,0.3958,0.1566,0.2749,0.4805,0.4918
304,10.1435,26,0.8218,0.1154,0.0478,0.1222,0.4841,0.8311
305,10.1768,4,0.0913,0.336,0.1808,0.4958,0.4261,0.0
305,10.1768,7,0.6751,0.9809,0.0484,0.036,0.3249,1.0
305,10.1768,8,0.9372,0.0602,0.1115,0.1199,0.3348,0.7967
305,10.1768,14,0.1853,0.8527,0.0346,0.1094,0.3406,0.827
305,10.1768,17,0.9075,0.5433,0.065,0.1762,0.5912,0.7378
305,10.1768,21,0.8292,0.3372,0.0775,0.1272,0.7063,0.7681
305,10.1768,23,0.952,0.2494,0.0566,0.1517,0.546,0.7472
305,10.1768,24,0.8417,0.5267,0.047,0.129,0.4235,0.7563
305,10.1768,25,0.6789,0.397,0.1583,0.2722,0.532,0.4918
305,10.1768,26,0.821,0.1168,0.0481,0.1231,0.5234,0.8311
306,10.2102,4,0.0962,0.3311,0.1865,0.5051,0.4877,0.0
306,10.2102,7,0.6751,0.9809,0.0484,0.036,0.3357,1.0
306,10.2102,8,0.942,0.0579,0.1075,0.1154,0.5724,0.7967
306,10.2102,14,0.1853,0.8527,0.0346,0.1094,0.3548,0.827
306,10.2102,17,0.9072,0.5446,0.065,0.1774,0.6031,0.7378
306,10.2102,21,0.8282,0.3372,0.0776,0.1274,0.6265,0.7681
306,10.2102,23,0.9518,0.2497,0.0576,0.152,0.6237,0.7472
306,10.2102,24,0.8425,0.5285,0.0475,0.1311,0.4949,0.7563
306,10.2102,25,0.6782,0.3984,0.1606,0.2704,0.6922,0.4918
306,10.2102,26,0.8204,0.1183,0.0484,0.1237,0.7711,0.8311
307,10.2436,4,0.1016,0.3275,0.1922,0.5103,0.5273,0.0
307,10.2436,7,0.6751,0.9808,0.0484,0.036,0.3053,1.0
307,10.2436,8,0.9457,0.0567,0.1037,0.1129,0.7129,0.7967
307,10.2436,14,0.1853,0.8527,0.0346,0.1094,0.3563,0.827
307,10.2436,17,0.9069,0.5466,0.0647,0.1775,0.5774,0.7378
307,10.2436,21,0.8272,0.3375,0.0774,0.1273,0.5294,0.7681
307,10.2436,23,0.9512,0.2493,0.0588,0.1533,0.5068,0.7472
307,10.2436,24,0.843,0.5303,0.0477,0.1326,0.5588,0.7563
307,10.2436,25,0.6771,0.4007,0.1634,0.27,0.5712,0.4918
307,10.2436,26,0.8198,0.1195,0.0484,0.1238,0.7724,0.8311
308,10.2769,4,0.1072,0.326,0.1972,0.5109,0.5077,0.0
308,10.2769,7,0.6751,0.9808,0.0485,0.036,0.3111,1.0
308,10.2769,8,0.949,0.0559,0.0994,0.1114,0.6964,0.7967
308,10.2769,14,0.1853,0.8526,0.0346,0.1094,0.3764,0.827
308,10.2769,17,0.9064,0.5483,0.0644,0.1781,0.6058,0.7378
308,10.2769,21,0.8261,0.338,0.077,0.1271,0.5141,0.7681
308,10.2769,23,0.9499,0.2486,0.06,0.1542,0.5173,0.7472
308,10.2769,24,0.8434,0.5323,0.0477,0.1337,0.5915,0.7563
308,10.2769,25,0.6753,0.4036,0.1663,0.2706,0.5752,0.4918
308,10.2769,26,0.8188,0.1219,0.0486,0.124,0.7477,0.8311
309,10.3103,4,0.1122,0.3274,0.2017,0.5072,0.5268,0.0
309,10.3103,7,0.6751,0.9808,0.0485,0.036,0.3057,1.0
309,10.3103,8,0.9524,0.0551,0.0941,0.1098,0.7391,0.7967
309,10.3103,14,0.1854,0.8526,0.0346,0.1094,0.341,0.827
309,10.3103,17,0.9058,0.5492,0.0646,0.1799,0.5814,0.7378
309,10.3103,21,0.825,0.3389,0.0764,0.1266,0.5589,0.7681
309,10.3103,23,0.9493,0.2468,0.0602,0.1529,0.5431,0.7472
309,10.3103,24,0.8436,0.5341,0.0478,0.1347,0.5109,0.7563
309,10.3103,25,0.673,0.4069,0.1694,0.2723,0.499,0.4918
309,10.3103,26,0.8178,0.124,0.0483,0.1234,0.7647,0.8311
310,10.3437,4,0.1165,0.3316,0.2042,0.4987,0.5522,0.0
310,10.3437,7,0.6751,0.9807,0.0486,0.036,0.3025,1.0
310,10.3437,8,0.9557,0.0545,0.0883,0.1086,0.6462,0.7967
310,10.3437,14,0.1854,0.8527,0.0346,0.1094,0.3319,0.827
310,10.3437,17,0.9051,0.5496,0.0651,0.1826,0.5581,0.7378
310,10.3437,21,0.8241,0.34,0.0757,0.1261,0.5647,0.7681
310,10.3437,23,0.9481,0.2451,0.0603,0.1508,0.7256,0.7472
310,10.3437,24,0.8434,0.536,0.0479,0.1359,0.4758,0.7563
310,10.3437,25,0.6702,0.4105,0.1722,0.2744,0.4724,0.4918
310,10.3437,26,0.8168,0.1257,0.0479,0.1221,0.7551,0.8311
311,10.377,4,0.12,0.3371,0.2054,0.4893,0.5604,0.0
311,10.377,7,0.6751,0.9807,0.0487,0.0361,0.3036,1.0
311,10.377,8,0.9583,0.0548,0.0834,0.1091,0.8281,0.7967
311,10.377,14,0.1854,0.8527,0.0346,0.1094,0.3364,0.827
311,10.377,17,0.9045,0.5501,0.0656,0.1854,0.6079,0.7378
311,10.377,21,0.8232,0.3413,0.0749,0.1253,0.4804,0.7681
311,10.377,23,0.947,0.2443,0.0609,0.15,0.6405,0.7472
311,10.377,24,0.843,0.5381,0.0481,0.1369,0.4293,0.7563
311,10.377,25,0.6666,0.4142,0.1743,0.2766,0.5211,0.4918
311,10.377,26,0.816,0.1275,0.0475,0.1212,0.7476,0.8311
312,10.4104,4,0.1218,0.3426,0.2063,0.4818,0.5994,0.0
312,10.4104,7,0.6752,0.9807,0.0488,0.0361,0.308,1.0
312,10.4104,8,0.9601,0.056,0.0798,0.1115,0.8368,0.7967
312,10.4104,14,0.1854,0.8527,0.0346,0.1095,0.2667,0.827
312,10.4104,17,0.9041,0.5503,0.0663,0.1887,0.6921,0.7378
312,10.4104,21,0.8224,0.3426,0.0741,0.1243,0.5278,0.7681
312,10.4104,23,0.9455,0.2429,0.0608,0.1467,0.5175,0.7472
312,10.4104,24,0.8425,0.5403,0.0482,0.1375,0.5108,0.7563
312,10.4104,25,0.6623,0.4177,0.1755,0.2786,0.7273,0.4918
312,10.4104,26,0.8154,0.1289,0.047,0.1197,0.8045,0.8311
313,10.4438,4,0.1218,0.3488,0.2071,0.4747,0.5398,0.0
313,10.4438,7,0.6752,0.9807,0.0489,0.0362,0.2602,1.0
313,10.4438,8,0.9612,0.0582,0.0777,0.1156,0.7741,0.7967
313,10.4438,17,0.9038,0.5507,0.067,0.1917,0.7045,0.7378
313,10.4438,21,0.8217,0.3441,0.0733,0.1234,0.52,0.7681
313,10.4438,23,0.9434,0.2416,0.0607,0.143,0.6006,0.7472
313,10.4438,24,0.8418,0.5427,0.0481,0.1372,0.518,0.7563
313,10.4438,25,0.6577,0.4216,0.1763,0.2811,0.7136,0.4918
313,10.4438,26,0.8148,0.1306,0.0467,0.1189,0.79,0.8311
314,10.4771,4,0.1202,0.3563,0.2067,0.4659,0.5089,0.0
314,10.4771,7,0.6752,0.9807,0.049,0.0363,0.2602,1.0
314,10.4771,8,0.9606,0.0621,0.0788,0.1232,0.7815,0.7967
314,10.4771,17,0.9037,0.5513,0.0676,0.194,0.692,0.7378
314,10.4771,21,0.821,0.3457,0.0723,0.1221,0.5965,0.7681
314,10.4771,23,0.9414,0.2408,0.0606,0.1391,0.641,0.7472
314,10.4771,24,0.841,0.5453,0.0481,0.1368,0.5341,0.7563
314,10.4771,25,0.6532,0.4253,0.1765,0.2835,0.7616,0.4918
314,10.4771,26,0.8143,0.1323,0.0463,0.118,0.8083,0.8311
315,10.5105,4,0.1173,0.363,0.2058,0.4579,0.5176,0.0
315,10.5105,7,0.6752,0.9807,0.049,0.0364,0.2705,1.0
315,10.5105,8,0.9591,0.0663,0.0819,0.1315,0.8132,0.7967
315,10.5105,14,0.1854,0.8526,0.0345,0.1094,0.252,0.827
315,10.5105,17,0.9035,0.5525,0.0679,0.1952,0.6218,0.7378
315,10.5105,21,0.8204,0.3475,0.0714,0.1209,0.4949,0.7681
315,10.5105,23,0.9399,0.2401,0.0603,0.1351,0.559,0.7472
315,10.5105,24,0.8402,0.5478,0.0482,0.1367,0.4666,0.7563
315,10.5105,25,0.6492,0.429,0.1762,0.2856,0.7315,0.4918
315,10.5105,26,0.8138,0.134,0.0461,0.1174,0.8014,0.8311
316,10.5439,4,0.1135,0.3692,0.2038,0.449,0.5109,0.0
316,10.5439,7,0.6752,0.9807,0.0491,0.0364,0.2655,1.0
316,10.5439,8,0.9571,0.0711,0.0859,0.1409,0.398,0.7967
316,10.5439,17,0.9036,0.5544,0.068,0.1951,0.6036,0.7378
316,10.5439,21,0.8198,0.3494,0.0705,0.1196,0.5411,0.7681
316,10.5439,23,0.9375,0.2401,0.0606,0.1326,0.5965,0.7472
316,10.5439,24,0.8394,0.5502,0.0485,0.137,0.4278,0.7563
316,10.5439,25,0.6456,0.4322,0.1753,0.287,0.7575,0.4918
316,10.5439,26,0.8134,0.136,0.0462,0.1173,0.799,0.8311
317,10.5772,4,0.1092,0.3734,0.2013,0.4429,0.3917,0.0
317,10.5772,7,0.6751,0.9808,0.049,0.0364,0.2561,1.0
317,10.5772,17,0.9038,0.5568,0.068,0.1942,0.556,0.7378
317,10.5772,21,0.8191,0.3513,0.0698,0.1186,0.5419,0.7681
317,10.5772,23,0.9353,0.2401,0.0609,0.1303,0.6042,0.7472
317,10.5772,24,0.8387,0.5528,0.0488,0.1372,0.473,0.7563
317,10.5772,25,0.6423,0.435,0.174,0.2878,0.7241,0.4918
317,10.5772,26,0.8131,0.1384,0.0465,0.118,0.8244,0.8311
318,10.6106,4,0.1047,0.3768,0.198,0.4392,0.4556,0.0
318,10.6106,7,0.6751,0.9808,0.049,0.0364,0.2524,1.0
318,10.6106,8,0.9546,0.0765,0.0907,0.1517,0.2968,0.7967
318,10.6106,17,0.904,0.5594,0.068,0.1929,0.5917,0.7378
318,10.6106,21,0.8185,0.3533,0.0692,0.1179,0.4885,0.7681
318,10.6106,23,0.9329,0.2411,0.062,0.1303,0.6322,0.7472
318,10.6106,24,0.8379,0.5552,0.0493,0.1377,0.491,0.7563
318,10.6106,25,0.6395,0.4368,0.1717,0.2868,0.6955,0.4918
318,10.6106,26,0.8129,0.1405,0.0465,0.1177,0.8249,0.8311
319,10.644,4,0.1001,0.3798,0.1935,0.4358,0.3855,0.0
319,10.644,8,0.9492,0.0897,0.1016,0.1777,0.5892,0.7967
319,10.644,17,0.9042,0.562,0.0679,0.1911,0.5277,0.7378
319,10.644,21,0.8178,0.3554,0.0686,0.1173,0.4957,0.7681
319,10.644,23,0.9297,0.2425,0.0639,0.1322,0.5992,0.7472
319,10.644,24,0.8373,0.5577,0.0498,0.1385,0.472,0.7563
319,10.644,25,0.6367,0.4381,0.1691,0.2846,0.2878,0.4918
319,10.644,26,0.8126,0.1423,0.0463,0.1167,0.8266,0.8311
320,10.6773,4,0.0958,0.3818,0.188,0.4336,0.3977,0.0
320,10.6773,8,0.9437,0.1038,0.1125,0.2053,0.5352,0.7967
320,10.6773,14,0.1854,0.8526,0.0345,0.1094,0.2951,0.827
320,10.6773,17,0.9043,0.5643,0.068,0.1897,0.5448,0.7378
320,10.6773,21,0.8172,0.3576,0.0681,0.1168,0.4917,0.7681
320,10.6773,23,0.9259,0.2435,0.0654,0.1341,0.622,0.7472
320,10.6773,24,0.8367,0.5599,0.0507,0.1402,0.4628,0.7563
320,10.6773,25,0.6338,0.4385,0.1658,0.281,0.4453,0.4918
320,10.6773,26,0.8124,0.1438,0.046,0.1152,0.8084,0.8311
321,10.7107,4,0.0917,0.3823,0.1822,0.4336,0.4685,0.0
321,10.7107,7,0.6751,0.9808,0.049,0.0364,0.2588,1.0
321,10.7107,8,0.941,0.1096,0.118,0.2171,0.3389,0.7967
321,10.7107,14,0.1853,0.8526,0.0344,0.1093,0.314,0.827
321,10.7107,17,0.9043,0.5655,0.0686,0.19,0.5136,0.7378
321,10.7107,21,0.8165,0.3595,0.0677,0.1167,0.4196,0.7681
321,10.7107,23,0.9223,0.2441,0.0667,0.136,0.6946,0.7472
321,10.7107,24,0.8361,0.5618,0.0516,0.1418,0.4665,0.7563
321,10.7107,25,0.6308,0.4385,0.1625,0.277,0.7081,0.4918
321,10.7107,26,0.8121,0.1459,0.0463,0.1152,0.7937,0.8311
322,10.7441,4,0.088,0.3826,0.1759,0.4346,0.4162,0.0
322,10.7441,7,0.6751,0.9808,0.0489,0.0364,0.2624,1.0
322,10.7441,14,0.1852,0.8525,0.0344,0.1092,0.3344,0.827
322,10.7441,17,0.9042,0.5662,0.0694,0.1912,0.5297,0.7378
322,10.7441,21,0.8157,0.3615,0.0677,0.1172,0.5323,0.7681
322,10.7441,23,0.919,0.2445,0.0678,0.1381,0.5914,0.7472
322,10.7441,24,0.8356,0.5636,0.0524,0.1437,0.3739,0.7563
322,10.7441,25,0.6278,0.4381,0.1595,0.2731,0.7378,0.4918
322,10.7441,26,0.8118,0.1474,0.0462,0.1143,0.8214,0.8311
323,10.7774,4,0.0849,0.383,0.1698,0.4357,0.4037,0.0
323,10.7774,7,0.6751,0.9808,0.0489,0.0364,0.2543,1.0
323,10.7774,8,0.9391,0.1151,0.1219,0.2279,0.6435,0.7967
323,10.7774,14,0.1851,0.8525,0.0344,0.1092,0.3316,0.827
323,10.7774,17,0.904,0.5667,0.07,0.1923,0.5813,0.7378
323,10.7774,21,0.8153,0.3631,0.0681,0.1184,0.4055,0.7681
323,10.7774,24,0.8351,0.5655,0.0532,0.145,0.446,0.7563
323,10.7774,25,0.6249,0.4384,0.1575,0.2706,0.5504,0.4918
323,10.7774,26,0.8115,0.1487,0.0461,0.113,0.8124,0.8311
324,10.8108,4,0.0822,0.3837,0.1644,0.4362,0.5653,0.0
324,10.8108,7,0.6751,0.9808,0.0488,0.0364,0.2751,1.0
324,10.8108,8,0.937,0.1225,0.126,0.2424,0.7327,0.7967
324,10.8108,14,0.1849,0.8524,0.0344,0.1091,0.3835,0.827
324,10.8108,17,0.9036,0.5672,0.0703,0.193,0.6342,0.7378
324,10.8108,21,0.815,0.3641,0.0691,0.1205,0.3748,0.7681
324,10.8108,24,0.8347,0.5675,0.0538,0.1458,0.3779,0.7563
324,10.8108,25,0.6221,0.4392,0.1561,0.2693,0.5645,0.4918
324,10.8108,26,0.811,0.1497,0.0456,0.1109,0.8388,0.8311
325,10.8442,4,0.0802,0.3832,0.1603,0.4373,0.5414,0.0
325,10.8442,7,0.6752,0.9808,0.0488,0.0364,0.3003,1.0
325,10.8442,14,0.1848,0.8524,0.0345,0.109,0.4135,0.827
325,10.8442,17,0.9032,0.5674,0.0705,0.194,0.6247,0.7378
325,10.8442,24,0.8345,0.5697,0.0545,0.1467,0.4317,0.7563
325,10.8442,25,0.6195,0.4408,0.1559,0.2701,0.4386,0.4918
325,10.8442,26,0.8106,0.1515,0.0457,0.1103,0.8272,0.8311
326,10.8775,4,0.0788,0.3811,0.1576,0.4407,0.4594,0.0
326,10.8775,7,0.6752,0.9808,0.0488,0.0364,0.3122,1.0
326,10.8775,14,0.1847,0.8523,0.0345,0.109,0.3767,0.827
326,10.8775,17,0.9028,0.5673,0.0708,0.1955,0.6584,0.7378
326,10.8775,21,0.8148,0.3656,0.0718,0.1259,0.3542,0.7681
326,10.8775,23,0.9158,0.245,0.0686,0.14,0.6175,0.7472
326,10.8775,24,0.8343,0.5717,0.0552,0.1477,0.4834,0.7563
326,10.8775,25,0.6175,0.4426,0.1561,0.2717,0.4282,0.4918
326,10.8775,26,0.8102,0.1536,0.046,0.1104,0.8052,0.8311
326,10.8775,27,0.2148,0.4107,0.1002,0.0642,0.4371,0.9336
327,10.9109,4,0.0783,0.3772,0.1566,0.4471,0.538,0.0
327,10.9109,7,0.6752,0.9808,0.0487,0.0364,0.3284,1.0
327,10.9109,14,0.1846,0.8523,0.0346,0.1089,0.3884,0.827
327,10.9109,17,0.9023,0.5675,0.0707,0.1964,0.6472,0.7378
327,10.9109,21,0.8145,0.366,0.074,0.1306,0.4568,0.7681
327,10.9109,23,0.913,0.2459,0.0692,0.1419,0.6002,0.7472
327,10.9109,24,0.8341,0.5741,0.0559,0.1487,0.4688,0.7563
327,10.9109,25,0.6158,0.4448,0.1569,0.2744,0.5349,0.4918
327,10.9109,26,0.8098,0.1555,0.046,0.1098,0.7716,0.8311
327,10.9109,27,0.2152,0.4106,0.0997,0.064,0.5461,0.9336
328,10.9443,4,0.079,0.3713,0.158,0.4575,0.4639,0.0
328,10.9443,7,0.6752,0.9808,0.0487,0.0364,0.3287,1.0
328,10.9443,14,0.1846,0.8522,0.0347,0.1089,0.4426,0.827
328,10.9443,17,0.9015,0.568,0.0703,0.1962,0.7243,0.7378
328,10.9443,21,0.8142,0.3658,0.0762,0.1352,0.6198,0.7681
328,10.9443,23,0.9104,0.2463,0.069,0.1425,0.7041,0.7472
328,10.9443,24,0.834,0.5766,0.0567,0.1499,0.552,0.7563
328,10.9443,25,0.6145,0.4476,0.1581,0.2785,0.6521,0.4918
328,10.9443,26,0.8095,0.1569,0.0455,0.108,0.7654,0.8311
328,10.9443,27,0.2161,0.4104,0.0992,0.0638,0.5584,0.9336
329,10.9776,4,0.0807,0.364,0.1614,0.4693,0.4644,0.0
329,10.9776,7,0.6752,0.9808,0.0488,0.0364,0.3166,1.0
329,10.9776,14,0.1845,0.8522,0.0348,0.1089,0.4427,0.827
329,10.9776,17,0.9007,0.5688,0.0697,0.1954,0.5182,0.7378
329,10.9776,21,0.8137,0.3653,0.0783,0.1399,0.4059,0.7681
329,10.9776,23,0.9082,0.2463,0.0682,0.142,0.6324,0.7472
329,10.9776,24,0.8339,0.5794,0.0572,0.1506,0.4367,0.7563
329,10.9776,25,0.6133,0.4492,0.1579,0.2799,0.3711,0.4918
329,10.9776,26,0.8092,0.1585,0.0452,0.1066,0.7231,0.8311
329,10.9776,27,0.2166,0.4105,0.0988,0.0637,0.4185,0.9336
330,11.011,4,0.0833,0.356,0.1662,0.4798,0.493,0.0
330,11.011,7,0.6752,0.9808,0.0488,0.0364,0.3172,1.0
330,11.011,14,0.1845,0.8522,0.0349,0.109,0.4653,0.827
330,11.011,17,0.8996,0.5697,0.0691,0.1944,0.5511,0.7378
330,11.011,23,0.907,0.2471,0.0675,0.1419,0.6541,0.7472
330,11.011,24,0.8338,0.5824,0.0578,0.1517,0.464,0.7563
330,11.011,25,0.6125,0.4494,0.1563,0.2786,0.6673,0.4918
330,11.011,26,0.8088,0.1602,0.0449,0.1053,0.6497,0.8311
330,11.011,27,0.2189,0.41,0.098,0.0635,0.4944,0.9336
331,11.0444,4,0.0871,0.3471,0.1715,0.4908,0.5196,0.0
331,11.0444,7,0.6752,0.9808,0.0488,0.0364,0.3057,1.0
331,11.0444,14,0.1846,0.8523,0.035,0.109,0.4094,0.827
331,11.0444,17,0.8985,0.5704,0.0687,0.194,0.4175,0.7378
331,11.0444,21,0.8132,0.3644,0.08,0.1441,0.3346,0.7681
331,11.0444,23,0.9063,0.2479,0.0665,0.1418,0.5298,0.7472
331,11.0444,24,0.8337,0.5851,0.0586,0.1535,0.4498,0.7563
331,11.0444,25,0.612,0.4492,0.1541,0.2761,0.634,0.4918
331,11.0444,26,0.8085,0.162,0.045,0.1051,0.6415,0.8311
331,11.0444,27,0.2211,0.4093,0.0979,0.0641,0.3274,0.9336
332,11.0777,4,0.092,0.3393,0.1761,0.4981,0.5663,0.0
332,11.0777,7,0.6752,0.9807,0.0488,0.0364,0.2661,1.0
332,11.0777,14,0.1846,0.8523,0.0351,0.1091,0.4263,0.827
332,11.0777,17,0.8973,0.5714,0.0682,0.1936,0.4284,0.7378
332,11.0777,21,0.8122,0.3637,0.0811,0.1473,0.2927,0.7681
332,11.0777,23,0.9058,0.2488,0.0654,0.1417,0.6199,0.7472
332,11.0777,24,0.8334,0.5874,0.0592,0.1555,0.4174,0.7563
332,11.0777,25,0.6117,0.4487,0.1517,0.2729,0.7599,0.4918
332,11.0777,26,0.8081,0.1633,0.045,0.1044,0.6953,0.8311
332,11.0777,27,0.2234,0.4088,0.0977,0.0649,0.3247,0.9336
333,11.1111,4,0.0976,0.3332,0.1809,0.5019,0.6196,0.0
333,11.1111,7,0.6752,0.9807,0.0488,0.0365,0.3262,1.0
333,11.1111,14,0.1846,0.8524,0.0351,0.1092,0.4245,0.827
333,11.1111,17,0.8961,0.5725,0.0673,0.1924,0.4695,0.7378
333,11.1111,21,0.8108,0.3632,0.0814,0.149,0.4012,0.7681
333,11.1111,23,0.9057,0.249,0.0635,0.1399,0.6042,0.7472
333,11.1111,25,0.6115,0.4492,0.15,0.2714,0.7814,0.4918
333,11.1111,26,0.8079,0.1642,0.045,0.1036,0.6939,0.8311
334,11.1445,4,0.1036,0.3287,0.1858,0.5026,0.5332,0.0
334,11.1445,7,0.6752,0.9807,0.0488,0.0365,0.3112,1.0
334,11.1445,14,0.1846,0.8524,0.0352,0.1093,0.4089,0.827
334,11.1445,17,0.8955,0.5728,0.067,0.1925,0.5058,0.7378
334,11.1445,21,0.8097,0.3619,0.08,0.1475,0.3651,0.7681
334,11.1445,23,0.9058,0.248,0.0607,0.136,0.462,0.7472
334,11.1445,24,0.8332,0.5898,0.0596,0.1575,0.3232,0.7563
334,11.1445,25,0.6113,0.4499,0.1483,0.27,0.7754,0.4918
334,11.1445,26,0.8076,0.1653,0.0451,0.1031,0.7774,0.8311
335,11.1778,4,0.1092,0.328,0.1891,0.4961,0.5253,0.0
335,11.1778,7,0.6752,0.9807,0.0488,0.0365,0.2859,1.0
335,11.1778,14,0.1846,0.8525,0.0352,0.1094,0.3932,0.827
335,11.1778,17,0.8953,0.5732,0.0671,0.1942,0.291,0.7378
335,11.1778,21,0.8087,0.3612,0.0793,0.1469,0.4228,0.7681
335,11.1778,23,0.906,0.2472,0.0579,0.1316,0.5765,0.7472
335,11.1778,24,0.8331,0.5951,0.0594,0.1582,0.3223,0.7563
335,11.1778,25,0.6111,0.4503,0.1461,0.2678,0.7379,0.4918
335,11.1778,26,0.8073,0.1664,0.0452,0.1025,0.7471,0.8311
336,11.2112,4,0.1143,0.3299,0.1914,0.4868,0.593,0.0
336,11.2112,7,0.6752,0.9807,0.0488,0.0365,0.2687,1.0
336,11.2112,14,0.1846,0.8525,0.0353,0.1094,0.3774,0.827
336,11.2112,17,0.8955,0.5749,0.067,0.195,0.3082,0.7378
336,11.2112,21,0.8081,0.3608,0.079,0.1466,0.4514,0.7681
336,11.2112,23,0.9062,0.2461,0.0549,0.1266,0.6481,0.7472
336,11.2112,24,0.8329,0.6009,0.0587,0.1578,0.2625,0.7563
336,11.2112,25,0.6108,0.452,0.1451,0.2682,0.6402,0.4918
336,11.2112,26,0.8071,0.1677,0.0454,0.1023,0.7723,0.8311
337,11.2446,4,0.1185,0.333,0.1929,0.4777,0.5824,0.0
337,11.2446,7,0.6752,0.9807,0.0488,0.0365,0.2777,1.0
337,11.2446,14,0.1846,0.8525,0.0353,0.1094,0.369,0.827
337,11.2446,21,0.8075,0.3606,0.0787,0.1459,0.4631,0.7681
337,11.2446,23,0.9068,0.2447,0.0518,0.1212,0.4594,0.7472
337,11.2446,24,0.8327,0.6066,0.058,0.1573,0.3429,0.7563
337,11.2446,25,0.6104,0.4541,0.1443,0.2695,0.6588,0.4918
337,11.2446,26,0.8069,0.1692,0.0454,0.1016,0.7346,0.8311
338,11.2779,4,0.121,0.3373,0.1944,0.468,0.5757,0.0
338,11.2779,7,0.6753,0.9807,0.0487,0.0365,0.3013,1.0
338,11.2779,14,0.1846,0.8525,0.0353,0.1094,0.3903,0.827
338,11.2779,21,0.806,0.362,0.0787,0.1461,0.362,0.7681
338,11.2779,23,0.9071,0.2433,0.0492,0.1163,0.3667,0.7472
338,11.2779,25,0.61,0.4561,0.1434,0.2708,0.654,0.4918
338,11.2779,26,0.8067,0.1709,0.0453,0.1006,0.7856,0.8311
338,11.2779,28,0.9662,0.1881,0.0619,0.314,0.424,0.2773
339,11.3113,4,0.1215,0.3409,0.1965,0.4614,0.444,0.0
339,11.3113,7,0.6753,0.9807,0.0487,0.0365,0.2954,1.0
339,11.3113,14,0.1845,0.8525,0.0353,0.1094,0.3732,0.827
339,11.3113,17,0.896,0.5767,0.067,0.1956,0.2875,0.7378
339,11.3113,21,0.8057,0.3639,0.08,0.1481,0.3818,0.7681
339,11.3113,23,0.9072,0.2418,0.0466,0.1112,0.3381,0.7472
339,11.3113,25,0.6096,0.4578,0.1423,0.2719,0.6978,0.4918
339,11.3113,26,0.8064,0.173,0.045,0.0992,0.7574,0.8311
339,11.3113,28,0.964,0.1898,0.0621,0.3128,0.4079,0.2773
340,11.3447,4,0.12,0.3436,0.1985,0.4562,0.4683,0.0
340,11.3447,7,0.6753,0.9807,0.0487,0.0365,0.3399,1.0
340,11.3447,14,0.1845,0.8525,0.0354,0.1093,0.3981,0.827
340,11.3447,17,0.8966,0.5787,0.067,0.1956,0.2945,0.7378
340,11.3447,21,0.8059,0.3659,0.0821,0.1514,0.3751,0.7681
340,11.3447,23,0.9066,0.2411,0.0447,0.1076,0.4691,0.7472
340,11.3447,25,0.6092,0.4581,0.14,0.2707,0.743,0.4918
340,11.3447,26,0.806,0.175,0.0446,0.0975,0.7168,0.8311
340,11.3447,28,0.961,0.192,0.0626,0.3106,0.3715,0.2773
341,11.378,4,0.117,0.3457,0.1995,0.4516,0.4794,0.0
341,11.378,7,0.6753,0.9807,0.0487,0.0365,0.3188,1.0
341,11.378,14,0.1844,0.8525,0.0354,0.1093,0.4075,0.827
341,11.378,21,0.806,0.3678,0.0843,0.1546,0.3066,0.7681
341,11.378,23,0.9064,0.2412,0.044,0.1064,0.3199,0.7472
341,11.378,25,0.6088,0.457,0.1373,0.2679,0.7131,0.4918
341,11.378,26,0.8056,0.177,0.0443,0.096,0.6939,0.8311
341,11.378,28,0.9585,0.1939,0.0634,0.3087,0.3019,0.2773
342,11.4114,4,0.1131,0.3453,0.1996,0.4507,0.3738,0.0
342,11.4114,7,0.6753,0.9807,0.0487,0.0365,0.3261,1.0
342,11.4114,14,0.1844,0.8525,0.0355,0.1094,0.3797,0.827
342,11.4114,17,0.8973,0.5808,0.0669,0.1948,0.478,0.7378
342,11.4114,21,0.806,0.3697,0.0864,0.1574,0.4454,0.7681
342,11.4114,23,0.9062,0.241,0.0434,0.1052,0.3211,0.7472
342,11.4114,25,0.6083,0.4549,0.1345,0.2644,0.7214,0.4918
342,11.4114,26,0.8053,0.1789,0.0441,0.0947,0.7342,0.8311
343,11.4448,4,0.1084,0.3429,0.1981,0.4521,0.5061,0.0
343,11.4448,7,0.6753,0.9807,0.0487,0.0365,0.2895,1.0
343,11.4448,14,0.1843,0.8525,0.0355,0.1094,0.3612,0.827
343,11.4448,17,0.8979,0.5834,0.0671,0.1943,0.3352,0.7378
343,11.4448,21,0.8041,0.3714,0.0869,0.1578,0.3222,0.7681
343,11.4448,23,0.9059,0.241,0.0428,0.1041,0.263,0.7472
343,11.4448,24,0.8323,0.6121,0.0573,0.1567,0.3454,0.7563
343,11.4448,25,0.6079,0.4515,0.1315,0.2597,0.7077,0.4918
343,11.4448,26,0.8049,0.1808,0.0441,0.0938,0.7039,0.8311
344,11.4781,4,0.1032,0.3399,0.1948,0.454,0.4425,0.0
344,11.4781,7,0.6753,0.9807,0.0487,0.0365,0.2719,1.0
344,11.4781,14,0.1843,0.8525,0.0355,0.1094,0.3668,0.827
344,11.4781,17,0.8982,0.586,0.0675,0.1946,0.4994,0.7378
344,11.4781,21,0.8014,0.3726,0.0865,0.1568,0.3984,0.7681
344,11.4781,24,0.832,0.6176,0.0566,0.1561,0.4116,0.7563
344,11.4781,25,0.6075,0.4475,0.129,0.2551,0.6653,0.4918
344,11.4781,26,0.8046,0.1824,0.0442,0.0934,0.7483,0.8311
344,11.4781,28,0.9546,0.1961,0.0651,0.3074,0.2714,0.2773
345,11.5115,4,0.0978,0.337,0.1901,0.4553,0.4612,0.0
345,11.5115,7,0.6753,0.9807,0.0487,0.0365,0.2633,1.0
345,11.5115,14,0.1843,0.8525,0.0356,0.1094,0.343,0.827
345,11.5115,17,0.8984,0.5883,0.0678,0.1947,0.272,0.7378
345,11.5115,21,0.7997,0.372,0.0855,0.1544,0.2641,0.7681
345,11.5115,25,0.6071,0.443,0.1269,0.2508,0.6406,0.4918
345,11.5115,26,0.8044,0.184,0.0445,0.0932,0.7562,0.8311
345,11.5115,28,0.9508,0.1991,0.067,0.305,0.5335,0.2773
346,11.5449,4,0.0929,0.3352,0.184,0.4546,0.3949,0.0
346,11.5449,7,0.6753,0.9807,0.0487,0.0365,0.2756,1.0
346,11.5449,14,0.1843,0.8525,0.0356,0.1094,0.3401,0.827
346,11.5449,17,0.8983,0.5893,0.0685,0.1964,0.3862,0.7378
346,11.5449,21,0.7969,0.3707,0.0836,0.1505,0.3586,0.7681
346,11.5449,24,0.8317,0.6232,0.0559,0.155,0.3058,0.7563
346,11.5449,25,0.6066,0.4383,0.1255,0.2472,0.666,0.4918
346,11.5449,26,0.8042,0.1852,0.0449,0.0934,0.7933,0.8311
346,11.5449,27,0.2258,0.4084,0.0977,0.066,0.3202,0.9336
346,11.5449,28,0.9467,0.2016,0.0696,0.3034,0.6025,0.2773
347,11.5782,4,0.0886,0.3347,0.1772,0.452,0.4055,0.0
347,11.5782,7,0.6753,0.9807,0.0487,0.0365,0.2711,1.0
347,11.5782,14,0.1843,0.8524,0.0356,0.1093,0.322,0.827
347,11.5782,17,0.8981,0.5902,0.069,0.1978,0.3096,0.7378
347,11.5782,21,0.7938,0.3695,0.0809,0.1455,0.5022,0.7681
347,11.5782,24,0.8313,0.6291,0.0549,0.1526,0.4342,0.7563
347,11.5782,25,0.6062,0.4339,0.1247,0.2446,0.6387,0.4918
347,11.5782,26,0.8042,0.1866,0.0454,0.0938,0.7767,0.8311
347,11.5782,27,0.2285,0.408,0.0976,0.0675,0.2694,0.9336
347,11.5782,28,0.9422,0.2049,0.0732,0.3032,0.5483,0.2773
348,11.6116,4,0.0853,0.3343,0.1707,0.4505,0.3775,0.0
348,11.6116,7,0.6753,0.9807,0.0487,0.0365,0.2614,1.0
348,11.6116,14,0.1842,0.8524,0.0356,0.1092,0.3361,0.827
348,11.6116,17,0.8976,0.5913,0.0695,0.1992,0.3838,0.7378
348,11.6116,21,0.7903,0.3686,0.0782,0.1408,0.5871,0.7681
348,11.6116,24,0.8308,0.6321,0.0544,0.1506,0.4497,0.7563
348,11.6116,25,0.6059,0.4303,0.1249,0.2439,0.6109,0.4918
348,11.6116,26,0.8041,0.1877,0.0458,0.0941,0.8308,0.8311
348,11.6116,27,0.2309,0.4078,0.0969,0.0687,0.2729,0.9336
348,11.6116,28,0.9387,0.2083,0.0776,0.3052,0.5986,0.2773
349,11.645,4,0.0829,0.3337,0.1658,0.4513,0.4039,0.0
349,11.645,7,0.6753,0.9806,0.0487,0.0365,0.269,1.0
349,11.645,14,0.1842,0.8523,0.0356,0.1091,0.3325,0.827
349,11.645,17,0.8975,0.5916,0.0701,0.2011,0.3664,0.7378
349,11.645,21,0.7867,0.3681,0.0754,0.1365,0.5455,0.7681
349,11.645,24,0.8302,0.6347,0.0542,0.1493,0.3996,0.7563
349,11.645,25,0.6059,0.428,0.1261,0.2455,0.5041,0.4918
349,11.645,26,0.8039,0.1891,0.0461,0.0944,0.8132,0.8311
349,11.645,27,0.2336,0.4074,0.096,0.0699,0.302,0.9336
349,11.645,28,0.9366,0.2114,0.0825,0.3096,0.5823,0.2773
350,11.6783,4,0.0813,0.3323,0.1626,0.4545,0.648,0.0
350,11.6783,7,0.6754,0.9806,0.0487,0.0365,0.27,1.0
350,11.6783,14,0.184,0.8522,0.0355,0.109,0.4112,0.827
350,11.6783,17,0.8974,0.5915,0.0708,0.2035,0.2967,0.7378
350,11.6783,21,0.7846,0.3678,0.0739,0.1343,0.6378,0.7681
350,11.6783,24,0.8299,0.6357,0.0543,0.1491,0.3633,0.7563
350,11.6783,25,0.6062,0.427,0.1283,0.2495,0.4336,0.4918
350,11.6783,26,0.8037,0.1908,0.0464,0.0949,0.8118,0.8311
350,11.6783,28,0.9352,0.2145,0.0876,0.3149,0.6724,0.2773
351,11.7117,4,0.0808,0.3314,0.1615,0.4587,0.4451,0.0
351,11.7117,7,0.6754,0.9806,0.0487,0.0364,0.2663,1.0
351,11.7117,14,0.1839,0.8522,0.0355,0.1089,0.4042,0.827
351,11.7117,17,0.8972,0.5923,0.071,0.2041,0.3196,0.7378
351,11.7117,21,0.7831,0.368,0.0732,0.1335,0.6665,0.7681
351,11.7117,24,0.8297,0.6369,0.0543,0.1487,0.2913,0.7563
351,11.7117,25,0.6067,0.4267,0.1306,0.2543,0.4681,0.4918
351,11.7117,26,0.8034,0.1924,0.0468,0.0957,0.8075,0.8311
351,11.7117,27,0.2361,0.4074,0.0944,0.0706,0.3107,0.9336
351,11.7117,28,0.9342,0.2183,0.0922,0.3191,0.7606,0.2773
352,11.7451,4,0.0816,0.3299,0.1633,0.4649,0.4655,0.0
352,11.7451,7,0.6754,0.9806,0.0487,0.0364,0.3065,1.0
352,11.7451,14,0.1838,0.8521,0.0354,0.1089,0.4671,0.827
352,11.7451,21,0.7818,0.3685,0.0727,0.133,0.6713,0.7681
352,11.7451,24,0.8294,0.6382,0.0541,0.1473,0.2613,0.7563
352,11.7451,25,0.6074,0.4266,0.133,0.2596,0.4565,0.4918
352,11.7451,26,0.8031,0.1939,0.0471,0.0963,0.818,0.8311
352,11.7451,27,0.2387,0.4074,0.0924,0.0709,0.4001,0.9336
352,11.7451,28,0.9336,0.2207,0.0973,0.3262,0.7012,0.2773
353,11.7784,4,0.0841,0.3272,0.1668,0.4724,0.4612,0.0
353,11.7784,7,0.6754,0.9805,0.0488,0.0364,0.2763,1.0
353,11.7784,14,0.1838,0.8521,0.0353,0.1088,0.5063,0.827
353,11.7784,21,0.7807,0.369,0.0723,0.1326,0.6495,0.7681
353,11.7784,25,0.6083,0.4268,0.1351,0.265,0.4568,0.4918
353,11.7784,26,0.8027,0.1951,0.0471,0.0967,0.803,0.8311
353,11.7784,27,0.2415,0.4074,0.09,0.0709,0.4159,0.9336
353,11.7784,28,0.9338,0.2225,0.1022,0.3342,0.7786,0.2773
354,11.8118,4,0.0882,0.3243,0.1715,0.4815,0.4935,0.0
354,11.8118,7,0.6754,0.9805,0.0489,0.0365,0.2842,1.0
354,11.8118,14,0.1838,0.8521,0.0351,0.1089,0.4955,0.827
354,11.8118,21,0.7796,0.3697,0.0721,0.1324,0.6175,0.7681
354,11.8118,25,0.6097,0.427,0.1366,0.2693,0.4448,0.4918
354,11.8118,26,0.8024,0.196,0.0471,0.097,0.7975,0.8311
354,11.8118,28,0.9345,0.2238,0.1061,0.3407,0.7232,0.2773
355,11.8452,4,0.0932,0.3219,0.1763,0.488,0.4868,0.0
355,11.8452,7,0.6754,0.9805,0.0489,0.0365,0.3035,1.0
355,11.8452,14,0.1839,0.8521,0.035,0.1089,0.4284,0.827
355,11.8452,21,0.7786,0.37,0.0717,0.1318,0.6339,0.7681
355,11.8452,25,0.6114,0.4265,0.1377,0.273,0.4449,0.4918
355,11.8452,26,0.8019,0.1968,0.0472,0.0977,0.7461,0.8311
355,11.8452,28,0.9355,0.2242,0.1093,0.3458,0.7368,0.2773
356,11.8785,4,0.0991,0.3202,0.1817,0.4919,0.4472,0.0
356,11.8785,7,0.6755,0.9804,0.049,0.0365,0.3037,1.0
356,11.8785,14,0.1841,0.8522,0.0348,0.109,0.4116,0.827
356,11.8785,21,0.7776,0.3702,0.0715,0.1314,0.5941,0.7681
356,11.8785,25,0.6138,0.4218,0.1357,0.2691,0.376,0.4918
356,11.8785,26,0.8013,0.1972,0.0475,0.0986,0.7481,0.8311
356,11.8785,28,0.9365,0.2239,0.1117,0.3495,0.742,0.2773
357,11.9119,4,0.1054,0.3201,0.1868,0.4908,0.5247,0.0
357,11.9119,7,0.6755,0.9804,0.0491,0.0366,0.2927,1.0
357,11.9119,14,0.1842,0.8522,0.0347,0.109,0.331,0.827
357,11.9119,21,0.7767,0.3705,0.0714,0.1312,0.6123,0.7681
357,11.9119,25,0.6157,0.4168,0.1335,0.2637,0.2782,0.4918
357,11.9119,26,0.8008,0.1972,0.0475,0.0989,0.7152,0.8311
357,11.9119,27,0.2445,0.4075,0.0867,0.0701,0.6443,0.9336
357,11.9119,28,0.9372,0.2234,0.1137,0.3529,0.348,0.2773
358,11.9453,4,0.1118,0.3193,0.1919,0.4887,0.4764,0.0
358,11.9453,7,0.6755,0.9804,0.0491,0.0366,0.3007,1.0
358,11.9453,14,0.1844,0.8522,0.0345,0.1091,0.3584,0.827
358,11.9453,21,0.7757,0.371,0.0716,0.1313,0.6701,0.7681
358,11.9453,25,0.6174,0.4115,0.1313,0.2575,0.4658,0.4918
358,11.9453,26,0.8001,0.1972,0.0476,0.0993,0.6388,0.8311
358,11.9453,27,0.2457,0.4056,0.0831,0.0688,0.4046,0.9336
358,11.9453,28,0.9377,0.2227,0.1155,0.3559,0.5348,0.2773
359,11.9786,4,0.1176,0.3183,0.1963,0.4859,0.4877,0.0
359,11.9786,7,0.6755,0.9804,0.0492,0.0366,0.2638,1.0
359,11.9786,14,0.1846,0.8522,0.0343,0.1091,0.3292,0.827
359,11.9786,21,0.7747,0.3715,0.072,0.1319,0.6137,0.7681
359,11.9786,26,0.7993,0.1974,0.0479,0.1002,0.5991,0.8311
359,11.9786,27,0.2463,0.4033,0.08,0.0677,0.3604,0.9336
359,11.9786,28,0.9378,0.2229,0.1164,0.3566,0.5201,0.2773
360,12.012,4,0.122,0.3186,0.1996,0.4818,0.3642,0.0
360,12.012,7,0.6756,0.9804,0.0492,0.0366,0.2632,1.0
360,12.012,14,0.1847,0.8523,0.0341,0.1091,0.3473,0.827
360,12.012,21,0.7737,0.3719,0.0724,0.1322,0.5905,0.7681
360,12.012,26,0.7982,0.1974,0.0483,0.101,0.515,0.8311
360,12.012,27,0.2466,0.4004,0.0766,0.0661,0.3638,0.9336
360,12.012,28,0.9376,0.2236,0.1173,0.3571,0.5284,0.2773
361,12.0454,4,0.1243,0.3194,0.2026,0.4771,0.3698,0.0
361,12.0454,14,0.1848,0.8523,0.0339,0.1092,0.257,0.827
361,12.0454,21,0.7727,0.372,0.0727,0.1324,0.5443,0.7681
361,12.0454,26,0.7969,0.1978,0.0488,0.1018,0.5607,0.8311
361,12.0454,28,0.9371,0.2239,0.1184,0.358,0.5272,0.2773
362,12.0787,4,0.124,0.321,0.2053,0.4734,0.4112,0.0
362,12.0787,14,0.1848,0.8523,0.0338,0.1092,0.2514,0.827
362,12.0787,21,0.7717,0.3721,0.0732,0.1327,0.639,0.7681
362,12.0787,26,0.7956,0.1985,0.0494,0.1032,0.6293,0.8311
362,12.0787,28,0.9365,0.224,0.1193,0.3583,0.5825,0.2773
363,12.1121,4,0.1217,0.3236,0.207,0.4699,0.3325,0.0
363,12.1121,14,0.1848,0.8523,0.0337,0.1092,0.2611,0.827
363,12.1121,21,0.7709,0.3723,0.0736,0.1326,0.6724,0.7681
363,12.1121,26,0.7944,0.199,0.0497,0.1038,0.6732,0.8311
363,12.1121,28,0.9358,0.2234,0.1201,0.3579,0.6431,0.2773
364,12.1455,4,0.118,0.3261,0.2071,0.469,0.3374,0.0
364,12.1455,14,0.1848,0.8523,0.0335,0.1092,0.2531,0.827
364,12.1455,21,0.77,0.3725,0.074,0.1329,0.5614,0.7681
364,12.1455,26,0.7931,0.1997,0.0497,0.1038,0.698,0.8311
364,12.1455,27,0.246,0.3977,0.0735,0.0644,0.498,0.9336
364,12.1455,28,0.9354,0.2218,0.1206,0.3567,0.6033,0.2773
365,12.1788,4,0.113,0.3294,0.2048,0.4679,0.34,0.0
365,12.1788,14,0.1849,0.8523,0.0334,0.1091,0.2868,0.827
365,12.1788,21,0.7691,0.3725,0.0743,0.1329,0.5344,0.7681
365,12.1788,26,0.7917,0.2002,0.0493,0.1029,0.6887,0.8311
365,12.1788,27,0.2455,0.395,0.0704,0.0624,0.5085,0.9336
365,12.1788,28,0.9344,0.2194,0.121,0.3547,0.6724,0.2773
366,12.2122,4,0.107,0.334,0.2,0.4665,0.4894,0.0
366,12.2122,14,0.1848,0.8523,0.0333,0.1091,0.2829,0.827
366,12.2122,21,0.7682,0.3725,0.0745,0.1329,0.6115,0.7681
366,12.2122,26,0.7903,0.2008,0.0486,0.1015,0.6774,0.8311
366,12.2122,27,0.2445,0.3922,0.0678,0.0604,0.6055,0.9336
366,12.2122,28,0.9345,0.2158,0.1214,0.353,0.7018,0.2773
367,12.2456,4,0.1004,0.3384,0.1938,0.4663,0.3828,0.0
367,12.2456,14,0.1848,0.8523,0.0331,0.109,0.3003,0.827
367,12.2456,21,0.7672,0.3727,0.0746,0.133,0.5397,0.7681
367,12.2456,26,0.789,0.2015,0.0478,0.1001,0.695,0.8311
367,12.2456,27,0.2431,0.389,0.0663,0.059,0.5533,0.9336
367,12.2456,28,0.9354,0.211,0.1207,0.3509,0.6437,0.2773
367,12.2456,29,0.8716,0.277,0.0422,0.101,0.4516,0.8667
368,12.2789,4,0.0937,0.3437,0.1855,0.4657,0.5019,0.0
368,12.2789,14,0.1849,0.8522,0.033,0.1089,0.3385,0.827
368,12.2789,21,0.7661,0.373,0.0747,0.1332,0.4668,0.7681
368,12.2789,25,0.6211,0.4063,0.1282,0.2502,0.3778,0.4918
368,12.2789,26,0.7878,0.202,0.0472,0.099,0.7038,0.8311
368,12.2789,27,0.2434,0.3879,0.0653,0.058,0.5237,0.9336
368,12.2789,28,0.9369,0.2053,0.1191,0.3495,0.4328,0.2773
368,12.2789,29,0.8709,0.2778,0.0422,0.1012,0.4879,0.8667
369,12.3123,4,0.0881,0.3482,0.1763,0.4659,0.3857,0.0
369,12.3123,14,0.1849,0.8521,0.0329,0.1088,0.3297,0.827
369,12.3123,21,0.765,0.3734,0.0747,0.1334,0.5348,0.7681
369,12.3123,25,0.6229,0.4013,0.1254,0.2422,0.4194,0.4918
369,12.3123,26,0.7865,0.2027,0.0464,0.0979,0.6452,0.8311
369,12.3123,27,0.2443,0.3868,0.0636,0.056,0.5427,0.9336
369,12.3123,28,0.9389,0.1985,0.1166,0.3475,0.7057,0.2773
369,12.3123,29,0.8702,0.2788,0.0421,0.1008,0.5917,0.8667
370,12.3457,4,0.0839,0.3515,0.1678,0.4682,0.4167,0.0
370,12.3457,14,0.185,0.8521,0.0327,0.1086,0.3363,0.827
370,12.3457,21,0.7639,0.3738,0.0745,0.1337,0.5921,0.7681
370,12.3457,25,0.623,0.3964,0.1231,0.2348,0.4957,0.4918
370,12.3457,26,0.7852,0.2037,0.0459,0.0977,0.6121,0.8311
370,12.3457,27,0.2456,0.386,0.0625,0.0544,0.5824,0.9336
370,12.3457,28,0.9414,0.1916,0.1134,0.3457,0.7396,0.2773
370,12.3457,29,0.8696,0.28,0.0418,0.1003,0.6735,0.8667
371,12.379,7,0.6756,0.9804,0.0492,0.0366,0.2531,1.0
371,12.379,14,0.185,0.852,0.0326,0.1085,0.4053,0.827
371,12.379,21,0.7628,0.3744,0.0741,0.1336,0.6762,0.7681
371,12.379,25,0.6222,0.392,0.1208,0.2264,0.2511,0.4918
371,12.379,26,0.7841,0.2048,0.0458,0.0985,0.5641,0.8311
371,12.379,27,0.2471,0.3852,0.0616,0.053,0.6222,0.9336
371,12.379,28,0.9438,0.1855,0.1097,0.3439,0.7229,0.2773
371,12.379,29,0.8682,0.2822,0.0417,0.1002,0.7011,0.8667
372,12.4124,4,0.0812,0.3539,0.1624,0.4719,0.4169,0.0
372,12.4124,7,0.6755,0.9804,0.0492,0.0366,0.2552,1.0
372,12.4124,14,0.1851,0.852,0.0324,0.1084,0.3483,0.827
372,12.4124,21,0.7617,0.3753,0.0738,0.1338,0.5592,0.7681
372,12.4124,25,0.6203,0.3916,0.121,0.2237,0.3445,0.4918
372,12.4124,26,0.7833,0.2059,0.0458,0.1,0.4838,0.8311
372,12.4124,28,0.9471,0.1798,0.1055,0.3425,0.7004,0.2773
372,12.4124,29,0.867,0.2841,0.0414,0.0995,0.7069,0.8667
373,12.4458,4,0.0802,0.3548,0.1604,0.4776,0.4061,0.0
373,12.4458,7,0.6755,0.9804,0.0492,0.0366,0.2642,1.0
373,12.4458,14,0.1852,0.8519,0.0323,0.1083,0.3704,0.827
373,12.4458,21,0.7608,0.3762,0.0734,0.1339,0.4904,0.7681
373,12.4458,25,0.6183,0.3915,0.121,0.2208,0.4939,0.4918
373,12.4458,26,0.7825,0.2067,0.046,0.1019,0.4381,0.8311
373,12.4458,28,0.9497,0.1752,0.1007,0.341,0.6133,0.2773
373,12.4458,29,0.8657,0.2855,0.0413,0.0993,0.6587,0.8667
373,12.4458,30,0.0828,0.1348,0.1605,0.1206,0.526,0.8399
374,12.4791,4,0.0807,0.3547,0.1614,0.485,0.4219,0.0
374,12.4791,7,0.6755,0.9803,0.0493,0.0366,0.2647,1.0
374,12.4791,14,0.1853,0.8519,0.0321,0.1082,0.4002,0.827
374,12.4791,21,0.76,0.3772,0.0731,0.1343,0.5647,0.7681
374,12.4791,25,0.6162,0.3921,0.1212,0.2186,0.5555,0.4918
374,12.4791,26,0.782,0.2075,0.0463,0.1042,0.5021,0.8311
374,12.4791,27,0.2489,0.3844,0.0613,0.0521,0.4049,0.9336
374,12.4791,28,0.9518,0.1719,0.0964,0.34,0.7034,0.2773
374,12.4791,29,0.8644,0.2865,0.0411,0.0991,0.687,0.8667
374,12.4791,30,0.0817,0.1316,0.1532,0.1145,0.4881,0.8399
375,12.5125,4,0.0829,0.3538,0.1646,0.4923,0.3353,0.0
375,12.5125,7,0.6755,0.9803,0.0493,0.0366,0.26,1.0
375,12.5125,14,0.1853,0.8519,0.032,0.1081,0.3902,0.827
375,12.5125,21,0.7593,0.3782,0.0728,0.1349,0.4999,0.7681
375,12.5125,25,0.6119,0.3934,0.1226,0.217,0.4938,0.4918
375,12.5125,26,0.7815,0.2081,0.0462,0.1058,0.626,0.8311
375,12.5125,27,0.2508,0.3837,0.0612,0.0516,0.3654,0.9336
375,12.5125,28,0.9539,0.1697,0.0922,0.3383,0.7159,0.2773
375,12.5125,29,0.8631,0.288,0.0407,0.0979,0.6971,0.8667
375,12.5125,30,0.081,0.1292,0.1483,0.1101,0.3747,0.8399
376,12.5459,4,0.0871,0.3524,0.1694,0.4982,0.4822,0.0
376,12.5459,7,0.6755,0.9803,0.0494,0.0367,0.2739,1.0
376,12.5459,14,0.1854,0.8519,0.0319,0.1081,0.3942,0.827
376,12.5459,21,0.7587,0.3792,0.0724,0.1353,0.5798,0.7681
376,12.5459,25,0.6094,0.3945,0.1236,0.2152,0.4964,0.4918
376,12.5459,26,0.7812,0.2081,0.0459,0.1068,0.6042,0.8311
376,12.5459,27,0.2528,0.3832,0.0612,0.051,0.2903,0.9336
376,12.5459,28,0.9558,0.1689,0.0884,0.3376,0.5492,0.2773
376,12.5459,29,0.862,0.2891,0.0403,0.097,0.6711,0.8667
376,12.5459,30,0.0806,0.1274,0.1448,0.1067,0.2904,0.8399
377,12.5792,4,0.0927,0.3514,0.1752,0.5015,0.4283,0.0
377,12.5792,14,0.1854,0.8519,0.0318,0.1081,0.4609,0.827
377,12.5792,21,0.758,0.38,0.072,0.1358,0.543,0.7681
377,12.5792,25,0.608,0.3956,0.1244,0.2133,0.496,0.4918
377,12.5792,26,0.781,0.2077,0.0455,0.1073,0.6233,0.8311
377,12.5792,27,0.2549,0.3828,0.061,0.0505,0.3911,0.9336
377,12.5792,28,0.9574,0.169,0.0852,0.3379,0.5364,0.2773
377,12.5792,29,0.8608,0.2901,0.04,0.0963,0.6961,0.8667
378,12.6126,4,0.0986,0.3522,0.1803,0.4999,0.4413,0.0
378,12.6126,7,0.6755,0.9803,0.0494,0.0367,0.2571,1.0
378,12.6126,14,0.1855,0.8519,0.0317,0.1082,0.3934,0.827
378,12.6126,21,0.7573,0.3808,0.0715,0.1363,0.4882,0.7681
378,12.6126,25,0.6073,0.3967,0.1251,0.2113,0.566,0.4918
378,12.6126,26,0.7809,0.2072,0.045,0.1079,0.6358,0.8311
378,12.6126,27,0.2568,0.3827,0.0618,0.0509,0.4872,0.9336
378,12.6126,28,0.9587,0.1693,0.0826,0.3385,0.4492,0.2773
378,12.6126,29,0.8595,0.2909,0.0395,0.0954,0.6622,0.8667
379,12.646,4,0.1041,0.3546,0.1841,0.4948,0.3321,0.0
379,12.646,7,0.6755,0.9803,0.0494,0.0367,0.2639,1.0
379,12.646,14,0.1856,0.8519,0.0316,0.1082,0.3866,0.827
379,12.646,21,0.7565,0.3814,0.0708,0.1362,0.4352,0.7681
379,12.646,25,0.6071,0.3979,0.1257,0.2094,0.4869,0.4918
379,12.646,26,0.7808,0.2066,0.0446,0.1086,0.5773,0.8311
379,12.646,27,0.2584,0.3827,0.0627,0.0515,0.3473,0.9336
379,12.646,28,0.9563,0.1675,0.082,0.3349,0.4063,0.2773
379,12.646,29,0.8581,0.2918,0.039,0.0943,0.6868,0.8667
379,12.646,30,0.0799,0.1242,0.1393,0.1009,0.372,0.8399
379,12.646,31,0.7929,0.6622,0.2273,0.23,0.5413,0.5391
380,12.6793,4,0.1086,0.3589,0.1861,0.4862,0.3811,0.0
380,12.6793,7,0.6755,0.9803,0.0493,0.0367,0.2762,1.0
380,12.6793,14,0.1856,0.8519,0.0315,0.1082,0.3659,0.827
380,12.6793,21,0.7557,0.382,0.07,0.1362,0.5406,0.7681
380,12.6793,25,0.6073,0.399,0.1264,0.2076,0.5248,0.4918
380,12.6793,26,0.7808,0.2059,0.0443,0.1093,0.6795,0.8311
380,12.6793,27,0.2596,0.3828,0.0635,0.0521,0.5271,0.9336
380,12.6793,28,0.9529,0.1649,0.0827,0.3298,0.2807,0.2773
380,12.6793,29,0.8568,0.2939,0.0378,0.0912,0.6147,0.8667
380,12.6793,30,0.0805,0.1214,0.1346,0.0956,0.4494,0.8399
380,12.6793,31,0.791,0.6629,0.227,0.229,0.5268,0.5391
381,12.7127,4,0.1119,0.3647,0.1871,0.4756,0.533,0.0
381,12.7127,14,0.1857,0.8519,0.0314,0.1083,0.3919,0.827
381,12.7127,21,0.7549,0.3826,0.0691,0.1362,0.4148,0.7681
381,12.7127,25,0.608,0.3996,0.1271,0.2058,0.4435,0.4918
381,12.7127,26,0.7809,0.205,0.0439,0.1097,0.623,0.8311
381,12.7127,29,0.8555,0.2952,0.0373,0.0897,0.6213,0.8667
381,12.7127,30,0.0808,0.119,0.1308,0.0909,0.5555,0.8399
381,12.7127,31,0.7895,0.664,0.2272,0.2281,0.6576,0.5391
382,12.7461,4,0.1138,0.3717,0.1876,0.4653,0.4255,0.0
382,12.7461,14,0.1857,0.8519,0.0314,0.1084,0.3257,0.827
382,12.7461,21,0.7542,0.3835,0.0679,0.1354,0.2925,0.7681
382,12.7461,25,0.6086,0.3998,0.128,0.204,0.2712,0.4918
382,12.7461,26,0.7811,0.2042,0.0437,0.1104,0.5983,0.8311
382,12.7461,28,0.9486,0.1619,0.0847,0.3237,0.2868,0.2773
382,12.7461,29,0.8541,0.2972,0.0364,0.0872,0.4859,0.8667
382,12.7461,30,0.0827,0.1183,0.1322,0.0899,0.6452,0.8399
382,12.7461,31,0.7882,0.6653,0.2278,0.2274,0.541,0.5391
383,12.7794,4,0.1136,0.3783,0.1884,0.4571,0.3793,0.0
383,12.7794,14,0.1858,0.852,0.0314,0.1084,0.334,0.827
383,12.7794,21,0.7535,0.3847,0.0666,0.1345,0.5208,0.7681
383,12.7794,25,0.6092,0.4002,0.1294,0.2034,0.2998,0.4918
383,12.7794,26,0.7813,0.2035,0.0436,0.1113,0.5845,0.8311
383,12.7794,27,0.2606,0.383,0.064,0.0525,0.3329,0.9336
383,12.7794,29,0.8523,0.2985,0.0364,0.0865,0.3159,0.8667
383,12.7794,30,0.0838,0.1189,0.1364,0.0909,0.7774,0.8399
383,12.7794,31,0.7844,0.6675,0.2289,0.2259,0.634,0.5391
384,12.8128,4,0.1114,0.3851,0.1889,0.4499,0.4266,0.0
384,12.8128,14,0.1858,0.852,0.0313,0.1085,0.3336,0.827
384,12.8128,21,0.7529,0.3864,0.0651,0.133,0.4665,0.7681
384,12.8128,25,0.6095,0.4008,0.1313,0.2036,0.4297,0.4918
384,12.8128,26,0.7816,0.2031,0.0436,0.1126,0.5573,0.8311
384,12.8128,27,0.2614,0.3832,0.0644,0.0528,0.2638,0.9336
384,12.8128,29,0.8515,0.2991,0.0375,0.0879,0.3644,0.8667
384,12.8128,30,0.0851,0.1202,0.1425,0.0934,0.6179,0.8399
384,12.8128,31,0.7807,0.6707,0.2324,0.2259,0.6038,0.5391
385,12.8462,4,0.1077,0.3908,0.1883,0.4453,0.4277,0.0
385,12.8462,14,0.1857,0.852,0.0313,0.1085,0.3464,0.827
385,12.8462,21,0.7528,0.3881,0.0638,0.1316,0.4731,0.7681
385,12.8462,25,0.6093,0.4012,0.1336,0.2048,0.4585,0.4918
385,12.8462,26,0.7818,0.2023,0.0436,0.1135,0.5265,0.8311
385,12.8462,27,0.2622,0.3832,0.0646,0.0528,0.3179,0.9336
385,12.8462,29,0.8511,0.3001,0.0391,0.0895,0.3208,0.8667
385,12.8462,30,0.0866,0.122,0.1496,0.0968,0.5138,0.8399
385,12.8462,31,0.7775,0.6732,0.2366,0.2257,0.4716,0.5391
386,12.8795,4,0.1031,0.3953,0.1864,0.4425,0.341,0.0
386,12.8795,14,0.1858,0.8522,0.0314,0.1087,0.2933,0.827
386,12.8795,21,0.753,0.3898,0.0626,0.1302,0.3447,0.7681
386,12.8795,25,0.6078,0.402,0.1364,0.2075,0.3473,0.4918
386,12.8795,26,0.782,0.2014,0.0435,0.114,0.6123,0.8311
386,12.8795,27,0.2629,0.3831,0.0646,0.0527,0.5307,0.9336
386,12.8795,30,0.0884,0.1239,0.1566,0.1004,0.5575,0.8399
387,12.9129,4,0.0981,0.3985,0.1831,0.4417,0.4577,0.0
387,12.9129,14,0.1858,0.8523,0.0314,0.1089,0.3904,0.827
387,12.9129,21,0.7537,0.3913,0.0615,0.1286,0.3667,0.7681
387,12.9129,25,0.6057,0.4025,0.1392,0.2108,0.3387,0.4918
387,12.9129,26,0.7822,0.2004,0.0435,0.1147,0.622,0.8311
387,12.9129,27,0.2632,0.383,0.0646,0.0525,0.6037,0.9336
387,12.9129,29,0.8498,0.3022,0.0405,0.09,0.2802,0.8667
387,12.9129,30,0.0891,0.1244,0.1595,0.1013,0.6253,0.8399
387,12.9129,31,0.7748,0.6758,0.2431,0.2271,0.7182,0.5391
388,12.9463,4,0.0926,0.3999,0.178,0.4417,0.3914,0.0
388,12.9463,14,0.1858,0.8524,0.0315,0.109,0.3141,0.827
388,12.9463,21,0.7547,0.3925,0.0605,0.1268,0.4945,0.7681
388,12.9463,25,0.6034,0.4032,0.1419,0.2145,0.2697,0.4918
388,12.9463,26,0.7823,0.1995,0.0435,0.1156,0.6431,0.8311
388,12.9463,27,0.2635,0.3828,0.0645,0.0521,0.6169,0.9336
388,12.9463,30,0.0899,0.1242,0.1603,0.1009,0.7728,0.8399
388,12.9463,31,0.769,0.6766,0.2461,0.2248,0.6752,0.5391
389,12.9796,4,0.087,0.3996,0.1711,0.4423,0.4554,0.0
389,12.9796,21,0.756,0.3933,0.0598,0.1255,0.6527,0.7681
389,12.9796,26,0.7824,0.1985,0.0437,0.1168,0.6538,0.8311
389,12.9796,27,0.2636,0.3827,0.0645,0.0519,0.6348,0.9336
389,12.9796,30,0.0916,0.1233,0.1598,0.0993,0.5144,0.8399
389,12.9796,31,0.7653,0.6778,0.2525,0.2252,0.5409,0.5391
390,13.013,4,0.0817,0.3984,0.1629,0.4437,0.488,0.0
390,13.013,21,0.7575,0.3937,0.0594,0.1244,0.6802,0.7681
390,13.013,25,0.6012,0.404,0.1445,0.2184,0.3105,0.4918
390,13.013,26,0.7825,0.1977,0.0439,0.1182,0.7219,0.8311
390,13.013,27,0.2635,0.3825,0.0645,0.0517,0.5658,0.9336
390,13.013,28,0.9433,0.1584,0.0879,0.3167,0.3993,0.2773
390,13.013,29,0.8476,0.3039,0.0421,0.0919,0.4485,0.8667
390,13.013,30,0.0942,0.1219,0.1589,0.0969,0.6066,0.8399
390,13.013,31,0.7593,0.6776,0.2569,0.224,0.4716,0.5391
391,13.0464,4,0.0792,0.3977,0.1583,0.4444,0.4061,0.0
391,13.0464,21,0.7591,0.394,0.0596,0.1244,0.6639,0.7681
391,13.0464,25,0.5989,0.4049,0.1468,0.2223,0.3726,0.4918
391,13.0464,26,0.7827,0.1966,0.0441,0.1197,0.6369,0.8311
391,13.0464,27,0.2636,0.3823,0.0642,0.0513,0.4609,0.9336
391,13.0464,28,0.937,0.1546,0.0924,0.3089,0.3628,0.2773
391,13.0464,30,0.098,0.1199,0.1564,0.0932,0.4727,0.8399
391,13.0464,31,0.7567,0.6781,0.2639,0.2249,0.3405,0.5391
392,13.0797,4,0.0768,0.3966,0.1536,0.4454,0.4304,0.0
392,13.0797,21,0.7607,0.3941,0.0601,0.125,0.7073,0.7681
392,13.0797,25,0.5967,0.4054,0.1482,0.2252,0.4204,0.4918
392,13.0797,26,0.783,0.1959,0.0447,0.1225,0.6159,0.8311
392,13.0797,27,0.264,0.3825,0.0646,0.0517,0.6531,0.9336
392,13.0797,28,0.9278,0.1503,0.0978,0.3004,0.5369,0.2773
392,13.0797,31,0.7421,0.6805,0.2626,0.2209,0.3819,0.5391
393,13.1131,4,0.0744,0.3952,0.1487,0.4466,0.3808,0.0
393,13.1131,21,0.762,0.3948,0.061,0.1267,0.6924,0.7681
393,13.1131,25,0.5948,0.406,0.1491,0.2271,0.3676,0.4918
393,13.1131,26,0.7835,0.1954,0.0457,0.1267,0.6034,0.8311
393,13.1131,27,0.2649,0.383,0.0653,0.0524,0.6609,0.9336
393,13.1131,28,0.9153,0.1463,0.104,0.2923,0.5895,0.2773
393,13.1131,30,0.1031,0.1174,0.1533,0.0885,0.2719,0.8399
393,13.1131,31,0.7261,0.6833,0.2589,0.2171,0.2966,0.5391
394,13.1465,21,0.7632,0.3957,0.062,0.1289,0.6533,0.7681
394,13.1465,25,0.5943,0.4064,0.1499,0.2289,0.3048,0.4918
394,13.1465,26,0.7842,0.1944,0.0464,0.1296,0.7112,0.8311
394,13.1465,27,0.2664,0.3835,0.0656,0.0529,0.4741,0.9336
394,13.1465,28,0.9026,0.1458,0.1103,0.2913,0.6536,0.2773
394,13.1465,30,0.1085,0.1145,0.1501,0.0834,0.4144,0.8399
394,13.1465,31,0.7097,0.6866,0.2526,0.2132,0.3833,0.5391
394,13.1465,32,0.1972,0.4557,0.1386,0.0937,0.3631,0.8358
395,13.1798,21,0.7641,0.397,0.063,0.1314,0.5436,0.7681
395,13.1798,25,0.5944,0.4068,0.1506,0.2302,0.4369,0.4918
395,13.1798,26,0.7851,0.1934,0.0471,0.1325,0.6194,0.8311
395,13.1798,27,0.2685,0.3841,0.066,0.0534,0.5313,0.9336
395,13.1798,29,0.8455,0.3065,0.0431,0.0924,0.2559,0.8667
395,13.1798,30,0.1143,0.1128,0.1505,0.0804,0.4159,0.8399
396,13.2132,21,0.7649,0.3989,0.0642,0.1346,0.5892,0.7681
396,13.2132,25,0.5949,0.407,0.1511,0.2309,0.3358,0.4918
396,13.2132,26,0.7855,0.193,0.0476,0.1344,0.5414,0.8311
396,13.2132,27,0.2709,0.3848,0.0661,0.0538,0.2825,0.9336
396,13.2132,28,0.8899,0.1459,0.1162,0.2916,0.4214,0.2773
397,13.2466,21,0.7656,0.401,0.0651,0.1378,0.5838,0.7681
397,13.2466,25,0.5956,0.4072,0.1517,0.2315,0.5282,0.4918
397,13.2466,26,0.786,0.1925,0.0481,0.1364,0.5725,0.8311
397,13.2466,27,0.2736,0.3858,0.0654,0.0535,0.3659,0.9336
397,13.2466,30,0.1203,0.1122,0.1548,0.0797,0.5046,0.8399
398,13.2799,21,0.7662,0.4029,0.0657,0.1405,0.5705,0.7681
398,13.2799,25,0.5971,0.4073,0.1522,0.2316,0.3996,0.4918
398,13.2799,26,0.7867,0.192,0.0487,0.1387,0.4434,0.8311
398,13.2799,27,0.2753,0.386,0.0666,0.0548,0.4591,0.9336
398,13.2799,28,0.8771,0.1463,0.1214,0.2924,0.4571,0.2773
398,13.2799,30,0.1259,0.1122,0.1609,0.0802,0.454,0.8399
398,13.2799,32,0.1976,0.4559,0.1384,0.0935,0.3586,0.8358
399,13.3133,21,0.7667,0.4043,0.0663,0.1435,0.2632,0.7681
399,13.3133,25,0.599,0.4079,0.1533,0.2323,0.456,0.4918
399,13.3133,27,0.2772,0.3861,0.0669,0.0554,0.4746,0.9336
399,13.3133,30,0.1315,0.113,0.1697,0.0825,0.4805,0.8399
399,13.3133,32,0.1976,0.456,0.1386,0.0934,0.3425,0.8358
400,13.3467,21,0.7672,0.4029,0.0657,0.1438,0.4987,0.7681
400,13.3467,25,0.601,0.4087,0.1545,0.2333,0.3986,0.4918
400,13.3467,27,0.2797,0.3864,0.0658,0.0546,0.3924,0.9336
400,13.3467,30,0.1357,0.1143,0.1793,0.0856,0.6156,0.8399
400,13.3467,32,0.1976,0.4561,0.1389,0.0934,0.4412,0.8358
401,13.38,27,0.282,0.387,0.0646,0.0538,0.4453,0.9336
401,13.38,30,0.1382,0.1158,0.1891,0.0891,0.6448,0.8399
401,13.38,32,0.1977,0.4563,0.139,0.0931,0.3765,0.8358
402,13.4134,21,0.7675,0.4009,0.0648,0.1432,0.3642,0.7681
402,13.4134,25,0.6031,0.4092,0.1553,0.2335,0.3406,0.4918
402,13.4134,27,0.2842,0.3875,0.0635,0.053,0.2647,0.9336
402,13.4134,28,0.8641,0.1469,0.1259,0.2937,0.3246,0.2773
402,13.4134,29,0.8436,0.3082,0.0445,0.0945,0.2699,0.8667
402,13.4134,30,0.1399,0.1184,0.2017,0.0946,0.6609,0.8399
402,13.4134,31,0.6959,0.6917,0.248,0.2125,0.3454,0.5391
402,13.4134,32,0.1982,0.4565,0.1395,0.093,0.5689,0.8358
403,13.4468,21,0.7677,0.3981,0.064,0.143,0.4717,0.7681
403,13.4468,25,0.6055,0.41,0.1562,0.2339,0.3841,0.4918
403,13.4468,27,0.2865,0.3883,0.0617,0.0516,0.3396,0.9336
403,13.4468,28,0.8512,0.148,0.1297,0.2959,0.3887,0.2773
403,13.4468,30,0.1408,0.1214,0.214,0.1005,0.6634,0.8399
403,13.4468,32,0.1986,0.4569,0.1401,0.0927,0.5494,0.8358
404,13.4801,7,0.6756,0.9803,0.0493,0.0367,0.2667,1.0
404,13.4801,25,0.6079,0.4111,0.1572,0.2343,0.4532,0.4918
404,13.4801,27,0.2888,0.389,0.0605,0.0507,0.3518,0.9336
404,13.4801,28,0.8401,0.1496,0.133,0.299,0.3179,0.2773
404,13.4801,30,0.1409,0.124,0.2231,0.1053,0.6098,0.8399
404,13.4801,31,0.6795,0.696,0.2386,0.2098,0.4929,0.5391
404,13.4801,32,0.1988,0.4573,0.1409,0.0926,0.5577,0.8358
405,13.5135,7,0.6756,0.9804,0.0493,0.0366,0.2544,1.0
405,13.5135,25,0.6132,0.4136,0.1558,0.2324,0.3206,0.4918
405,13.5135,27,0.2921,0.3898,0.0602,0.0506,0.4335,0.9336
405,13.5135,28,0.8317,0.1513,0.1358,0.3023,0.4182,0.2773
405,13.5135,30,0.1402,0.127,0.2317,0.1104,0.5017,0.8399
405,13.5135,31,0.6661,0.7011,0.231,0.2102,0.4239,0.5391
405,13.5135,32,0.1992,0.4576,0.1421,0.0926,0.5257,0.8358
405,13.5135,33,0.9316,0.337,0.0264,0.0527,0.3608,0.9479
406,13.5469,7,0.6756,0.9804,0.0492,0.0366,0.2925,1.0
406,13.5469,21,0.7678,0.396,0.0622,0.1398,0.3256,0.7681
406,13.5469,25,0.6156,0.4155,0.1553,0.2321,0.366,0.4918
406,13.5469,27,0.2949,0.3905,0.0597,0.0508,0.5312,0.9336
406,13.5469,28,0.8255,0.1481,0.1345,0.2958,0.4026,0.2773
406,13.5469,29,0.8425,0.3107,0.0454,0.096,0.386,0.8667
406,13.5469,30,0.1388,0.1295,0.2372,0.1143,0.6985,0.8399
406,13.5469,31,0.6493,0.7052,0.2184,0.2081,0.4979,0.5391
406,13.5469,32,0.1999,0.4579,0.1436,0.0928,0.5276,0.8358
406,13.5469,33,0.9308,0.3374,0.0269,0.0537,0.3198,0.9479
407,13.5802,7,0.6756,0.9804,0.0491,0.0365,0.2893,1.0
407,13.5802,21,0.7679,0.3942,0.0602,0.1355,0.2991,0.7681
407,13.5802,25,0.6204,0.4184,0.1526,0.2297,0.6415,0.4918
407,13.5802,27,0.2967,0.3906,0.06,0.0519,0.326,0.9336
407,13.5802,28,0.8116,0.1452,0.1341,0.2899,0.4451,0.2773
407,13.5802,29,0.8403,0.3141,0.0449,0.0952,0.3925,0.8667
407,13.5802,30,0.1373,0.1317,0.2411,0.1178,0.5923,0.8399
407,13.5802,31,0.6444,0.7074,0.2114,0.2105,0.5332,0.5391
407,13.5802,32,0.2008,0.4581,0.1452,0.0931,0.5248,0.8358
407,13.5802,33,0.9302,0.3377,0.0273,0.0545,0.2601,0.9479
408,13.6136,7,0.6756,0.9805,0.0491,0.0364,0.2941,1.0
408,13.6136,14,0.1858,0.8525,0.0316,0.1091,0.2736,0.827
408,13.6136,21,0.7681,0.391,0.0593,0.1336,0.3281,0.7681
408,13.6136,25,0.6267,0.4219,0.1492,0.2274,0.4417,0.4918
408,13.6136,28,0.799,0.143,0.1345,0.2855,0.492,0.2773
408,13.6136,29,0.838,0.317,0.0435,0.0936,0.3204,0.8667
408,13.6136,30,0.1352,0.1338,0.2437,0.121,0.5442,0.8399
408,13.6136,31,0.6409,0.7091,0.2044,0.2122,0.5745,0.5391
408,13.6136,32,0.2017,0.4583,0.1471,0.0934,0.5936,0.8358
408,13.6136,33,0.9299,0.3379,0.0277,0.0554,0.4504,0.9479
409,13.647,7,0.6755,0.9805,0.049,0.0364,0.3145,1.0
409,13.647,14,0.1859,0.8526,0.0317,0.1094,0.3,0.827
409,13.647,21,0.7685,0.3894,0.0577,0.1291,0.256,0.7681
409,13.647,25,0.6338,0.4254,0.1448,0.2243,0.2708,0.4918
409,13.647,30,0.1328,0.1351,0.2433,0.1228,0.484,0.8399
409,13.647,31,0.6376,0.7106,0.1978,0.2142,0.6381,0.5391
409,13.647,32,0.2022,0.4586,0.1489,0.0937,0.5803,0.8358
409,13.647,33,0.9288,0.3383,0.0284,0.0566,0.4076,0.9479
409,13.647,34,0.5694,0.3819,0.0638,0.1632,0.3741,0.7224
410,13.6803,7,0.6755,0.9806,0.049,0.0363,0.3175,1.0
410,13.6803,14,0.186,0.8528,0.0318,0.1096,0.2812,0.827
410,13.6803,21,0.7693,0.3904,0.0567,0.1255,0.4136,0.7681
410,13.6803,25,0.6411,0.4288,0.1399,0.2213,0.3351,0.4918
410,13.6803,28,0.7881,0.1415,0.1358,0.2827,0.3198,0.2773
410,13.6803,30,0.13,0.1361,0.242,0.1243,0.3893,0.8399
410,13.6803,31,0.6345,0.7121,0.1917,0.2165,0.6142,0.5391
410,13.6803,32,0.2024,0.4586,0.1511,0.0942,0.5351,0.8358
410,13.6803,33,0.9278,0.3384,0.0289,0.0576,0.5027,0.9479
410,13.6803,34,0.5698,0.3823,0.064,0.1632,0.531,0.7224
411,13.7137,7,0.6754,0.9806,0.0489,0.0362,0.3058,1.0
411,13.7137,14,0.1861,0.8529,0.0319,0.1098,0.2809,0.827
411,13.7137,21,0.7704,0.3918,0.0557,0.1214,0.4705,0.7681
411,13.7137,25,0.6486,0.4319,0.1345,0.2183,0.6032,0.4918
411,13.7137,27,0.2979,0.3905,0.0603,0.0532,0.3964,0.9336
411,13.7137,30,0.127,0.1364,0.2393,0.1247,0.4163,0.8399
411,13.7137,31,0.6318,0.7135,0.1858,0.2188,0.5889,0.5391
411,13.7137,32,0.2024,0.4587,0.1532,0.0945,0.5877,0.8358
411,13.7137,33,0.9267,0.3386,0.0294,0.0586,0.5011,0.9479
411,13.7137,34,0.5701,0.3826,0.0641,0.163,0.6756,0.7224
412,13.7471,7,0.6753,0.9806,0.0488,0.0361,0.2843,1.0
412,13.7471,14,0.1862,0.8529,0.0318,0.1098,0.2967,0.827
412,13.7471,21,0.7718,0.3937,0.0548,0.117,0.391,0.7681
412,13.7471,25,0.6534,0.4334,0.131,0.2174,0.5773,0.4918
412,13.7471,30,0.124,0.1359,0.2347,0.1239,0.4061,0.8399
412,13.7471,31,0.6288,0.7155,0.1787,0.2198,0.4483,0.5391
412,13.7471,32,0.2021,0.4586,0.1547,0.0945,0.5411,0.8358
412,13.7471,33,0.926,0.3385,0.0298,0.0593,0.4541,0.9479
412,13.7471,34,0.5704,0.3829,0.064,0.1621,0.5591,0.7224
413,13.7804,7,0.6752,0.9807,0.0488,0.0361,0.2555,1.0
413,13.7804,14,0.1862,0.8529,0.0318,0.1099,0.4036,0.827
413,13.7804,21,0.7734,0.3946,0.0552,0.1152,0.4119,0.7681
413,13.7804,25,0.6613,0.4356,0.1265,0.2152,0.5422,0.4918
413,13.7804,27,0.2988,0.3904,0.0605,0.0545,0.405,0.9336
413,13.7804,30,0.1208,0.1344,0.2275,0.1211,0.2991,0.8399
413,13.7804,31,0.6266,0.7175,0.1727,0.2222,0.5288,0.5391
413,13.7804,32,0.2031,0.4588,0.1548,0.0938,0.5704,0.8358
413,13.7804,33,0.9253,0.3384,0.0299,0.0594,0.3957,0.9479
413,13.7804,34,0.571,0.3839,0.0645,0.1619,0.4245,0.7224
414,13.8138,7,0.6751,0.9807,0.0487,0.036,0.3107,1.0
414,13.8138,14,0.1861,0.853,0.0318,0.11,0.4108,0.827
414,13.8138,21,0.775,0.3954,0.0563,0.1151,0.5413,0.7681
414,13.8138,25,0.6674,0.4369,0.1239,0.2154,0.5337,0.4918
414,13.8138,27,0.2998,0.3899,0.0613,0.0566,0.3976,0.9336
414,13.8138,29,0.8368,0.319,0.0424,0.0931,0.2654,0.8667
414,13.8138,30,0.1181,0.1322,0.2191,0.117,0.2943,0.8399
414,13.8138,31,0.6249,0.7202,0.166,0.2234,0.6355,0.5391
414,13.8138,32,0.2049,0.4592,0.1544,0.093,0.5875,0.8358
414,13.8138,33,0.9245,0.3385,0.0299,0.0592,0.423,0.9479
414,13.8138,34,0.5716,0.3852,0.0649,0.1612,0.6271,0.7224
415,13.8472,7,0.6751,0.9808,0.0485,0.036,0.3273,1.0
415,13.8472,14,0.186,0.8531,0.0317,0.1102,0.4203,0.827
415,13.8472,21,0.7766,0.3978,0.0567,0.1134,0.4158,0.7681
415,13.8472,25,0.6725,0.4375,0.1222,0.2161,0.6044,0.4918
415,13.8472,27,0.3007,0.3893,0.0621,0.0587,0.4272,0.9336
415,13.8472,29,0.8364,0.3205,0.0416,0.0932,0.392,0.8667
415,13.8472,30,0.1161,0.13,0.2113,0.1126,0.4544,0.8399
415,13.8472,31,0.6236,0.7233,0.1589,0.2236,0.6028,0.5391
415,13.8472,32,0.207,0.4595,0.1539,0.0923,0.5067,0.8358
415,13.8472,33,0.9234,0.3388,0.0297,0.0587,0.4789,0.9479
415,13.8472,34,0.5723,0.3862,0.0651,0.1596,0.7512,0.7224
416,13.8805,7,0.675,0.9808,0.0484,0.036,0.2922,1.0
416,13.8805,14,0.1859,0.8531,0.0317,0.1102,0.4939,0.827
416,13.8805,21,0.7779,0.398,0.0569,0.1113,0.3601,0.7681
416,13.8805,25,0.6773,0.4384,0.1213,0.2175,0.6606,0.4918
416,13.8805,27,0.3014,0.3891,0.0602,0.0585,0.4213,0.9336
416,13.8805,29,0.8358,0.3217,0.0409,0.0934,0.4237,0.8667
416,13.8805,30,0.115,0.1275,0.2037,0.1077,0.3705,0.8399
416,13.8805,31,0.6228,0.7262,0.1516,0.223,0.5882,0.5391
416,13.8805,32,0.2095,0.4594,0.1539,0.0922,0.3348,0.8358
416,13.8805,33,0.9222,0.3392,0.0295,0.0581,0.4189,0.9479
416,13.8805,34,0.5732,0.3871,0.0656,0.158,0.742,0.7224
417,13.9139,7,0.675,0.9808,0.0483,0.0359,0.3728,1.0
417,13.9139,14,0.1857,0.8532,0.0317,0.1102,0.5002,0.827
417,13.9139,21,0.7789,0.3987,0.0585,0.1127,0.4019,0.7681
417,13.9139,25,0.6819,0.4392,0.1208,0.2189,0.6807,0.4918
417,13.9139,27,0.3024,0.389,0.0585,0.0582,0.5148,0.9336
417,13.9139,29,0.8351,0.3231,0.0401,0.0934,0.3987,0.8667
417,13.9139,30,0.1147,0.1252,0.1976,0.1031,0.4979,0.8399
417,13.9139,31,0.6223,0.7288,0.1446,0.2224,0.5577,0.5391
417,13.9139,32,0.2122,0.4593,0.1536,0.0921,0.6271,0.8358
417,13.9139,33,0.921,0.3395,0.0296,0.0581,0.5365,0.9479
417,13.9139,34,0.5742,0.388,0.0661,0.1562,0.7527,0.7224
418,13.9473,7,0.6749,0.9808,0.0482,0.0359,0.3936,1.0
418,13.9473,14,0.1856,0.8532,0.0317,0.1103,0.5245,0.827
418,13.9473,21,0.7794,0.3991,0.0594,0.1136,0.4777,0.7681
418,13.9473,25,0.6891,0.4403,0.1216,0.2208,0.7514,0.4918
418,13.9473,27,0.3036,0.3888,0.057,0.058,0.5487,0.9336
418,13.9473,29,0.8334,0.3245,0.0391,0.0925,0.3517,0.8667
418,13.9473,30,0.1154,0.1235,0.1945,0.0997,0.5471,0.8399
418,13.9473,31,0.6221,0.7315,0.1381,0.2224,0.6143,0.5391
418,13.9473,32,0.2152,0.459,0.1531,0.0922,0.5577,0.8358
418,13.9473,33,0.9198,0.3399,0.0295,0.058,0.5569,0.9479
418,13.9473,34,0.5754,0.3892,0.0668,0.1545,0.756,0.7224
419,13.9806,7,0.6749,0.9809,0.0481,0.0359,0.4096,1.0
419,13.9806,14,0.1854,0.8532,0.0317,0.1104,0.524,0.827
419,13.9806,21,0.7798,0.3997,0.0604,0.1148,0.3367,0.7681
419,13.9806,25,0.6951,0.4417,0.1223,0.2225,0.7981,0.4918
419,13.9806,27,0.3051,0.3888,0.0555,0.0576,0.5776,0.9336
419,13.9806,29,0.8315,0.3258,0.0383,0.0919,0.2741,0.8667
419,13.9806,30,0.1168,0.1222,0.1936,0.0973,0.6601,0.8399
419,13.9806,31,0.6222,0.7338,0.1319,0.2221,0.5756,0.5391
419,13.9806,32,0.218,0.4586,0.1531,0.0927,0.6609,0.8358
419,13.9806,33,0.9184,0.3403,0.0293,0.0577,0.5415,0.9479
419,13.9806,34,0.577,0.3903,0.0679,0.1535,0.8167,0.7224
420,14.014,7,0.6749,0.9809,0.048,0.0359,0.401,1.0
420,14.014,14,0.1852,0.8532,0.0318,0.1104,0.4943,0.827
420,14.014,21,0.7802,0.4001,0.0613,0.116,0.2644,0.7681
420,14.014,25,0.7003,0.4432,0.1231,0.224,0.8121,0.4918
420,14.014,27,0.307,0.3889,0.0542,0.0573,0.5656,0.9336
420,14.014,29,0.8297,0.327,0.0378,0.0919,0.2794,0.8667
420,14.014,30,0.119,0.122,0.1964,0.0968,0.6562,0.8399
420,14.014,31,0.6231,0.7361,0.126,0.2215,0.5282,0.5391
420,14.014,32,0.2192,0.458,0.1541,0.094,0.561,0.8358
420,14.014,33,0.9167,0.3407,0.0291,0.0574,0.3922,0.9479
420,14.014,34,0.5791,0.3914,0.069,0.1525,0.8108,0.7224
421,14.0474,7,0.6749,0.9808,0.048,0.0359,0.4083,1.0
421,14.0474,14,0.1851,0.8532,0.0318,0.1103,0.5195,0.827
421,14.0474,25,0.7051,0.4447,0.1243,0.2258,0.3784,0.4918
421,14.0474,27,0.3087,0.389,0.0529,0.0568,0.5582,0.9336
421,14.0474,30,0.1213,0.1226,0.202,0.0979,0.5969,0.8399
421,14.0474,31,0.625,0.7377,0.1216,0.2224,0.6695,0.5391
421,14.0474,32,0.2196,0.4571,0.1551,0.0952,0.6477,0.8358
421,14.0474,33,0.9151,0.341,0.0287,0.0568,0.5501,0.9479
421,14.0474,34,0.5814,0.3924,0.0703,0.1521,0.8023,0.7224
422,14.0807,7,0.6749,0.9808,0.0479,0.0359,0.4163,1.0
422,14.0807,14,0.1851,0.8532,0.0319,0.1103,0.5322,0.827
422,14.0807,25,0.7097,0.4463,0.1254,0.2271,0.6088,0.4918
422,14.0807,27,0.3106,0.3891,0.0517,0.0563,0.5646,0.9336
422,14.0807,28,0.779,0.141,0.1381,0.2816,0.4976,0.2773
422,14.0807,30,0.1237,0.1236,0.2094,0.1001,0.7011,0.8399
422,14.0807,31,0.6278,0.7384,0.1183,0.2238,0.7065,0.5391
422,14.0807,32,0.2198,0.4561,0.1557,0.0963,0.721,0.8358
422,14.0807,33,0.9134,0.3414,0.0282,0.056,0.5574,0.9479
422,14.0807,34,0.5838,0.3942,0.072,0.1527,0.8074,0.7224
423,14.1141,7,0.6749,0.9808,0.0478,0.0359,0.3858,1.0
423,14.1141,14,0.1851,0.8531,0.0319,0.1102,0.5039,0.827
423,14.1141,25,0.7143,0.4479,0.1268,0.2283,0.7768,0.4918
423,14.1141,27,0.3125,0.3893,0.0506,0.0557,0.5451,0.9336
423,14.1141,28,0.7716,0.1418,0.1416,0.2834,0.6127,0.2773
423,14.1141,30,0.1261,0.1252,0.2185,0.1034,0.7743,0.8399
423,14.1141,31,0.6313,0.7396,0.1161,0.226,0.5836,0.5391
423,14.1141,32,0.2199,0.4553,0.1554,0.097,0.7131,0.8358
423,14.1141,33,0.9118,0.3417,0.0277,0.0552,0.5131,0.9479
423,14.1141,34,0.5861,0.396,0.0737,0.1534,0.7668,0.7224
424,14.1475,7,0.6749,0.9808,0.0478,0.0359,0.3845,1.0
424,14.1475,14,0.1851,0.8531,0.0319,0.1102,0.5218,0.827
424,14.1475,25,0.7188,0.4495,0.1285,0.2295,0.7498,0.4918
424,14.1475,27,0.3142,0.3896,0.0492,0.0548,0.5496,0.9336
424,14.1475,28,0.7682,0.1408,0.1441,0.2811,0.5923,0.2773
424,14.1475,30,0.1284,0.127,0.2281,0.1072,0.7373,0.8399
424,14.1475,31,0.6356,0.741,0.1145,0.2282,0.5275,0.5391
424,14.1475,32,0.2204,0.4546,0.1546,0.0974,0.7101,0.8358
424,14.1475,33,0.91,0.342,0.0273,0.0543,0.3978,0.9479
424,14.1475,34,0.5885,0.3976,0.0753,0.1542,0.7473,0.7224
424,14.1475,35,0.0172,0.4206,0.0343,0.1666,0.5682,0.6629
425,14.1808,7,0.6749,0.9808,0.0477,0.0359,0.3733,1.0
425,14.1808,14,0.1851,0.8531,0.032,0.1102,0.4963,0.827
425,14.1808,25,0.7207,0.4511,0.1297,0.2305,0.7588,0.4918
425,14.1808,27,0.3159,0.39,0.0477,0.0537,0.5913,0.9336
425,14.1808,28,0.7691,0.1448,0.152,0.2891,0.6507,0.2773
425,14.1808,30,0.1302,0.1289,0.2375,0.1112,0.8213,0.8399
425,14.1808,31,0.6405,0.7428,0.1134,0.2298,0.5682,0.5391
425,14.1808,32,0.2211,0.4538,0.1537,0.0979,0.6066,0.8358
425,14.1808,33,0.9082,0.3421,0.027,0.0538,0.5104,0.9479
425,14.1808,34,0.591,0.3991,0.0768,0.1549,0.707,0.7224
425,14.1808,35,0.0173,0.4207,0.0343,0.1667,0.5954,0.6629
426,14.2142,7,0.6749,0.9808,0.0477,0.0359,0.346,1.0
426,14.2142,14,0.1851,0.8531,0.032,0.1102,0.5055,0.827
426,14.2142,25,0.7242,0.4528,0.1311,0.2313,0.7541,0.4918
426,14.2142,27,0.3176,0.3905,0.046,0.0522,0.5328,0.9336
426,14.2142,28,0.7829,0.1518,0.1646,0.3028,0.5841,0.2773
426,14.2142,29,0.828,0.328,0.0374,0.0923,0.281,0.8667
426,14.2142,30,0.1319,0.1311,0.2466,0.1155,0.8137,0.8399
426,14.2142,31,0.6461,0.7441,0.1126,0.2306,0.6256,0.5391
426,14.2142,32,0.2225,0.4531,0.1522,0.098,0.5548,0.8358
426,14.2142,33,0.9066,0.3422,0.0268,0.0536,0.5091,0.9479
426,14.2142,34,0.593,0.4002,0.0781,0.1554,0.7085,0.7224
426,14.2142,35,0.0174,0.4207,0.0344,0.1668,0.6095,0.6629
427,14.2476,7,0.6749,0.9808,0.0476,0.0359,0.3457,1.0
427,14.2476,14,0.1851,0.8531,0.032,0.1102,0.4974,0.827
427,14.2476,25,0.7287,0.4545,0.1326,0.2319,0.8039,0.4918
427,14.2476,27,0.3189,0.391,0.0442,0.0505,0.4407,0.9336
427,14.2476,29,0.8264,0.3291,0.0369,0.0923,0.2988,0.8667
427,14.2476,30,0.1336,0.1335,0.2551,0.1202,0.8353,0.8399
427,14.2476,31,0.6514,0.7445,0.1121,0.2308,0.6058,0.5391
427,14.2476,32,0.2241,0.4524,0.1502,0.0978,0.6702,0.8358
427,14.2476,33,0.905,0.3426,0.0264,0.0527,0.4595,0.9479
427,14.2476,34,0.5947,0.4012,0.0792,0.1557,0.6286,0.7224
427,14.2476,35,0.0172,0.4209,0.034,0.167,0.5894,0.6629
428,14.2809,7,0.6749,0.9808,0.0476,0.036,0.3694,1.0
428,14.2809,14,0.1851,0.8531,0.0321,0.1102,0.5048,0.827
428,14.2809,25,0.7336,0.456,0.1344,0.2324,0.8039,0.4918
428,14.2809,27,0.32,0.392,0.0417,0.0479,0.5239,0.9336
428,14.2809,29,0.8249,0.3304,0.0363,0.0919,0.3159,0.8667
428,14.2809,30,0.1347,0.1356,0.2621,0.1243,0.8335,0.8399
428,14.2809,31,0.6564,0.7451,0.1126,0.2319,0.6597,0.5391
428,14.2809,32,0.2257,0.4517,0.1483,0.0977,0.6933,0.8358
428,14.2809,33,0.9035,0.3431,0.0261,0.052,0.3997,0.9479
428,14.2809,34,0.5956,0.4023,0.0805,0.1572,0.6324,0.7224
428,14.2809,35,0.0173,0.4186,0.0329,0.16,0.5865,0.6629
429,14.3143,7,0.6749,0.9808,0.0476,0.036,0.3641,1.0
429,14.3143,14,0.1851,0.8531,0.0321,0.1103,0.4754,0.827
429,14.3143,25,0.7388,0.4572,0.1365,0.2334,0.7542,0.4918
429,14.3143,27,0.3214,0.3932,0.0393,0.0451,0.4293,0.9336
429,14.3143,29,0.8236,0.3317,0.0357,0.0915,0.3122,0.8667
429,14.3143,30,0.1353,0.1371,0.2669,0.1273,0.8228,0.8399
429,14.3143,31,0.6611,0.7462,0.114,0.2341,0.5406,0.5391
429,14.3143,32,0.2279,0.451,0.1468,0.0976,0.6761,0.8358
429,14.3143,33,0.9021,0.3433,0.0259,0.0517,0.2766,0.9479
429,14.3143,34,0.5958,0.4026,0.0812,0.1584,0.4463,0.7224
429,14.3143,35,0.0181,0.4161,0.0327,0.1554,0.4697,0.6629
430,14.3477,7,0.6749,0.9808,0.0475,0.036,0.3374,1.0
430,14.3477,14,0.1851,0.8531,0.0321,0.1103,0.4826,0.827
430,14.3477,25,0.744,0.4588,0.1379,0.2333,0.7942,0.4918
430,14.3477,27,0.3226,0.3942,0.037,0.0424,0.3839,0.9336
430,14.3477,28,0.7969,0.1587,0.1784,0.3162,0.5524,0.2773
430,14.3477,29,0.823,0.3327,0.0352,0.091,0.2607,0.8667
430,14.3477,30,0.1352,0.1381,0.2688,0.1291,0.811,0.8399
430,14.3477,31,0.6658,0.7471,0.1159,0.2365,0.615,0.5391
430,14.3477,32,0.2301,0.4503,0.1456,0.0976,0.666,0.8358
430,14.3477,33,0.9007,0.3437,0.0261,0.0519,0.3742,0.9479
430,14.3477,34,0.5951,0.4024,0.0814,0.1595,0.2761,0.7224
430,14.3477,35,0.0193,0.4133,0.0332,0.1523,0.3733,0.6629
431,14.381,7,0.675,0.9808,0.0475,0.036,0.3158,1.0
431,14.381,14,0.1851,0.8531,0.0322,0.1103,0.4797,0.827
431,14.381,25,0.7494,0.4603,0.1395,0.2334,0.781,0.4918
431,14.381,27,0.3238,0.3951,0.0351,0.0401,0.3612,0.9336
431,14.381,29,0.8226,0.3335,0.0349,0.0904,0.3606,0.8667
431,14.381,30,0.1345,0.1383,0.2679,0.1295,0.8282,0.8399
431,14.381,31,0.6705,0.7479,0.1181,0.239,0.6773,0.5391
431,14.381,32,0.2321,0.4497,0.1445,0.0974,0.7053,0.8358
431,14.381,33,0.8997,0.3442,0.0264,0.0521,0.3794,0.9479
432,14.4144,7,0.675,0.9808,0.0475,0.036,0.3349,1.0
432,14.4144,14,0.185,0.8531,0.0322,0.1104,0.5007,0.827
432,14.4144,25,0.7547,0.4617,0.1411,0.2334,0.796,0.4918
432,14.4144,29,0.8222,0.3344,0.0346,0.0899,0.334,0.8667
432,14.4144,30,0.1337,0.1383,0.2658,0.1294,0.8486,0.8399
432,14.4144,31,0.6749,0.7486,0.1209,0.2422,0.7101,0.5391
432,14.4144,32,0.2337,0.4489,0.1437,0.0973,0.7817,0.8358
432,14.4144,33,0.8988,0.3448,0.0267,0.0524,0.3648,0.9479
432,14.4144,34,0.5937,0.4022,0.0813,0.1613,0.2641,0.7224
433,14.4478,7,0.675,0.9808,0.0474,0.036,0.3247,1.0
433,14.4478,14,0.1851,0.8531,0.0323,0.1104,0.3541,0.827
433,14.4478,25,0.7594,0.4627,0.1428,0.2337,0.717,0.4918
433,14.4478,29,0.8217,0.3353,0.0344,0.0892,0.3696,0.8667
433,14.4478,30,0.1325,0.1377,0.262,0.1281,0.8036,0.8399
433,14.4478,31,0.6791,0.7501,0.1246,0.247,0.5892,0.5391
433,14.4478,32,0.2349,0.4482,0.1429,0.097,0.7774,0.8358
433,14.4478,33,0.8981,0.3454,0.0271,0.0526,0.4118,0.9479
433,14.4478,34,0.5916,0.4019,0.0808,0.163,0.4927,0.7224
434,14.4811,7,0.675,0.9808,0.0474,0.036,0.3728,1.0
434,14.4811,14,0.1851,0.8531,0.0323,0.1105,0.3885,0.827
434,14.4811,25,0.7635,0.4637,0.1445,0.2341,0.7262,0.4918
434,14.4811,29,0.8212,0.3359,0.0344,0.0887,0.3717,0.8667
434,14.4811,30,0.1307,0.1365,0.2566,0.1255,0.7735,0.8399
434,14.4811,31,0.6832,0.7519,0.1285,0.2518,0.7818,0.5391
434,14.4811,32,0.2356,0.4476,0.1425,0.0969,0.7189,0.8358
434,14.4811,33,0.8976,0.3456,0.0278,0.0537,0.4159,0.9479
434,14.4811,34,0.5893,0.4012,0.0798,0.1643,0.7244,0.7224
435,14.5145,7,0.675,0.9808,0.0474,0.036,0.3718,1.0
435,14.5145,14,0.1851,0.8531,0.0324,0.1105,0.3471,0.827
435,14.5145,25,0.7669,0.4647,0.1461,0.2344,0.7718,0.4918
435,14.5145,27,0.3248,0.3958,0.0337,0.0383,0.2614,0.9336
435,14.5145,28,0.8104,0.1651,0.1929,0.3287,0.3204,0.2773
435,14.5145,29,0.8207,0.3364,0.0344,0.0884,0.3593,0.8667
435,14.5145,30,0.1289,0.1353,0.2511,0.1231,0.7513,0.8399
435,14.5145,31,0.6875,0.7536,0.1321,0.2554,0.636,0.5391
435,14.5145,32,0.2359,0.447,0.1422,0.0967,0.773,0.8358
435,14.5145,33,0.8972,0.3457,0.0287,0.055,0.4281,0.9479
435,14.5145,34,0.5867,0.4001,0.0783,0.1649,0.6693,0.7224
436,14.5479,7,0.675,0.9808,0.0474,0.0361,0.3645,1.0
436,14.5479,14,0.1852,0.8531,0.0325,0.1105,0.3594,0.827
436,14.5479,25,0.7696,0.4657,0.1477,0.2346,0.8056,0.4918
436,14.5479,27,0.3257,0.396,0.0333,0.0377,0.3764,0.9336
436,14.5479,29,0.8202,0.3367,0.0347,0.0887,0.344,0.8667
436,14.5479,30,0.1273,0.1341,0.2452,0.1206,0.7204,0.8399
436,14.5479,31,0.6921,0.755,0.1357,0.2583,0.7968,0.5391
436,14.5479,32,0.2351,0.4465,0.1418,0.0965,0.7576,0.8358
436,14.5479,33,0.8969,0.3457,0.0295,0.0563,0.4356,0.9479
436,14.5479,34,0.5844,0.3977,0.0757,0.1626,0.7339,0.7224
437,14.5812,7,0.675,0.9808,0.0474,0.0361,0.3481,1.0
437,14.5812,14,0.1853,0.8531,0.0325,0.1105,0.3246,0.827
437,14.5812,25,0.7716,0.465,0.151,0.2381,0.765,0.4918
437,14.5812,27,0.3266,0.396,0.0334,0.0376,0.3594,0.9336
437,14.5812,29,0.8197,0.3373,0.0348,0.0888,0.3271,0.8667
437,14.5812,30,0.126,0.1331,0.2413,0.119,0.7358,0.8399
437,14.5812,31,0.6968,0.7567,0.1399,0.2619,0.5176,0.5391
437,14.5812,32,0.2334,0.4462,0.1413,0.0963,0.7651,0.8358
437,14.5812,33,0.8966,0.3458,0.0299,0.0569,0.3925,0.9479
437,14.5812,34,0.5825,0.3948,0.073,0.1595,0.6618,0.7224
438,14.6146,7,0.675,0.9808,0.0474,0.0361,0.3654,1.0
438,14.6146,14,0.1854,0.8531,0.0325,0.1105,0.361,0.827
438,14.6146,25,0.7733,0.4647,0.1534,0.2403,0.7478,0.4918
438,14.6146,27,0.3273,0.3954,0.0343,0.0386,0.398,0.9336
438,14.6146,28,0.8233,0.1705,0.2074,0.3392,0.3594,0.2773
438,14.6146,29,0.8142,0.3386,0.0367,0.09,0.2846,0.8667
438,14.6146,30,0.1247,0.132,0.2367,0.1171,0.7435,0.8399
438,14.6146,31,0.7022,0.7585,0.144,0.2653,0.6733,0.5391
438,14.6146,32,0.2313,0.4459,0.1413,0.0964,0.7045,0.8358
438,14.6146,33,0.8962,0.3459,0.03,0.0571,0.3781,0.9479
438,14.6146,34,0.5814,0.3924,0.0707,0.1562,0.7678,0.7224
439,14.648,7,0.675,0.9808,0.0473,0.0361,0.3408,1.0
439,14.648,14,0.1855,0.8531,0.0326,0.1106,0.3343,0.827
439,14.648,25,0.7745,0.4645,0.1553,0.2422,0.7383,0.4918
439,14.648,27,0.3278,0.395,0.0349,0.0394,0.367,0.9336
439,14.648,28,0.8358,0.1742,0.221,0.3464,0.369,0.2773
439,14.648,29,0.8086,0.3398,0.0395,0.0912,0.3811,0.8667
439,14.648,30,0.1237,0.13,0.2298,0.1137,0.762,0.8399
439,14.648,31,0.7071,0.76,0.1482,0.2681,0.4061,0.5391
439,14.648,32,0.2287,0.4457,0.1414,0.0966,0.7383,0.8358
439,14.648,33,0.8956,0.3462,0.0298,0.0571,0.3998,0.9479
439,14.648,34,0.5806,0.3896,0.0687,0.1528,0.7146,0.7224
440,14.6813,7,0.675,0.9808,0.0473,0.0361,0.3491,1.0
440,14.6813,14,0.1855,0.8532,0.0326,0.1106,0.3645,0.827
440,14.6813,25,0.7753,0.4634,0.1579,0.2456,0.7038,0.4918
440,14.6813,27,0.3283,0.3944,0.0359,0.0406,0.4282,0.9336
440,14.6813,28,0.8456,0.1795,0.2355,0.357,0.3473,0.2773
440,14.6813,30,0.1231,0.1278,0.2232,0.1101,0.7792,0.8399
440,14.6813,31,0.7126,0.7616,0.1522,0.2707,0.4318,0.5391
440,14.6813,32,0.2258,0.4456,0.1416,0.0969,0.7348,0.8358
440,14.6813,33,0.8949,0.3466,0.0297,0.0572,0.3387,0.9479
440,14.6813,34,0.5803,0.3868,0.0669,0.1494,0.7915,0.7224
441,14.7147,7,0.675,0.9808,0.0473,0.0361,0.336,1.0
441,14.7147,14,0.1856,0.8532,0.0326,0.1106,0.3369,0.827
441,14.7147,25,0.7753,0.4627,0.1599,0.2483,0.6825,0.4918
441,14.7147,27,0.3289,0.3938,0.037,0.0422,0.4609,0.9336
441,14.7147,28,0.853,0.1836,0.2475,0.3649,0.3721,0.2773
441,14.7147,30,0.1232,0.1256,0.2171,0.1066,0.7216,0.8399
441,14.7147,31,0.7157,0.7628,0.1555,0.2726,0.6189,0.5391
441,14.7147,32,0.2226,0.4457,0.1417,0.0972,0.665,0.8358
441,14.7147,33,0.8941,0.3472,0.0294,0.0571,0.3887,0.9479
441,14.7147,34,0.5802,0.3844,0.0657,0.1467,0.7582,0.7224
442,14.7481,7,0.675,0.9809,0.0472,0.0361,0.3029,1.0
442,14.7481,14,0.1857,0.8532,0.0326,0.1106,0.2988,0.827
442,14.7481,25,0.7747,0.4632,0.1602,0.2484,0.6043,0.4918
442,14.7481,27,0.3305,0.3943,0.0372,0.0425,0.3653,0.9336
442,14.7481,28,0.8566,0.1849,0.2543,0.3675,0.3728,0.2773
442,14.7481,30,0.1239,0.1235,0.2115,0.103,0.7452,0.8399
442,14.7481,31,0.7194,0.7645,0.1593,0.2756,0.3758,0.5391
442,14.7481,32,0.2195,0.4458,0.1417,0.0974,0.6565,0.8358
442,14.7481,33,0.8932,0.3477,0.0292,0.0572,0.3098,0.9479
442,14.7481,34,0.5804,0.3822,0.0648,0.1443,0.7656,0.7224
443,14.7814,7,0.675,0.9809,0.0472,0.036,0.2828,1.0
443,14.7814,14,0.1858,0.8532,0.0326,0.1106,0.3095,0.827
443,14.7814,25,0.7735,0.4646,0.1596,0.2469,0.5366,0.4918
443,14.7814,27,0.3328,0.3948,0.0381,0.0437,0.4052,0.9336
443,14.7814,28,0.8598,0.1851,0.2578,0.3681,0.3291,0.2773
443,14.7814,29,0.8031,0.3406,0.0432,0.0929,0.2706,0.8667
443,14.7814,30,0.1253,0.1214,0.2069,0.0996,0.7426,0.8399
443,14.7814,31,0.7238,0.7664,0.1636,0.2791,0.3434,0.5391
443,14.7814,32,0.2164,0.4458,0.1416,0.0974,0.7212,0.8358
443,14.7814,33,0.8923,0.3482,0.0289,0.0572,0.3331,0.9479
443,14.7814,34,0.5807,0.3806,0.0643,0.1428,0.745,0.7224
444,14.8148,7,0.675,0.981,0.047,0.0359,0.2906,1.0
444,14.8148,14,0.1858,0.8532,0.0326,0.1105,0.287,0.827
444,14.8148,25,0.7718,0.4676,0.1577,0.2429,0.4283,0.4918
444,14.8148,27,0.3351,0.3954,0.039,0.0452,0.4282,0.9336
444,14.8148,28,0.8628,0.1851,0.2594,0.3681,0.4442,0.2773
444,14.8148,30,0.127,0.1191,0.2009,0.0952,0.7265,0.8399
444,14.8148,31,0.7283,0.7671,0.1668,0.2804,0.3228,0.5391
444,14.8148,32,0.2134,0.4455,0.1423,0.098,0.7739,0.8358
444,14.8148,33,0.8912,0.3493,0.0284,0.0569,0.348,0.9479
444,14.8148,34,0.5811,0.3798,0.0644,0.1425,0.7511,0.7224
445,14.8482,7,0.6749,0.981,0.0469,0.0358,0.2594,1.0
445,14.8482,14,0.1859,0.8532,0.0325,0.1105,0.2906,0.827
445,14.8482,25,0.7696,0.4704,0.1563,0.2396,0.3039,0.4918
445,14.8482,28,0.8653,0.1857,0.2604,0.3694,0.4305,0.2773
445,14.8482,30,0.1289,0.1172,0.1969,0.0916,0.713,0.8399
445,14.8482,31,0.7342,0.7695,0.1718,0.284,0.3385,0.5391
445,14.8482,32,0.2108,0.445,0.143,0.0985,0.7508,0.8358
445,14.8482,33,0.8902,0.3504,0.028,0.0567,0.2751,0.9479
445,14.8482,34,0.5814,0.3792,0.0648,0.143,0.7022,0.7224
446,14.8815,7,0.6749,0.981,0.0468,0.0357,0.2691,1.0
446,14.8815,14,0.1859,0.8532,0.0325,0.1104,0.2856,0.827
446,14.8815,25,0.7673,0.4738,0.1548,0.2363,0.3523,0.4918
446,14.8815,28,0.8675,0.1851,0.2602,0.3682,0.5097,0.2773
446,14.8815,30,0.1314,0.1166,0.1967,0.0898,0.7534,0.8399
446,14.8815,31,0.7409,0.7722,0.1774,0.2883,0.6233,0.5391
446,14.8815,32,0.2084,0.4444,0.1438,0.099,0.7313,0.8358
446,14.8815,33,0.8892,0.3514,0.0277,0.0569,0.289,0.9479
446,14.8815,34,0.5817,0.3791,0.0652,0.1434,0.7341,0.7224
447,14.9149,25,0.7651,0.4771,0.1547,0.2354,0.4815,0.4918
447,14.9149,28,0.869,0.1816,0.2562,0.3613,0.4607,0.2773
447,14.9149,30,0.1338,0.1164,0.198,0.0887,0.6539,0.8399
447,14.9149,31,0.7473,0.775,0.1844,0.2944,0.3707,0.5391
447,14.9149,32,0.2065,0.4439,0.1448,0.0996,0.6702,0.8358
447,14.9149,34,0.5818,0.3793,0.0657,0.1442,0.6913,0.7224
448,14.9483,25,0.7647,0.4803,0.1544,0.2359,0.3099,0.4918
448,14.9483,28,0.8692,0.1803,0.2556,0.359,0.4168,0.2773
448,14.9483,30,0.1359,0.1168,0.2023,0.0891,0.6896,0.8399
448,14.9483,32,0.2049,0.4433,0.146,0.1003,0.6289,0.8358
448,14.9483,34,0.5815,0.3795,0.0661,0.1449,0.727,0.7224
448,14.9483,35,0.021,0.4102,0.0344,0.1506,0.5585,0.6629
449,14.9816,27,0.3384,0.3981,0.0399,0.0471,0.2934,0.9336
449,14.9816,28,0.8687,0.1785,0.2547,0.3556,0.4311,0.2773
449,14.9816,30,0.1375,0.1178,0.2083,0.0905,0.5967,0.8399
449,14.9816,32,0.2036,0.4426,0.1473,0.1011,0.6351,0.8358
449,14.9816,33,0.8883,0.3525,0.0275,0.057,0.2542,0.9479
449,14.9816,34,0.5808,0.3798,0.0667,0.1461,0.5899,0.7224
449,14.9816,35,0.0233,0.4068,0.0364,0.1502,0.7791,0.6629
450,15.015,28,0.8673,0.1771,0.2549,0.3531,0.3807,0.2773
450,15.015,30,0.1385,0.1195,0.2171,0.0935,0.5056,0.8399
450,15.015,31,0.7567,0.7789,0.1923,0.301,0.2638,0.5391
450,15.015,32,0.2026,0.4418,0.1487,0.1018,0.6212,0.8358
450,15.015,34,0.5797,0.3803,0.0674,0.1479,0.5089,0.7224
450,15.015,35,0.0259,0.4025,0.0392,0.1514,0.8025,0.6629
451,15.0484,27,0.3417,0.4007,0.0409,0.0492,0.3672,0.9336
451,15.0484,30,0.1393,0.122,0.2274,0.0978,0.508,0.8399
451,15.0484,31,0.7656,0.7823,0.2006,0.3084,0.3724,0.5391
451,15.0484,32,0.202,0.4415,0.1492,0.102,0.6187,0.8358
451,15.0484,33,0.8876,0.3537,0.0274,0.0576,0.2865,0.9479
451,15.0484,34,0.578,0.3808,0.068,0.1495,0.6282,0.7224
451,15.0484,35,0.0289,0.3976,0.0429,0.1526,0.7923,0.6629
452,15.0817,25,0.7639,0.4831,0.1558,0.2401,0.2774,0.4918
452,15.0817,27,0.3449,0.4034,0.0415,0.0509,0.3306,0.9336
452,15.0817,28,0.865,0.1758,0.2562,0.3508,0.2795,0.2773
452,15.0817,30,0.14,0.1247,0.2384,0.103,0.6878,0.8399
452,15.0817,31,0.7741,0.7863,0.2091,0.3162,0.4115,0.5391
452,15.0817,32,0.2017,0.4414,0.1501,0.1024,0.5913,0.8358
452,15.0817,33,0.887,0.3553,0.0272,0.058,0.2935,0.9479
452,15.0817,34,0.5759,0.3815,0.0687,0.1516,0.6994,0.7224
452,15.0817,35,0.0317,0.395,0.0476,0.1614,0.8031,0.6629
453,15.1151,7,0.6749,0.981,0.0467,0.0356,0.287,1.0
453,15.1151,28,0.8624,0.1734,0.2571,0.3465,0.5074,0.2773
453,15.1151,30,0.1395,0.1273,0.248,0.1081,0.6109,0.8399
453,15.1151,31,0.7837,0.7909,0.2206,0.3296,0.3988,0.5391
453,15.1151,32,0.2016,0.4413,0.1507,0.1025,0.6478,0.8358
453,15.1151,33,0.8866,0.3568,0.0271,0.0582,0.2873,0.9479
453,15.1151,34,0.5735,0.3821,0.069,0.1529,0.736,0.7224
453,15.1151,35,0.0338,0.3924,0.0516,0.1677,0.7666,0.6629
454,15.1485,7,0.6749,0.981,0.0466,0.0355,0.3197,1.0
454,15.1485,14,0.1859,0.8532,0.0325,0.1103,0.261,0.827
454,15.1485,28,0.86,0.1703,0.2563,0.3404,0.3565,0.2773
454,15.1485,30,0.1382,0.1299,0.2559,0.113,0.5536,0.8399
454,15.1485,31,0.7919,0.7947,0.2301,0.3403,0.6427,0.5391
454,15.1485,32,0.202,0.4413,0.1513,0.1024,0.6296,0.8358
454,15.1485,34,0.571,0.3823,0.069,0.1534,0.7237,0.7224
454,15.1485,35,0.0349,0.3897,0.0547,0.1719,0.7602,0.6629
455,15.1818,7,0.6749,0.981,0.0466,0.0355,0.3014,1.0
455,15.1818,25,0.7642,0.4855,0.1573,0.246,0.4497,0.4918
455,15.1818,28,0.8578,0.17,0.2591,0.3399,0.3841,0.2773
455,15.1818,30,0.1364,0.1319,0.2603,0.117,0.5457,0.8399
455,15.1818,31,0.8026,0.7992,0.237,0.3487,0.4806,0.5391
455,15.1818,32,0.2029,0.4411,0.1516,0.102,0.6716,0.8358
455,15.1818,34,0.5686,0.3824,0.0688,0.1533,0.7545,0.7224
455,15.1818,35,0.0351,0.3874,0.0573,0.1754,0.728,0.6629
456,15.2152,7,0.6749,0.981,0.0465,0.0354,0.2971,1.0
456,15.2152,25,0.7651,0.4886,0.1574,0.2504,0.5837,0.4918
456,15.2152,28,0.8564,0.168,0.2598,0.3361,0.3843,0.2773
456,15.2152,29,0.7977,0.3414,0.0477,0.0951,0.51,0.8667
456,15.2152,30,0.1342,0.1337,0.2621,0.1202,0.5871,0.8399
456,15.2152,32,0.204,0.4412,0.1513,0.1009,0.6159,0.8358
456,15.2152,34,0.5663,0.3826,0.0686,0.1531,0.7656,0.7224
456,15.2152,35,0.0354,0.379,0.0605,0.1909,0.7188,0.6629
457,15.2486,7,0.6749,0.981,0.0465,0.0354,0.3023,1.0
457,15.2486,25,0.7664,0.4928,0.1561,0.2531,0.6844,0.4918
457,15.2486,28,0.8555,0.1674,0.2621,0.3348,0.4182,0.2773
457,15.2486,29,0.7942,0.342,0.0498,0.0962,0.5509,0.8667
457,15.2486,30,0.1316,0.1347,0.2603,0.1221,0.5132,0.8399
457,15.2486,31,0.8135,0.8039,0.2414,0.3537,0.4854,0.5391
457,15.2486,32,0.2049,0.4411,0.1518,0.1002,0.638,0.8358
457,15.2486,34,0.5643,0.3826,0.0685,0.1525,0.7575,0.7224
457,15.2486,35,0.0377,0.3758,0.0675,0.2342,0.7281,0.6629
458,15.2819,7,0.6749,0.981,0.0466,0.0354,0.288,1.0
458,15.2819,25,0.7679,0.4976,0.1548,0.2564,0.6604,0.4918
458,15.2819,28,0.8556,0.1676,0.2647,0.3352,0.3968,0.2773
458,15.2819,29,0.7893,0.3429,0.0526,0.0974,0.4056,0.8667
458,15.2819,30,0.1285,0.1353,0.256,0.123,0.5406,0.8399
458,15.2819,31,0.8186,0.8059,0.2454,0.3588,0.4345,0.5391
458,15.2819,32,0.2056,0.4409,0.1529,0.0999,0.631,0.8358
458,15.2819,33,0.8864,0.3578,0.0273,0.0588,0.3116,0.9479
458,15.2819,34,0.563,0.3826,0.0684,0.1517,0.7617,0.7224
458,15.2819,35,0.0403,0.3735,0.0752,0.2818,0.7164,0.6629
459,15.3153,7,0.6749,0.9809,0.0466,0.0354,0.252,1.0
459,15.3153,25,0.7692,0.5035,0.1507,0.2551,0.5186,0.4918
459,15.3153,28,0.8564,0.1695,0.2665,0.3388,0.42,0.2773
459,15.3153,29,0.7822,0.3437,0.0571,0.0994,0.3104,0.8667
459,15.3153,30,0.1251,0.1355,0.25,0.1231,0.5708,0.8399
459,15.3153,31,0.8246,0.8083,0.2487,0.3633,0.5211,0.5391
459,15.3153,32,0.2062,0.4404,0.1541,0.0995,0.6446,0.8358
459,15.3153,33,0.8865,0.3591,0.0274,0.0591,0.3122,0.9479
459,15.3153,34,0.5621,0.3823,0.0679,0.1494,0.7829,0.7224
459,15.3153,35,0.0434,0.3703,0.0836,0.3316,0.5559,0.6629
460,15.3487,7,0.6749,0.9809,0.0467,0.0354,0.3455,1.0
460,15.3487,25,0.7703,0.5093,0.1461,0.2525,0.5874,0.4918
460,15.3487,28,0.86,0.1678,0.2634,0.3353,0.3808,0.2773
460,15.3487,30,0.1206,0.1343,0.2413,0.1207,0.5126,0.8399
460,15.3487,31,0.8316,0.8105,0.252,0.368,0.4313,0.5391
460,15.3487,32,0.2067,0.44,0.1557,0.0992,0.6804,0.8358
460,15.3487,33,0.8867,0.3609,0.0275,0.0592,0.4008,0.9479
460,15.3487,34,0.5617,0.3823,0.0677,0.1475,0.7907,0.7224
461,15.382,7,0.6749,0.981,0.0467,0.0353,0.3196,1.0
461,15.382,14,0.1859,0.8532,0.0325,0.1103,0.2592,0.827
461,15.382,25,0.7722,0.5146,0.1405,0.2487,0.4029,0.4918
461,15.382,28,0.8623,0.172,0.2647,0.3435,0.3512,0.2773
461,15.382,30,0.1163,0.133,0.2327,0.118,0.5884,0.8399
461,15.382,32,0.2067,0.4395,0.1573,0.099,0.6591,0.8358
461,15.382,33,0.8869,0.3627,0.0275,0.0589,0.3748,0.9479
461,15.382,34,0.5616,0.3829,0.0679,0.1463,0.7824,0.7224
462,15.4154,14,0.1859,0.8532,0.0325,0.1102,0.2825,0.827
462,15.4154,25,0.7736,0.5197,0.1351,0.245,0.4774,0.4918
462,15.4154,27,0.3481,0.4064,0.0419,0.0522,0.4109,0.9336
462,15.4154,28,0.8665,0.1723,0.2618,0.3435,0.3494,0.2773
462,15.4154,30,0.1168,0.1315,0.2231,0.1148,0.5521,0.8399
462,15.4154,32,0.2062,0.4392,0.1596,0.0993,0.6709,0.8358
462,15.4154,33,0.8873,0.3643,0.0275,0.0585,0.3476,0.9479
462,15.4154,34,0.5619,0.3839,0.0684,0.1457,0.7721,0.7224
462,15.4154,35,0.0469,0.3662,0.0926,0.3822,0.3506,0.6629
463,15.4488,14,0.1858,0.8532,0.0326,0.1102,0.2543,0.827
463,15.4488,27,0.3501,0.4083,0.043,0.0549,0.5981,0.9336
463,15.4488,30,0.1187,0.1297,0.212,0.1109,0.6144,0.8399
463,15.4488,32,0.205,0.4387,0.1625,0.1001,0.7107,0.8358
463,15.4488,34,0.5625,0.3852,0.0689,0.1452,0.7448,0.7224
463,15.4488,35,0.0515,0.3615,0.1029,0.4325,0.2909,0.6629
464,15.4821,7,0.6748,0.981,0.0468,0.0353,0.2515,1.0
464,15.4821,14,0.1858,0.8532,0.0326,0.1103,0.2594,0.827
464,15.4821,27,0.3519,0.4107,0.0433,0.0564,0.5961,0.9336
464,15.4821,28,0.8686,0.1758,0.2613,0.3502,0.4013,0.2773
464,15.4821,30,0.1213,0.1278,0.2007,0.1069,0.6754,0.8399
464,15.4821,32,0.2035,0.4384,0.1648,0.1007,0.7581,0.8358
464,15.4821,34,0.5634,0.3869,0.0694,0.1448,0.7525,0.7224
464,15.4821,35,0.0579,0.3674,0.1145,0.4825,0.3297,0.6629
465,15.5155,14,0.1857,0.8532,0.0327,0.1103,0.2668,0.827
465,15.5155,27,0.3536,0.4132,0.0434,0.0575,0.6141,0.9336
465,15.5155,28,0.8713,0.1779,0.2574,0.354,0.3174,0.2773
465,15.5155,32,0.2014,0.4382,0.1667,0.1012,0.7311,0.8358
465,15.5155,34,0.5646,0.389,0.07,0.1448,0.6854,0.7224
465,15.5155,35,0.0645,0.3807,0.1257,0.5198,0.284,0.6629
466,15.5489,14,0.1857,0.8533,0.0328,0.1104,0.2638,0.827
466,15.5489,27,0.3544,0.4136,0.0433,0.0579,0.5793,0.9336
466,15.5489,30,0.1249,0.126,0.1899,0.1031,0.4826,0.8399
466,15.5489,32,0.1986,0.4382,0.1679,0.1014,0.7175,0.8358
466,15.5489,34,0.5658,0.3911,0.0706,0.1452,0.6778,0.7224
467,15.5822,14,0.1857,0.8533,0.0328,0.1104,0.2668,0.827
467,15.5822,27,0.3554,0.4141,0.0434,0.0582,0.6915,0.9336
467,15.5822,28,0.8741,0.1785,0.2518,0.3549,0.4315,0.2773
467,15.5822,30,0.1292,0.1242,0.1792,0.0993,0.4703,0.8399
467,15.5822,32,0.1955,0.4382,0.1688,0.1015,0.7049,0.8358
467,15.5822,34,0.567,0.3937,0.0714,0.1462,0.6789,0.7224
467,15.5822,35,0.0695,0.3902,0.133,0.5285,0.2682,0.6629
468,15.6156,14,0.1858,0.8533,0.0328,0.1104,0.2645,0.827
468,15.6156,27,0.3568,0.4146,0.0436,0.0585,0.605,0.9336
468,15.6156,28,0.8772,0.1776,0.2456,0.3529,0.2846,0.2773
468,15.6156,30,0.1351,0.1235,0.1708,0.0977,0.5692,0.8399
468,15.6156,32,0.1924,0.4382,0.1693,0.1016,0.6566,0.8358
468,15.6156,33,0.8876,0.3657,0.0276,0.0582,0.2546,0.9479
468,15.6156,34,0.5681,0.3965,0.0721,0.1474,0.4093,0.7224
469,15.649,14,0.1858,0.8533,0.0329,0.1104,0.2806,0.827
469,15.649,25,0.7751,0.5242,0.1305,0.2431,0.3826,0.4918
469,15.649,27,0.3583,0.4151,0.0438,0.0585,0.5474,0.9336
469,15.649,30,0.1414,0.1229,0.1626,0.0963,0.6224,0.8399
469,15.649,32,0.1892,0.4381,0.1696,0.1018,0.6643,0.8358
469,15.649,33,0.8877,0.3669,0.0277,0.058,0.2621,0.9479
469,15.649,34,0.5689,0.3993,0.0727,0.1486,0.7453,0.7224
470,15.6823,14,0.1857,0.8533,0.0329,0.1104,0.2701,0.827
470,15.6823,25,0.7769,0.5277,0.1272,0.2436,0.4555,0.4918
470,15.6823,27,0.3597,0.4154,0.0442,0.0586,0.5,0.9336
470,15.6823,28,0.8779,0.1817,0.2442,0.3609,0.3119,0.2773
470,15.6823,30,0.1433,0.1224,0.1556,0.0952,0.6522,0.8399
470,15.6823,32,0.1866,0.438,0.1697,0.1019,0.6384,0.8358
470,15.6823,34,0.5694,0.4019,0.073,0.1494,0.7396,0.7224
471,15.7157,14,0.1857,0.8533,0.0329,0.1104,0.2812,0.827
471,15.7157,25,0.7789,0.5311,0.1232,0.2427,0.3426,0.4918
471,15.7157,27,0.3615,0.4157,0.0444,0.0584,0.5978,0.9336
471,15.7157,28,0.8787,0.183,0.2426,0.3635,0.2966,0.2773
471,15.7157,30,0.1441,0.1225,0.1509,0.0948,0.6832,0.8399
471,15.7157,32,0.1842,0.4378,0.1697,0.1021,0.7025,0.8358
471,15.7157,34,0.5691,0.4043,0.0731,0.1502,0.658,0.7224
472,15.7491,14,0.1857,0.8533,0.0329,0.1104,0.296,0.827
472,15.7491,25,0.7815,0.5349,0.1193,0.2419,0.5584,0.4918
472,15.7491,27,0.3634,0.4159,0.0445,0.058,0.6092,0.9336
472,15.7491,28,0.8778,0.189,0.2443,0.3758,0.3508,0.2773
472,15.7491,30,0.1404,0.1227,0.1486,0.095,0.5238,0.8399
472,15.7491,32,0.1836,0.4375,0.1701,0.1025,0.711,0.8358
472,15.7491,34,0.5684,0.4068,0.0732,0.1514,0.6331,0.7224
473,15.7824,14,0.1858,0.8533,0.0329,0.1104,0.2953,0.827
473,15.7824,25,0.7831,0.5391,0.1163,0.2417,0.6501,0.4918
473,15.7824,27,0.3653,0.4162,0.0443,0.0573,0.5021,0.9336
473,15.7824,28,0.8793,0.1912,0.2413,0.3801,0.2603,0.2773
473,15.7824,30,0.1382,0.1234,0.1479,0.096,0.6335,0.8399
473,15.7824,32,0.1828,0.4371,0.1706,0.1031,0.6356,0.8358
473,15.7824,33,0.8878,0.3682,0.0278,0.0578,0.3454,0.9479
473,15.7824,34,0.5675,0.4094,0.0735,0.1532,0.6562,0.7224
474,15.8158,14,0.1858,0.8533,0.0329,0.1104,0.3266,0.827
474,15.8158,25,0.7851,0.5437,0.1135,0.2413,0.7972,0.4918
474,15.8158,27,0.3674,0.4167,0.0441,0.0565,0.601,0.9336
474,15.8158,28,0.8794,0.1939,0.2413,0.3855,0.4753,0.2773
474,15.8158,30,0.1331,0.1248,0.1505,0.0984,0.262,0.8399
474,15.8158,32,0.1826,0.4364,0.1713,0.1038,0.6429,0.8358
474,15.8158,33,0.8874,0.369,0.0281,0.0581,0.2665,0.9479
474,15.8158,34,0.5665,0.4114,0.0728,0.1527,0.7668,0.7224
475,15.8492,14,0.1859,0.8533,0.0329,0.1105,0.32,0.827
475,15.8492,25,0.7874,0.5485,0.1112,0.2412,0.74,0.4918
475,15.8492,27,0.3691,0.4173,0.0438,0.0558,0.6385,0.9336
475,15.8492,28,0.8785,0.1974,0.2431,0.3927,0.3133,0.2773
475,15.8492,30,0.1268,0.1264,0.1549,0.1016,0.2854,0.8399
475,15.8492,32,0.1828,0.4355,0.1723,0.1047,0.6325,0.8358
475,15.8492,33,0.8868,0.3692,0.0283,0.0585,0.3321,0.9479
475,15.8492,34,0.5656,0.4131,0.0719,0.1516,0.7457,0.7224
476,15.8825,7,0.6748,0.981,0.0469,0.0353,0.2627,1.0
476,15.8825,14,0.186,0.8533,0.0329,0.1105,0.3044,0.827
476,15.8825,25,0.7895,0.5533,0.1093,0.2413,0.7979,0.4918
476,15.8825,27,0.3708,0.4178,0.0435,0.055,0.5649,0.9336
476,15.8825,28,0.8772,0.2007,0.2457,0.3993,0.4058,0.2773
476,15.8825,30,0.1197,0.1281,0.1602,0.1049,0.5019,0.8399
476,15.8825,32,0.1833,0.4347,0.173,0.1054,0.5777,0.8358
476,15.8825,33,0.8862,0.3692,0.0287,0.0591,0.3852,0.9479
476,15.8825,34,0.5647,0.4145,0.071,0.1504,0.7766,0.7224
477,15.9159,14,0.1861,0.8534,0.0328,0.1105,0.3331,0.827
477,15.9159,25,0.7911,0.558,0.1074,0.2413,0.7262,0.4918
477,15.9159,27,0.3725,0.4184,0.0431,0.054,0.6375,0.9336
477,15.9159,28,0.8759,0.203,0.2482,0.4039,0.3872,0.2773
477,15.9159,30,0.1121,0.1298,0.1663,0.1085,0.6429,0.8399
477,15.9159,32,0.1839,0.434,0.174,0.1063,0.7534,0.8358
477,15.9159,34,0.5642,0.416,0.0703,0.1492,0.8068,0.7224
478,15.9493,14,0.1862,0.8534,0.0328,0.1106,0.314,0.827
478,15.9493,25,0.7924,0.5622,0.106,0.2421,0.6622,0.4918
478,15.9493,27,0.3737,0.4191,0.0427,0.0531,0.6599,0.9336
478,15.9493,30,0.1046,0.1315,0.1723,0.1124,0.6487,0.8399
478,15.9493,32,0.1846,0.4333,0.1748,0.1069,0.7511,0.8358
478,15.9493,34,0.5645,0.4175,0.0698,0.1482,0.8118,0.7224
479,15.9826,14,0.1863,0.8534,0.0328,0.1107,0.2663,0.827
479,15.9826,25,0.7935,0.5659,0.105,0.2439,0.6366,0.4918
479,15.9826,27,0.3746,0.4197,0.0423,0.0521,0.6793,0.9336
479,15.9826,28,0.8756,0.2042,0.2489,0.4065,0.2843,0.2773
479,15.9826,30,0.1008,0.1331,0.1761,0.1157,0.5993,0.8399
479,15.9826,32,0.1849,0.4327,0.1751,0.1074,0.733,0.8358
479,15.9826,33,0.8854,0.3691,0.0289,0.0595,0.3103,0.9479
479,15.9826,34,0.5652,0.4186,0.0693,0.1466,0.778,0.7224
480,16.016,14,0.1862,0.8534,0.0328,0.1107,0.273,0.827
480,16.016,25,0.7945,0.5696,0.1042,0.2459,0.6691,0.4918
480,16.016,27,0.3753,0.4201,0.0425,0.0518,0.6574,0.9336
480,16.016,30,0.0945,0.1338,0.1778,0.1177,0.717,0.8399
480,16.016,32,0.1859,0.4321,0.1752,0.1075,0.7391,0.8358
480,16.016,33,0.8838,0.3707,0.0283,0.0582,0.4104,0.9479
480,16.016,34,0.5661,0.4196,0.0687,0.1447,0.7852,0.7224
481,16.0494,14,0.186,0.8535,0.0328,0.1108,0.2538,0.827
481,16.0494,25,0.7949,0.5727,0.1036,0.2481,0.6451,0.4918
481,16.0494,27,0.3757,0.4201,0.0429,0.052,0.6375,0.9336
481,16.0494,28,0.8757,0.2054,0.2486,0.4086,0.2791,0.2773
481,16.0494,30,0.0906,0.134,0.1767,0.1183,0.7065,0.8399
481,16.0494,32,0.1867,0.4317,0.1752,0.1075,0.7296,0.8358
481,16.0494,33,0.8822,0.3727,0.0277,0.0564,0.3738,0.9479
481,16.0494,34,0.5673,0.4206,0.0688,0.1445,0.7776,0.7224
482,16.0827,14,0.1858,0.8535,0.0329,0.1108,0.269,0.827
482,16.0827,25,0.7951,0.5758,0.1027,0.2494,0.6742,0.4918
482,16.0827,27,0.3757,0.42,0.0436,0.0524,0.6616,0.9336
482,16.0827,28,0.876,0.2081,0.248,0.4138,0.2996,0.2773
482,16.0827,30,0.088,0.1342,0.1745,0.1188,0.7164,0.8399
482,16.0827,32,0.1875,0.4312,0.1751,0.1075,0.7412,0.8358
482,16.0827,33,0.8805,0.3751,0.0273,0.0554,0.3876,0.9479
482,16.0827,34,0.5687,0.4218,0.069,0.1448,0.7839,0.7224
483,16.1161,25,0.7954,0.5789,0.1018,0.2504,0.6707,0.4918
483,16.1161,27,0.3755,0.4197,0.0444,0.0529,0.6469,0.9336
483,16.1161,28,0.8774,0.211,0.2452,0.4196,0.307,0.2773
483,16.1161,30,0.0861,0.1344,0.1721,0.1193,0.6912,0.8399
483,16.1161,32,0.1883,0.4305,0.1752,0.1076,0.752,0.8358
483,16.1161,34,0.5703,0.4229,0.0692,0.1452,0.695,0.7224
484,16.1495,25,0.796,0.5823,0.1005,0.2499,0.5156,0.4918
484,16.1495,27,0.375,0.4195,0.0451,0.0535,0.5687,0.9336
484,16.1495,30,0.0829,0.1327,0.1658,0.1158,0.7511,0.8399
484,16.1495,32,0.1892,0.4298,0.175,0.1076,0.7208,0.8358
484,16.1495,34,0.5719,0.424,0.0694,0.1462,0.7452,0.7224
485,16.1828,25,0.7968,0.5853,0.0993,0.2497,0.4507,0.4918
485,16.1828,27,0.3743,0.4191,0.046,0.0541,0.6277,0.9336
485,16.1828,28,0.8794,0.2139,0.2411,0.4254,0.2541,0.2773
485,16.1828,30,0.0796,0.1303,0.1585,0.1111,0.7248,0.8399
485,16.1828,32,0.1901,0.4288,0.175,0.1077,0.6671,0.8358
485,16.1828,34,0.5737,0.4251,0.0693,0.1469,0.7243,0.7224
486,16.2162,25,0.7979,0.588,0.0979,0.2483,0.4655,0.4918
486,16.2162,27,0.3736,0.4189,0.0468,0.0548,0.6201,0.9336
486,16.2162,30,0.0769,0.1278,0.1517,0.1061,0.7172,0.8399
486,16.2162,32,0.1909,0.4278,0.1752,0.108,0.7091,0.8358
486,16.2162,34,0.5754,0.4263,0.0688,0.1474,0.7113,0.7224
487,16.2496,25,0.7991,0.5907,0.0968,0.2478,0.5176,0.4918
487,16.2496,27,0.3729,0.4185,0.0476,0.0554,0.6572,0.9336
487,16.2496,28,0.8818,0.2165,0.2364,0.4308,0.3003,0.2773
487,16.2496,30,0.0755,0.1256,0.1467,0.1018,0.6277,0.8399
487,16.2496,32,0.1918,0.4267,0.1756,0.1085,0.7705,0.8358
487,16.2496,34,0.577,0.4275,0.0682,0.1477,0.7138,0.7224
488,16.2829,25,0.8008,0.5936,0.0961,0.2479,0.3981,0.4918
488,16.2829,27,0.3722,0.4182,0.0482,0.0558,0.6605,0.9336
488,16.2829,28,0.8846,0.2189,0.2308,0.4354,0.2711,0.2773
488,16.2829,30,0.0744,0.1233,0.1423,0.0973,0.5836,0.8399
488,16.2829,32,0.1927,0.4255,0.1757,0.1089,0.7473,0.8358
488,16.2829,34,0.5785,0.429,0.0671,0.1474,0.698,0.7224
488,16.2829,35,0.0743,0.4001,0.1399,0.5329,0.3776,0.6629
489,16.3163,25,0.8029,0.5963,0.0957,0.248,0.5646,0.4918
489,16.3163,27,0.3715,0.418,0.0485,0.0559,0.6388,0.9336
489,16.3163,28,0.8878,0.2208,0.2244,0.4393,0.3507,0.2773
489,16.3163,30,0.0736,0.1207,0.1377,0.0922,0.688,0.8399
489,16.3163,32,0.1933,0.4243,0.1758,0.1093,0.6486,0.8358
489,16.3163,34,0.5799,0.4307,0.0657,0.1465,0.6499,0.7224
489,16.3163,35,0.0783,0.4123,0.1459,0.5345,0.345,0.6629
490,16.3497,25,0.8057,0.5981,0.096,0.2492,0.5729,0.4918
490,16.3497,27,0.3711,0.4179,0.0488,0.0559,0.6235,0.9336
490,16.3497,28,0.8903,0.2223,0.2194,0.4426,0.4085,0.2773
490,16.3497,30,0.073,0.1181,0.1336,0.087,0.7023,0.8399
490,16.3497,32,0.1938,0.423,0.1759,0.1097,0.7411,0.8358
490,16.3497,34,0.5813,0.4324,0.0643,0.1455,0.7504,0.7224
490,16.3497,35,0.0816,0.4268,0.1509,0.5342,0.4415,0.6629
491,16.383,25,0.8087,0.6002,0.0971,0.2517,0.4581,0.4918
491,16.383,27,0.3708,0.4177,0.049,0.0558,0.6707,0.9336
491,16.383,28,0.8926,0.2202,0.2148,0.4388,0.3589,0.2773
491,16.383,30,0.0756,0.1188,0.1382,0.0888,0.5698,0.8399
491,16.383,32,0.1942,0.4215,0.1757,0.1099,0.7443,0.8358
491,16.383,34,0.5827,0.4342,0.0626,0.1441,0.7137,0.7224
491,16.383,35,0.0829,0.444,0.1535,0.5318,0.4368,0.6629
492,16.4164,25,0.8119,0.6027,0.0986,0.2536,0.531,0.4918
492,16.4164,27,0.371,0.4175,0.0493,0.0558,0.686,0.9336
492,16.4164,28,0.8947,0.2168,0.2107,0.4322,0.4215,0.2773
492,16.4164,30,0.0787,0.1202,0.1444,0.0918,0.4947,0.8399
492,16.4164,32,0.1943,0.4201,0.1751,0.1099,0.7969,0.8358
492,16.4164,34,0.5839,0.4359,0.0612,0.143,0.7402,0.7224
492,16.4164,35,0.0822,0.4511,0.1533,0.5274,0.3872,0.6629
493,16.4498,25,0.8155,0.6058,0.1006,0.2559,0.5294,0.4918
493,16.4498,27,0.3713,0.4172,0.0495,0.0556,0.6939,0.9336
493,16.4498,28,0.8963,0.2133,0.2074,0.4255,0.4396,0.2773
493,16.4498,30,0.0806,0.1213,0.1495,0.0941,0.2863,0.8399
493,16.4498,32,0.1942,0.4188,0.1742,0.1098,0.7774,0.8358
493,16.4498,34,0.5853,0.4375,0.0598,0.1417,0.7283,0.7224
493,16.4498,35,0.0794,0.4585,0.1498,0.5217,0.3506,0.6629
494,16.4831,25,0.8194,0.6084,0.103,0.2579,0.7161,0.4918
494,16.4831,27,0.3717,0.4169,0.0497,0.0554,0.6878,0.9336
494,16.4831,28,0.8975,0.2107,0.205,0.4205,0.4602,0.2773
494,16.4831,32,0.1939,0.4174,0.1731,0.1094,0.7494,0.8358
494,16.4831,34,0.5866,0.4392,0.0587,0.1406,0.7589,0.7224
495,16.5165,25,0.8233,0.6109,0.1058,0.2598,0.6623,0.4918
495,16.5165,27,0.3722,0.4163,0.05,0.0553,0.7171,0.9336
495,16.5165,28,0.8967,0.2097,0.2059,0.4187,0.5579,0.2773
495,16.5165,30,0.0821,0.1231,0.1546,0.0977,0.3055,0.8399
495,16.5165,32,0.1936,0.416,0.1722,0.1092,0.6492,0.8358
495,16.5165,34,0.5879,0.4404,0.0582,0.1405,0.7601,0.7224
495,16.5165,35,0.0782,0.4623,0.149,0.5188,0.2824,0.6629
496,16.5499,25,0.827,0.6133,0.1094,0.2626,0.6888,0.4918
496,16.5499,27,0.3728,0.4158,0.0502,0.0551,0.6227,0.9336
496,16.5499,28,0.8948,0.2096,0.2082,0.4186,0.3949,0.2773
496,16.5499,30,0.0834,0.1252,0.1594,0.1021,0.3758,0.8399
496,16.5499,32,0.1933,0.4145,0.1708,0.1086,0.6959,0.8358
496,16.5499,34,0.5893,0.4413,0.058,0.1409,0.6963,0.7224
496,16.5499,35,0.0761,0.4667,0.147,0.5143,0.2548,0.6629
497,16.5832,25,0.8307,0.616,0.1125,0.2638,0.5663,0.4918
497,16.5832,27,0.3735,0.4156,0.05,0.0544,0.5584,0.9336
497,16.5832,28,0.8924,0.2096,0.2112,0.4188,0.4522,0.2773
497,16.5832,30,0.0843,0.1278,0.164,0.1074,0.3744,0.8399
497,16.5832,32,0.1929,0.4131,0.1688,0.1075,0.7474,0.8358
497,16.5832,34,0.5906,0.4423,0.0579,0.1413,0.6404,0.7224
498,16.6166,7,0.6747,0.981,0.0469,0.0353,0.2704,1.0
498,16.6166,25,0.8343,0.618,0.1164,0.2665,0.6911,0.4918
498,16.6166,27,0.3741,0.4153,0.0497,0.0536,0.5899,0.9336
498,16.6166,28,0.8896,0.2113,0.2149,0.4223,0.3845,0.2773
498,16.6166,30,0.0847,0.1307,0.168,0.1132,0.467,0.8399
498,16.6166,32,0.1923,0.4121,0.1679,0.1071,0.7119,0.8358
498,16.6166,34,0.5919,0.4433,0.0579,0.1418,0.6649,0.7224
498,16.6166,35,0.0733,0.4711,0.1438,0.5084,0.3714,0.6629
499,16.65,25,0.8377,0.6199,0.1205,0.2698,0.611,0.4918
499,16.65,27,0.3748,0.4149,0.0496,0.0529,0.4919,0.9336
499,16.65,28,0.8866,0.2135,0.2186,0.4267,0.4734,0.2773
499,16.65,30,0.0835,0.1321,0.1661,0.116,0.5153,0.8399
499,16.65,32,0.1917,0.4109,0.1674,0.1069,0.5104,0.8358
499,16.65,34,0.5933,0.4442,0.058,0.1422,0.706,0.7224
500,16.6833,7,0.6746,0.981,0.047,0.0353,0.3042,1.0
500,16.6833,14,0.1856,0.8535,0.0331,0.1109,0.3966,0.827
500,16.6833,25,0.8406,0.6214,0.125,0.2741,0.5728,0.4918
500,16.6833,27,0.3755,0.4145,0.0498,0.0525,0.5924,0.9336
500,16.6833,28,0.8837,0.2154,0.2222,0.4306,0.5581,0.2773
500,16.6833,30,0.0817,0.1334,0.1631,0.1187,0.5334,0.8399
500,16.6833,32,0.191,0.4095,0.1668,0.1065,0.6174,0.8358
500,16.6833,34,0.5947,0.4453,0.0581,0.1426,0.6666,0.7224
501,16.7167,7,0.6746,0.981,0.047,0.0353,0.298,1.0
501,16.7167,14,0.1854,0.8535,0.0332,0.1109,0.3744,0.827
501,16.7167,25,0.8432,0.6225,0.1292,0.2777,0.6202,0.4918
501,16.7167,27,0.376,0.4141,0.0503,0.0525,0.5014,0.9336
501,16.7167,28,0.881,0.2163,0.2253,0.4324,0.5971,0.2773
501,16.7167,30,0.08,0.1349,0.1599,0.1218,0.4573,0.8399
501,16.7167,32,0.1898,0.408,0.1662,0.1061,0.4941,0.8358
501,16.7167,34,0.5961,0.4463,0.0581,0.1426,0.7084,0.7224
502,16.7501,7,0.6746,0.981,0.0471,0.0354,0.2936,1.0
502,16.7501,14,0.1852,0.8536,0.0334,0.1109,0.3843,0.827
502,16.7501,25,0.847,0.6233,0.1328,0.2809,0.4175,0.4918
502,16.7501,27,0.3761,0.4139,0.0509,0.0524,0.6588,0.9336
502,16.7501,28,0.8798,0.2157,0.2262,0.4312,0.5247,0.2773
502,16.7501,30,0.0777,0.1356,0.1554,0.1233,0.5249,0.8399
502,16.7501,32,0.1883,0.4065,0.1657,0.1059,0.6284,0.8358
502,16.7501,34,0.5976,0.4475,0.058,0.1425,0.718,0.7224
503,16.7834,7,0.6745,0.981,0.0472,0.0354,0.299,1.0
503,16.7834,14,0.185,0.8536,0.0336,0.1109,0.3922,0.827
503,16.7834,25,0.8511,0.6242,0.1355,0.2834,0.5945,0.4918
503,16.7834,27,0.3757,0.4137,0.0515,0.0524,0.6488,0.9336
503,16.7834,28,0.8793,0.2143,0.2263,0.4285,0.5687,0.2773
503,16.7834,30,0.0751,0.1359,0.1502,0.1238,0.7161,0.8399
503,16.7834,32,0.1865,0.4051,0.1661,0.1062,0.7693,0.8358
503,16.7834,33,0.8792,0.3777,0.0271,0.0545,0.426,0.9479
503,16.7834,34,0.5992,0.4487,0.0579,0.1425,0.6964,0.7224
504,16.8168,7,0.6745,0.981,0.0472,0.0355,0.3057,1.0
504,16.8168,14,0.185,0.8535,0.0337,0.1109,0.4219,0.827
504,16.8168,25,0.8534,0.6251,0.1385,0.2866,0.5014,0.4918
504,16.8168,27,0.3749,0.4133,0.0526,0.0529,0.6289,0.9336
504,16.8168,28,0.879,0.2126,0.2261,0.425,0.6718,0.2773
504,16.8168,30,0.0712,0.1343,0.1423,0.1207,0.6272,0.8399
504,16.8168,32,0.1846,0.404,0.1677,0.1075,0.725,0.8358
504,16.8168,33,0.8779,0.3804,0.0272,0.0541,0.4539,0.9479
504,16.8168,34,0.6008,0.4492,0.0583,0.1439,0.6957,0.7224
505,16.8502,7,0.6745,0.981,0.0472,0.0354,0.3177,1.0
505,16.8502,14,0.1851,0.8535,0.0338,0.1108,0.3803,0.827
505,16.8502,25,0.8546,0.6259,0.1405,0.2873,0.3827,0.4918
505,16.8502,27,0.3736,0.4128,0.0539,0.0538,0.6456,0.9336
505,16.8502,28,0.8788,0.211,0.2261,0.4219,0.6696,0.2773
505,16.8502,30,0.067,0.132,0.134,0.1164,0.6606,0.8399
505,16.8502,32,0.1826,0.4029,0.1684,0.1083,0.6513,0.8358
505,16.8502,33,0.8768,0.3833,0.0273,0.0537,0.505,0.9479
505,16.8502,34,0.6026,0.4497,0.0587,0.1453,0.7335,0.7224
506,16.8835,7,0.6745,0.981,0.0472,0.0354,0.2742,1.0
506,16.8835,14,0.1852,0.8535,0.0339,0.1108,0.3145,0.827
506,16.8835,25,0.8557,0.6264,0.1429,0.2889,0.4101,0.4918
506,16.8835,27,0.3718,0.4125,0.055,0.0547,0.703,0.9336
506,16.8835,28,0.8785,0.2099,0.2266,0.4197,0.682,0.2773
506,16.8835,30,0.062,0.1276,0.1234,0.1077,0.4525,0.8399
506,16.8835,32,0.1806,0.4018,0.1685,0.1087,0.6511,0.8358
506,16.8835,33,0.8757,0.3862,0.0277,0.0538,0.484,0.9479
506,16.8835,34,0.6046,0.45,0.0593,0.1473,0.6354,0.7224
507,16.9169,7,0.6744,0.9811,0.0471,0.0354,0.2957,1.0
507,16.9169,14,0.1853,0.8535,0.034,0.1109,0.2768,0.827
507,16.9169,25,0.8566,0.6273,0.145,0.2899,0.3284,0.4918
507,16.9169,27,0.3696,0.4122,0.0559,0.0554,0.6995,0.9336
507,16.9169,28,0.8782,0.2089,0.2272,0.4177,0.7421,0.2773
507,16.9169,30,0.0573,0.1224,0.112,0.0977,0.5763,0.8399
507,16.9169,32,0.1786,0.4007,0.1685,0.109,0.5112,0.8358
507,16.9169,33,0.8756,0.3873,0.0289,0.0554,0.4819,0.9479
507,16.9169,34,0.6067,0.4498,0.0602,0.1503,0.5565,0.7224
508,16.9503,7,0.6744,0.9811,0.0471,0.0353,0.2781,1.0
508,16.9503,14,0.1853,0.8535,0.034,0.1108,0.2602,0.827
508,16.9503,25,0.8575,0.6286,0.147,0.2909,0.3274,0.4918
508,16.9503,27,0.3673,0.4121,0.0564,0.0558,0.7339,0.9336
508,16.9503,28,0.878,0.2082,0.2281,0.4164,0.6255,0.2773
508,16.9503,30,0.0534,0.117,0.1012,0.0871,0.4953,0.8399
508,16.9503,32,0.1772,0.3998,0.1692,0.1098,0.5511,0.8358
508,16.9503,33,0.8756,0.3882,0.0302,0.0577,0.3942,0.9479
508,16.9503,34,0.6088,0.4496,0.061,0.1535,0.6168,0.7224
509,16.9836,7,0.6744,0.9812,0.0471,0.0353,0.2864,1.0
509,16.9836,14,0.1853,0.8534,0.0341,0.1108,0.2734,0.827
509,16.9836,25,0.857,0.6292,0.1487,0.2904,0.4906,0.4918
509,16.9836,27,0.3652,0.412,0.0567,0.0563,0.627,0.9336
509,16.9836,28,0.8781,0.2077,0.229,0.4154,0.6684,0.2773
509,16.9836,30,0.0492,0.1115,0.0907,0.0762,0.5771,0.8399
509,16.9836,32,0.176,0.3991,0.1697,0.1104,0.5949,0.8358
509,16.9836,33,0.8757,0.3889,0.031,0.0588,0.563,0.9479
509,16.9836,34,0.6109,0.4493,0.0619,0.1568,0.6752,0.7224
510,17.017,7,0.6744,0.9812,0.047,0.0352,0.2726,1.0
510,17.017,14,0.1853,0.8534,0.0341,0.1107,0.272,0.827
510,17.017,25,0.8561,0.6289,0.1503,0.2888,0.4657,0.4918
510,17.017,27,0.3634,0.412,0.0571,0.0568,0.6334,0.9336
510,17.017,28,0.8793,0.2074,0.229,0.4147,0.5711,0.2773
510,17.017,30,0.0448,0.1061,0.0805,0.0651,0.5269,0.8399
510,17.017,32,0.175,0.3984,0.1701,0.1109,0.493,0.8358
510,17.017,33,0.8759,0.3901,0.0315,0.0592,0.5317,0.9479
510,17.017,34,0.6139,0.4497,0.0631,0.1607,0.5128,0.7224
511,17.0504,7,0.6743,0.9812,0.047,0.0351,0.2764,1.0
511,17.0504,25,0.8568,0.6286,0.1513,0.2862,0.5193,0.4918
511,17.0504,27,0.3619,0.4119,0.0576,0.0575,0.5327,0.9336
511,17.0504,28,0.8811,0.2071,0.2278,0.414,0.5708,0.2773
511,17.0504,30,0.0412,0.1019,0.0727,0.0567,0.4726,0.8399
511,17.0504,32,0.174,0.3971,0.1698,0.1107,0.4949,0.8358
511,17.0504,33,0.8762,0.3915,0.0318,0.0593,0.4597,0.9479
511,17.0504,34,0.6175,0.4507,0.0641,0.1639,0.4497,0.7224
512,17.0837,7,0.6743,0.9812,0.047,0.0351,0.2686,1.0
512,17.0837,25,0.8584,0.6286,0.153,0.2852,0.487,0.4918
512,17.0837,27,0.361,0.4121,0.0579,0.0579,0.7532,0.9336
512,17.0837,28,0.8831,0.2063,0.2261,0.4123,0.3186,0.2773
512,17.0837,30,0.0394,0.0988,0.0672,0.0504,0.3226,0.8399
512,17.0837,32,0.1732,0.3957,0.17,0.1109,0.4684,0.8358
512,17.0837,33,0.8764,0.3927,0.0323,0.0597,0.4107,0.9479
512,17.0837,34,0.6221,0.4527,0.0643,0.1649,0.2516,0.7224
513,17.1171,7,0.6743,0.9812,0.047,0.0351,0.2652,1.0
513,17.1171,25,0.8605,0.6281,0.1538,0.2824,0.5971,0.4918
513,17.1171,27,0.3603,0.4123,0.0581,0.0582,0.7081,0.9336
513,17.1171,30,0.0383,0.0972,0.0638,0.0471,0.6244,0.8399
513,17.1171,32,0.1724,0.3945,0.171,0.1115,0.5176,0.8358
513,17.1171,33,0.8766,0.394,0.0325,0.0598,0.4785,0.9479
513,17.1171,34,0.6268,0.4549,0.0642,0.1654,0.2971,0.7224
514,17.1505,7,0.6743,0.9812,0.0471,0.0351,0.2771,1.0
514,17.1505,25,0.863,0.6273,0.1545,0.2795,0.6202,0.4918
514,17.1505,27,0.3598,0.4126,0.0583,0.0585,0.68,0.9336
514,17.1505,30,0.0373,0.0964,0.0618,0.045,0.4576,0.8399
514,17.1505,32,0.1714,0.3935,0.1716,0.1119,0.5251,0.8358
514,17.1505,33,0.8767,0.3955,0.0327,0.06,0.5507,0.9479
514,17.1505,34,0.6315,0.4574,0.064,0.1654,0.2535,0.7224
515,17.1838,7,0.6743,0.9812,0.0471,0.0351,0.2752,1.0
515,17.1838,25,0.8662,0.6264,0.1552,0.2769,0.6621,0.4918
515,17.1838,27,0.3597,0.413,0.0586,0.0588,0.6547,0.9336
515,17.1838,28,0.8849,0.2052,0.2247,0.4102,0.4058,0.2773
515,17.1838,32,0.1704,0.3926,0.1724,0.1123,0.6347,0.8358
515,17.1838,33,0.8769,0.397,0.0328,0.06,0.5722,0.9479
516,17.2172,7,0.6743,0.9812,0.0471,0.0351,0.2874,1.0
516,17.2172,25,0.8697,0.6263,0.1566,0.2754,0.6864,0.4918
516,17.2172,27,0.3598,0.4134,0.059,0.0591,0.6511,0.9336
516,17.2172,28,0.8865,0.2039,0.223,0.4074,0.362,0.2773
516,17.2172,32,0.1694,0.3918,0.1728,0.1126,0.5801,0.8358
516,17.2172,33,0.8771,0.3983,0.0331,0.0605,0.4127,0.9479
517,17.2506,7,0.6743,0.9812,0.0471,0.0351,0.3004,1.0
517,17.2506,25,0.8735,0.6285,0.16,0.2782,0.6502,0.4918
517,17.2506,27,0.3601,0.4137,0.0594,0.0593,0.6755,0.9336
517,17.2506,32,0.1685,0.3911,0.1728,0.1125,0.6117,0.8358
517,17.2506,33,0.8774,0.3992,0.0334,0.0614,0.398,0.9479
518,17.2839,7,0.6744,0.9812,0.0472,0.0351,0.2949,1.0
518,17.2839,25,0.8778,0.631,0.1618,0.278,0.5914,0.4918
518,17.2839,27,0.3605,0.4141,0.0598,0.0595,0.5098,0.9336
518,17.2839,28,0.8879,0.1997,0.2187,0.3991,0.4028,0.2773
518,17.2839,32,0.1675,0.3905,0.1732,0.1127,0.497,0.8358
518,17.2839,33,0.8776,0.4,0.0336,0.0619,0.3464,0.9479
519,17.3173,7,0.6744,0.9812,0.0472,0.0352,0.2685,1.0
519,17.3173,25,0.8824,0.6341,0.1655,0.2814,0.3899,0.4918
519,17.3173,27,0.361,0.4145,0.0604,0.0599,0.5834,0.9336
519,17.3173,28,0.8889,0.1948,0.2138,0.3891,0.4468,0.2773
519,17.3173,32,0.1666,0.39,0.1725,0.112,0.5303,0.8358
519,17.3173,33,0.8778,0.4013,0.0334,0.0619,0.3531,0.9479
519,17.3173,34,0.6362,0.4606,0.0633,0.164,0.2879,0.7224
520,17.3507,7,0.6744,0.9812,0.0473,0.0353,0.2959,1.0
520,17.3507,25,0.887,0.6378,0.17,0.2865,0.5543,0.4918
520,17.3507,27,0.3615,0.4148,0.061,0.0602,0.3358,0.9336
520,17.3507,28,0.8883,0.1904,0.2108,0.3803,0.5147,0.2773
520,17.3507,32,0.166,0.3896,0.1718,0.1113,0.4906,0.8358
520,17.3507,33,0.878,0.4026,0.0333,0.062,0.3636,0.9479
520,17.3507,34,0.6411,0.464,0.0625,0.1619,0.3583,0.7224
521,17.384,7,0.6744,0.9812,0.0474,0.0353,0.2853,1.0
521,17.384,25,0.8916,0.6403,0.1731,0.2892,0.2586,0.4918
521,17.384,27,0.362,0.4151,0.0616,0.0605,0.4366,0.9336
521,17.384,28,0.8869,0.1874,0.2107,0.3742,0.5511,0.2773
521,17.384,32,0.1655,0.389,0.1723,0.1114,0.5229,0.8358
521,17.384,33,0.8782,0.4039,0.0331,0.062,0.2872,0.9479
521,17.384,34,0.645,0.4669,0.0615,0.1591,0.4767,0.7224
522,17.4174,7,0.6744,0.9811,0.0474,0.0354,0.2855,1.0
522,17.4174,25,0.8957,0.6438,0.177,0.2939,0.4209,0.4918
522,17.4174,27,0.3624,0.4154,0.0623,0.0608,0.6976,0.9336
522,17.4174,28,0.8849,0.1861,0.2124,0.3715,0.4013,0.2773
522,17.4174,32,0.165,0.3889,0.1723,0.1109,0.2767,0.8358
522,17.4174,33,0.8783,0.4051,0.0329,0.0619,0.5023,0.9479
522,17.4174,34,0.6483,0.4697,0.0603,0.156,0.4572,0.7224
523,17.4508,7,0.6744,0.9811,0.0475,0.0355,0.2713,1.0
523,17.4508,25,0.8997,0.6459,0.1792,0.2958,0.4795,0.4918
523,17.4508,27,0.3627,0.4156,0.063,0.0612,0.6796,0.9336
523,17.4508,28,0.8814,0.1849,0.2134,0.369,0.5157,0.2773
523,17.4508,32,0.1644,0.3887,0.1732,0.1108,0.397,0.8358
523,17.4508,33,0.8783,0.4062,0.0328,0.0619,0.5043,0.9479
523,17.4508,34,0.6505,0.4715,0.06,0.155,0.4382,0.7224
524,17.4841,25,0.9034,0.6459,0.179,0.2939,0.4461,0.4918
524,17.4841,27,0.3629,0.4158,0.0636,0.0616,0.6079,0.9336
524,17.4841,28,0.877,0.1863,0.2166,0.3716,0.4581,0.2773
524,17.4841,32,0.1632,0.3885,0.174,0.1105,0.3114,0.8358
524,17.4841,33,0.8782,0.4073,0.0325,0.0618,0.5489,0.9479
524,17.4841,34,0.6526,0.4731,0.06,0.1543,0.3028,0.7224
525,17.5175,7,0.6745,0.981,0.0477,0.0357,0.2774,1.0
525,17.5175,25,0.9066,0.6458,0.18,0.2953,0.3814,0.4918
525,17.5175,27,0.3629,0.416,0.0643,0.062,0.582,0.9336
525,17.5175,28,0.8598,0.186,0.2214,0.371,0.3969,0.2773
525,17.5175,32,0.1612,0.3883,0.1752,0.1101,0.5276,0.8358
525,17.5175,33,0.8781,0.4082,0.0325,0.062,0.4411,0.9479
525,17.5175,34,0.6546,0.4746,0.0604,0.1544,0.5624,0.7224
526,17.5509,27,0.3627,0.4163,0.0649,0.0623,0.639,0.9336
526,17.5509,32,0.1584,0.3881,0.1777,0.1105,0.5186,0.8358
526,17.5509,33,0.8779,0.4088,0.0325,0.0622,0.2969,0.9479
526,17.5509,34,0.6565,0.4755,0.0615,0.1569,0.5762,0.7224
527,17.5842,25,0.9091,0.645,0.1783,0.293,0.5578,0.4918
527,17.5842,27,0.3624,0.4165,0.0656,0.0627,0.7013,0.9336
527,17.5842,28,0.8325,0.1851,0.2242,0.3693,0.403,0.2773
527,17.5842,32,0.1548,0.388,0.18,0.1106,0.5121,0.8358
527,17.5842,33,0.8777,0.4091,0.0326,0.0626,0.3159,0.9479
527,17.5842,34,0.6584,0.4759,0.0628,0.1601,0.5932,0.7224
528,17.6176,7,0.6746,0.9809,0.0479,0.0359,0.2643,1.0
528,17.6176,25,0.9121,0.6481,0.1741,0.2859,0.5509,0.4918
528,17.6176,27,0.3621,0.4167,0.0667,0.0635,0.6814,0.9336
528,17.6176,28,0.8037,0.1856,0.2275,0.3702,0.3382,0.2773
528,17.6176,33,0.8774,0.4094,0.0327,0.063,0.3454,0.9479
528,17.6176,34,0.6603,0.4767,0.0642,0.1641,0.5977,0.7224
529,17.651,7,0.6747,0.9808,0.0479,0.0361,0.2521,1.0
529,17.651,25,0.9132,0.6488,0.1731,0.2846,0.3717,0.4918
529,17.651,27,0.3616,0.4169,0.0679,0.0644,0.7224,0.9336
529,17.651,32,0.1504,0.3879,0.1821,0.1104,0.5186,0.8358
529,17.651,33,0.8772,0.4096,0.0329,0.0634,0.4784,0.9479
529,17.651,34,0.6622,0.4769,0.0651,0.1672,0.6015,0.7224
529,17.651,36,0.8248,0.3,0.069,0.115,0.3682,0.7812
530,17.6843,25,0.9146,0.6481,0.1702,0.2799,0.2549,0.4918
530,17.6843,27,0.361,0.4173,0.0687,0.065,0.7191,0.9336
530,17.6843,32,0.1456,0.3875,0.1849,0.1107,0.574,0.8358
530,17.6843,33,0.8771,0.4099,0.033,0.0638,0.4376,0.9479
530,17.6843,34,0.6639,0.4768,0.0659,0.17,0.5643,0.7224
530,17.6843,36,0.8255,0.301,0.0688,0.1149,0.3152,0.7812
531,17.7177,27,0.3601,0.4177,0.0695,0.0654,0.6818,0.9336
531,17.7177,32,0.1406,0.3874,0.1875,0.1108,0.4541,0.8358
531,17.7177,33,0.877,0.4101,0.0332,0.0641,0.448,0.9479
531,17.7177,34,0.6662,0.4768,0.0664,0.1721,0.466,0.7224
531,17.7177,36,0.8265,0.302,0.0686,0.1146,0.4605,0.7812
532,17.7511,27,0.3599,0.4196,0.0728,0.0684,0.6577,0.9336
532,17.7511,32,0.1358,0.3871,0.1903,0.1113,0.6384,0.8358
532,17.7511,33,0.8769,0.4104,0.0333,0.0644,0.4465,0.9479
532,17.7511,34,0.6689,0.4768,0.0666,0.1732,0.5916,0.7224
532,17.7511,36,0.8275,0.303,0.0682,0.1141,0.5832,0.7812
533,17.7844,27,0.3599,0.4219,0.077,0.0724,0.622,0.9336
533,17.7844,32,0.1317,0.3871,0.1927,0.1115,0.5778,0.8358
533,17.7844,33,0.8769,0.4106,0.0334,0.0646,0.4833,0.9479
533,17.7844,34,0.6721,0.4766,0.0665,0.1731,0.6811,0.7224
533,17.7844,36,0.8292,0.305,0.0675,0.113,0.5732,0.7812
534,17.8178,27,0.3594,0.4232,0.0786,0.074,0.6534,0.9336
534,17.8178,32,0.1284,0.3873,0.195,0.1117,0.6295,0.8358
534,17.8178,33,0.8769,0.4109,0.0335,0.0646,0.4399,0.9479
534,17.8178,34,0.6753,0.4767,0.0665,0.1727,0.6521,0.7224
534,17.8178,36,0.8305,0.307,0.0668,0.112,0.4027,0.7812
535,17.8512,27,0.3586,0.4241,0.0787,0.074,0.2881,0.9336
535,17.8512,32,0.1257,0.3873,0.1976,0.1123,0.5534,0.8358
535,17.8512,33,0.8769,0.4112,0.0335,0.0646,0.4803,0.9479
535,17.8512,34,0.6786,0.4764,0.0663,0.1709,0.6917,0.7224
535,17.8512,36,0.8318,0.3089,0.0662,0.1109,0.4305,0.7812
536,17.8845,27,0.3578,0.4247,0.0782,0.0734,0.2521,0.9336
536,17.8845,32,0.1238,0.3877,0.2006,0.113,0.6418,0.8358
536,17.8845,33,0.8767,0.4114,0.0335,0.0645,0.4286,0.9479
536,17.8845,34,0.6822,0.4766,0.0666,0.1697,0.7258,0.7224
536,17.8845,36,0.8334,0.311,0.0652,0.1092,0.4046,0.7812
537,17.9179,25,0.9158,0.6494,0.1683,0.2776,0.2701,0.4918
537,17.9179,27,0.3571,0.4251,0.0779,0.0732,0.679,0.9336
537,17.9179,32,0.1221,0.3879,0.203,0.1134,0.7116,0.8358
537,17.9179,33,0.8765,0.4116,0.0335,0.0644,0.5342,0.9479
537,17.9179,34,0.6859,0.4771,0.067,0.1683,0.7088,0.7224
537,17.9179,36,0.8349,0.3131,0.0644,0.1075,0.4611,0.7812
538,17.9513,27,0.357,0.4253,0.0776,0.0729,0.6775,0.9336
538,17.9513,32,0.1211,0.388,0.2055,0.1138,0.5867,0.8358
538,17.9513,33,0.8751,0.4126,0.0329,0.063,0.5188,0.9479
538,17.9513,34,0.6889,0.4776,0.0677,0.1669,0.687,0.7224
538,17.9513,36,0.8363,0.3153,0.0635,0.1056,0.5734,0.7812
539,17.9846,27,0.3565,0.4241,0.0745,0.0698,0.6756,0.9336
539,17.9846,32,0.1204,0.388,0.2083,0.1143,0.7605,0.8358
539,17.9846,33,0.8738,0.4137,0.0322,0.0616,0.3778,0.9479
539,17.9846,34,0.6914,0.4781,0.0687,0.1655,0.7011,0.7224
539,17.9846,36,0.8379,0.3158,0.0649,0.1074,0.3691,0.7812
540,18.018,27,0.3561,0.4224,0.0704,0.0655,0.6818,0.9336
540,18.018,32,0.1201,0.3881,0.2109,0.1146,0.6879,0.8358
540,18.018,33,0.8725,0.4146,0.0316,0.0602,0.2798,0.9479
540,18.018,34,0.6936,0.4782,0.07,0.1646,0.6968,0.7224
540,18.018,36,0.8396,0.3158,0.067,0.1107,0.3641,0.7812
541,18.0514,27,0.3566,0.4217,0.0687,0.0635,0.6505,0.9336
541,18.0514,32,0.1199,0.3883,0.2124,0.1143,0.7029,0.8358
541,18.0514,34,0.6956,0.4782,0.0715,0.1636,0.7132,0.7224
541,18.0514,36,0.8416,0.3155,0.0692,0.1142,0.2574,0.7812
542,18.0847,27,0.3575,0.4215,0.0682,0.0627,0.6724,0.9336
542,18.0847,32,0.1199,0.3886,0.2143,0.114,0.7814,0.8358
542,18.0847,34,0.6973,0.4781,0.0731,0.1626,0.7414,0.7224
543,18.1181,14,0.1854,0.8534,0.034,0.1106,0.2535,0.827
543,18.1181,27,0.3588,0.4215,0.0682,0.0622,0.6686,0.9336
543,18.1181,32,0.12,0.3891,0.2138,0.1122,0.7793,0.8358
543,18.1181,34,0.6989,0.4777,0.0747,0.1615,0.6961,0.7224
543,18.1181,36,0.8434,0.3152,0.0712,0.1179,0.3542,0.7812
543,18.1181,37,0.9287,0.4066,0.1373,0.5651,0.3491,0.113
544,18.1515,14,0.1853,0.8533,0.034,0.1106,0.2767,0.827
544,18.1515,27,0.3601,0.4216,0.0682,0.0616,0.6926,0.9336
544,18.1515,32,0.1204,0.3899,0.2132,0.1102,0.7303,0.8358
544,18.1515,34,0.7005,0.4772,0.0764,0.1607,0.732,0.7224
544,18.1515,36,0.8448,0.3146,0.0733,0.1221,0.3487,0.7812
545,18.1848,14,0.1853,0.8533,0.0339,0.1105,0.281,0.827
545,18.1848,27,0.3615,0.4217,0.0683,0.0612,0.7191,0.9336
545,18.1848,32,0.1209,0.3909,0.2117,0.1076,0.7264,0.8358
545,18.1848,34,0.7019,0.4765,0.0782,0.1601,0.7158,0.7224
545,18.1848,36,0.846,0.3137,0.0754,0.1266,0.5516,0.7812
545,18.1848,37,0.9261,0.4174,0.1428,0.5841,0.3205,0.113
546,18.2182,27,0.3628,0.4217,0.0689,0.0611,0.7078,0.9336
546,18.2182,32,0.1216,0.392,0.211,0.1053,0.7584,0.8358
546,18.2182,34,0.7043,0.4749,0.0806,0.1609,0.6369,0.7224
546,18.2182,36,0.8467,0.313,0.0774,0.1314,0.491,0.7812
547,18.2516,27,0.3639,0.4216,0.0696,0.0611,0.6963,0.9336
547,18.2516,32,0.1222,0.393,0.2106,0.1031,0.7334,0.8358
547,18.2516,34,0.7069,0.4732,0.083,0.1614,0.3723,0.7224
547,18.2516,36,0.8466,0.3138,0.0769,0.1326,0.5243,0.7812
547,18.2516,37,0.9234,0.4184,0.1431,0.5809,0.3129,0.113
548,18.2849,27,0.3647,0.4217,0.0701,0.0609,0.6925,0.9336
548,18.2849,32,0.1229,0.3939,0.212,0.1019,0.7393,0.8358
548,18.2849,34,0.7092,0.4716,0.0857,0.1629,0.4591,0.7224
548,18.2849,36,0.8457,0.3151,0.0754,0.1324,0.5245,0.7812
548,18.2849,37,0.9208,0.4222,0.1448,0.5831,0.4379,0.113
549,18.3183,27,0.3653,0.4217,0.0708,0.0609,0.6726,0.9336
549,18.3183,32,0.1239,0.3945,0.2141,0.101,0.7876,0.8358
549,18.3183,34,0.7118,0.4695,0.088,0.164,0.4201,0.7224
549,18.3183,36,0.8462,0.3178,0.0722,0.1286,0.2942,0.7812
549,18.3183,37,0.9155,0.4355,0.1504,0.5996,0.3513,0.113
550,18.3517,27,0.3654,0.4217,0.0716,0.0609,0.6547,0.9336
550,18.3517,32,0.1249,0.3944,0.2183,0.1013,0.7808,0.8358
550,18.3517,34,0.7144,0.4676,0.0896,0.1645,0.3707,0.7224
550,18.3517,36,0.8465,0.321,0.0703,0.1266,0.2872,0.7812
551,18.385,27,0.365,0.4216,0.0724,0.0611,0.6956,0.9336
551,18.385,32,0.1259,0.3941,0.2226,0.1019,0.7744,0.8358
551,18.385,34,0.7167,0.465,0.0916,0.1661,0.3446,0.7224
551,18.385,36,0.8466,0.3245,0.069,0.1252,0.4378,0.7812
551,18.385,37,0.9105,0.4431,0.154,0.6053,0.4389,0.113
552,18.4184,27,0.3639,0.4214,0.0732,0.0616,0.6936,0.9336
552,18.4184,28,0.7733,0.1851,0.2285,0.3693,0.2686,0.2773
552,18.4184,32,0.1268,0.3934,0.2279,0.1031,0.7658,0.8358
552,18.4184,34,0.7187,0.4623,0.0936,0.168,0.4024,0.7224
552,18.4184,37,0.906,0.4387,0.1531,0.5853,0.3868,0.113
553,18.4518,27,0.3623,0.4214,0.0737,0.0617,0.6911,0.9336
553,18.4518,32,0.1276,0.3928,0.2328,0.1043,0.7465,0.8358
553,18.4518,34,0.7195,0.4605,0.0943,0.168,0.4227,0.7224
553,18.4518,37,0.9008,0.4325,0.1522,0.5611,0.2956,0.113
554,18.4851,27,0.3604,0.4214,0.0738,0.0618,0.7087,0.9336
554,18.4851,32,0.1283,0.3921,0.2373,0.1055,0.7813,0.8358
554,18.4851,34,0.7196,0.4587,0.0946,0.168,0.5901,0.7224
554,18.4851,37,0.8962,0.4284,0.1496,0.5305,0.5068,0.113
554,18.4851,38,0.879,0.0693,0.0786,0.1378,0.7668,0.7484
555,18.5185,27,0.3581,0.4213,0.0741,0.0621,0.7521,0.9336
555,18.5185,32,0.1284,0.3916,0.2407,0.1063,0.7852,0.8358
555,18.5185,34,0.7195,0.4571,0.0941,0.1665,0.612,0.7224
555,18.5185,37,0.8917,0.4282,0.1519,0.5165,0.4867,0.113
555,18.5185,38,0.878,0.0699,0.0793,0.139,0.6824,0.7484
556,18.5519,14,0.1852,0.8532,0.0339,0.1103,0.2994,0.827
556,18.5519,27,0.3558,0.4213,0.074,0.0622,0.7075,0.9336
556,18.5519,32,0.1282,0.3914,0.2416,0.1061,0.8145,0.8358
556,18.5519,34,0.7186,0.4555,0.0939,0.1661,0.643,0.7224
556,18.5519,37,0.8871,0.4258,0.1532,0.496,0.6061,0.113
556,18.5519,38,0.8775,0.0702,0.0799,0.1397,0.8445,0.7484
557,18.5852,27,0.3535,0.4213,0.0737,0.0622,0.7129,0.9336
557,18.5852,32,0.1278,0.3916,0.2421,0.1057,0.6365,0.8358
557,18.5852,34,0.717,0.4533,0.0944,0.1674,0.6047,0.7224
557,18.5852,37,0.882,0.424,0.1549,0.4739,0.3444,0.113
557,18.5852,38,0.8773,0.0704,0.0802,0.1402,0.8329,0.7484
558,18.6186,7,0.6748,0.9807,0.048,0.0362,0.2628,1.0
558,18.6186,27,0.3516,0.4212,0.0734,0.0622,0.7198,0.9336
558,18.6186,28,0.7417,0.1831,0.2269,0.3655,0.4052,0.2773
558,18.6186,32,0.1272,0.3918,0.2431,0.1056,0.642,0.8358
558,18.6186,34,0.7154,0.4516,0.094,0.1676,0.6518,0.7224
558,18.6186,37,0.8768,0.4268,0.1594,0.4605,0.4028,0.113
558,18.6186,38,0.8759,0.0715,0.0816,0.1423,0.8265,0.7484
559,18.652,27,0.35,0.4212,0.0729,0.0621,0.7197,0.9336
559,18.652,28,0.7106,0.1815,0.225,0.3626,0.3448,0.2773
559,18.652,32,0.1266,0.3924,0.2438,0.1054,0.5762,0.8358
559,18.652,34,0.7135,0.4503,0.0928,0.167,0.6409,0.7224
559,18.652,37,0.8716,0.4287,0.1666,0.4549,0.5039,0.113
559,18.652,38,0.8758,0.0718,0.0821,0.143,0.8288,0.7484
560,18.6853,27,0.3487,0.4211,0.0725,0.062,0.7014,0.9336
560,18.6853,28,0.6793,0.1787,0.2212,0.3571,0.465,0.2773
560,18.6853,32,0.1259,0.3928,0.2436,0.105,0.4771,0.8358
560,18.6853,34,0.7115,0.4488,0.0914,0.1666,0.6229,0.7224
560,18.6853,37,0.8662,0.4303,0.1749,0.4516,0.4023,0.113
560,18.6853,38,0.8765,0.0716,0.0819,0.1427,0.7973,0.7484
561,18.7187,7,0.6749,0.9806,0.048,0.0363,0.2666,1.0
561,18.7187,27,0.3477,0.421,0.0721,0.062,0.6957,0.9336
561,18.7187,28,0.6599,0.1808,0.2179,0.3613,0.7265,0.2773
561,18.7187,32,0.1252,0.3933,0.2437,0.1048,0.4799,0.8358
561,18.7187,34,0.7096,0.4467,0.0901,0.1676,0.6703,0.7224
561,18.7187,37,0.8604,0.4293,0.1853,0.4542,0.31,0.113
561,18.7187,38,0.8776,0.0715,0.0819,0.1425,0.8171,0.7484
562,18.7521,7,0.675,0.9805,0.0481,0.0365,0.29,1.0
562,18.7521,27,0.3469,0.421,0.0714,0.0617,0.734,0.9336
562,18.7521,28,0.6499,0.1847,0.2163,0.3691,0.6917,0.2773
562,18.7521,32,0.1248,0.3936,0.243,0.1041,0.5663,0.8358
562,18.7521,34,0.7074,0.4455,0.0874,0.1667,0.6323,0.7224
562,18.7521,37,0.855,0.4301,0.1947,0.4535,0.4331,0.113
562,18.7521,38,0.8786,0.0717,0.0821,0.1427,0.8224,0.7484
563,18.7854,7,0.6752,0.9804,0.0481,0.0366,0.2855,1.0
563,18.7854,27,0.3465,0.421,0.0708,0.0614,0.7148,0.9336
563,18.7854,28,0.6409,0.1865,0.2124,0.3727,0.7646,0.2773
563,18.7854,32,0.1244,0.3936,0.2437,0.1042,0.5639,0.8358
563,18.7854,34,0.7064,0.4446,0.0865,0.167,0.4851,0.7224
563,18.7854,37,0.85,0.4301,0.2045,0.4544,0.3524,0.113
563,18.7854,38,0.8799,0.072,0.0824,0.1433,0.7779,0.7484
564,18.8188,7,0.6751,0.9804,0.0479,0.0365,0.2839,1.0
564,18.8188,27,0.3465,0.4213,0.07,0.0608,0.7081,0.9336
564,18.8188,28,0.6321,0.1878,0.208,0.3753,0.3843,0.2773
564,18.8188,32,0.1242,0.3934,0.2448,0.1047,0.6395,0.8358
564,18.8188,34,0.7056,0.4441,0.0848,0.1661,0.3294,0.7224
564,18.8188,37,0.8446,0.429,0.2141,0.4571,0.4129,0.113
564,18.8188,38,0.8814,0.0729,0.0834,0.145,0.7379,0.7484
565,18.8522,7,0.6751,0.9804,0.0478,0.0365,0.2809,1.0
565,18.8522,27,0.3467,0.4217,0.069,0.0599,0.7115,0.9336
565,18.8522,28,0.6242,0.1894,0.2038,0.3781,0.3763,0.2773
565,18.8522,32,0.1238,0.3932,0.2449,0.1051,0.5391,0.8358
565,18.8522,34,0.7048,0.4436,0.083,0.1655,0.4424,0.7224
565,18.8522,37,0.8382,0.4277,0.2233,0.4607,0.4459,0.113
565,18.8522,38,0.883,0.0742,0.0846,0.1473,0.7919,0.7484
566,18.8855,7,0.6751,0.9805,0.0477,0.0365,0.2596,1.0
566,18.8855,27,0.3471,0.4221,0.0684,0.0592,0.7353,0.9336
566,18.8855,28,0.6173,0.1888,0.198,0.3768,0.375,0.2773
566,18.8855,32,0.1233,0.3925,0.2444,0.1053,0.57,0.8358
566,18.8855,37,0.8318,0.4283,0.2307,0.4617,0.4808,0.113
566,18.8855,38,0.8847,0.0744,0.0849,0.1476,0.7984,0.7484
567,18.9189,27,0.3476,0.4224,0.0679,0.0585,0.7386,0.9336
567,18.9189,32,0.1226,0.3919,0.2437,0.1058,0.6848,0.8358
567,18.9189,37,0.8241,0.4292,0.2365,0.4615,0.4123,0.113
567,18.9189,38,0.8864,0.0743,0.0849,0.1473,0.7734,0.7484
567,18.9189,39,0.441,0.5024,0.0248,0.0548,0.4665,0.9557
568,18.9523,27,0.3482,0.4228,0.0675,0.0578,0.7546,0.9336
568,18.9523,28,0.6111,0.1865,0.191,0.3721,0.4143,0.2773
568,18.9523,32,0.122,0.3911,0.2425,0.1063,0.6754,0.8358
568,18.9523,37,0.8155,0.43,0.2405,0.4603,0.4199,0.113
568,18.9523,38,0.8882,0.0743,0.0851,0.1472,0.7997,0.7484
568,18.9523,39,0.4407,0.5025,0.0249,0.0549,0.4517,0.9557
568,18.9523,40,0.4182,0.4533,0.0406,0.0447,0.3458,0.9837
569,18.9856,7,0.675,0.9805,0.0476,0.0365,0.2516,1.0
569,18.9856,27,0.3488,0.4231,0.0675,0.0573,0.7602,0.9336
569,18.9856,28,0.6057,0.1847,0.1849,0.3684,0.3324,0.2773
569,18.9856,32,0.1209,0.3902,0.2415,0.1071,0.7,0.8358
569,18.9856,37,0.8066,0.431,0.2436,0.4597,0.3985,0.113
569,18.9856,38,0.89,0.0734,0.0844,0.1454,0.7592,0.7484
569,18.9856,39,0.4405,0.5027,0.025,0.055,0.4192,0.9557
569,18.9856,40,0.4182,0.453,0.0401,0.0442,0.37,0.9837
570,19.019,27,0.3494,0.4234,0.0675,0.0568,0.7698,0.9336
570,19.019,28,0.5995,0.1855,0.1814,0.3698,0.6829,0.2773
570,19.019,32,0.12,0.3892,0.24,0.1079,0.7676,0.8358
570,19.019,37,0.7924,0.4323,0.2434,0.4556,0.3175,0.113
570,19.019,38,0.8917,0.0723,0.0836,0.1431,0.7558,0.7484
570,19.019,39,0.4403,0.5028,0.0251,0.0549,0.4336,0.9557
570,19.019,40,0.4182,0.4527,0.0397,0.0436,0.2951,0.9837
571,19.0524,7,0.675,0.9806,0.0475,0.0364,0.2604,1.0
571,19.0524,27,0.3498,0.4234,0.0681,0.0568,0.775,0.9336
571,19.0524,28,0.5937,0.1869,0.1786,0.3726,0.6147,0.2773
571,19.0524,32,0.1188,0.3883,0.2377,0.1083,0.8198,0.8358
571,19.0524,37,0.7782,0.4331,0.2417,0.4513,0.5061,0.113
571,19.0524,38,0.8931,0.0705,0.0822,0.1396,0.7509,0.7484
571,19.0524,39,0.4398,0.5031,0.0253,0.055,0.428,0.9557
571,19.0524,40,0.4181,0.4524,0.0394,0.0432,0.2738,0.9837
572,19.0857,7,0.6749,0.9807,0.0473,0.0364,0.2588,1.0
572,19.0857,27,0.35,0.4234,0.0686,0.0568,0.7774,0.9336
572,19.0857,28,0.5891,0.1885,0.1763,0.3756,0.3155,0.2773
572,19.0857,32,0.1179,0.3874,0.2359,0.1089,0.8295,0.8358
572,19.0857,36,0.8464,0.328,0.0682,0.1243,0.4086,0.7812
572,19.0857,37,0.7637,0.4336,0.2391,0.4473,0.2575,0.113
572,19.0857,38,0.8943,0.0684,0.0807,0.1355,0.7717,0.7484
572,19.0857,39,0.4395,0.5034,0.0256,0.055,0.4209,0.9557
572,19.0857,40,0.417,0.4492,0.0384,0.0426,0.2794,0.9837
573,19.1191,27,0.3502,0.4231,0.0699,0.0575,0.7717,0.9336
573,19.1191,32,0.1172,0.3868,0.2344,0.1101,0.8371,0.8358
573,19.1191,38,0.8951,0.0673,0.0804,0.1334,0.7764,0.7484
573,19.1191,39,0.4393,0.5038,0.0259,0.055,0.4227,0.9557
573,19.1191,40,0.416,0.4458,0.0372,0.042,0.3171,0.9837
574,19.1525,27,0.3503,0.4226,0.0719,0.0588,0.752,0.9336
574,19.1525,32,0.1166,0.3864,0.2332,0.1113,0.8586,0.8358
574,19.1525,36,0.846,0.3313,0.068,0.124,0.3707,0.7812
574,19.1525,38,0.8957,0.0666,0.0806,0.1321,0.7529,0.7484
574,19.1525,39,0.4392,0.5039,0.0263,0.0551,0.4389,0.9557
574,19.1525,40,0.4154,0.4422,0.0359,0.0414,0.2598,0.9837
574,19.1525,41,0.9553,0.5405,0.0894,0.2138,0.4114,0.5314
575,19.1858,27,0.3501,0.4219,0.0743,0.0608,0.7526,0.9336
575,19.1858,28,0.5838,0.19,0.1739,0.3786,0.4183,0.2773
575,19.1858,32,0.1164,0.3865,0.2327,0.1135,0.841,0.8358
575,19.1858,36,0.8454,0.3343,0.0685,0.1241,0.4629,0.7812
575,19.1858,37,0.7486,0.4336,0.2348,0.4424,0.4609,0.113
575,19.1858,38,0.8962,0.0659,0.0808,0.1307,0.7681,0.7484
575,19.1858,39,0.4391,0.5042,0.0267,0.0552,0.3882,0.9557
575,19.1858,41,0.9572,0.5403,0.0857,0.2111,0.3367,0.5314
576,19.2192,27,0.3498,0.4211,0.0773,0.0634,0.7455,0.9336
576,19.2192,28,0.5783,0.193,0.1729,0.3846,0.3326,0.2773
576,19.2192,32,0.1165,0.387,0.233,0.1162,0.8121,0.8358
576,19.2192,36,0.845,0.3371,0.0698,0.1247,0.4252,0.7812
576,19.2192,37,0.732,0.4345,0.2287,0.435,0.3136,0.113
576,19.2192,38,0.8966,0.0657,0.0815,0.1303,0.7934,0.7484
576,19.2192,39,0.439,0.5051,0.0267,0.0543,0.3713,0.9557
577,19.2526,27,0.3492,0.4203,0.0802,0.0661,0.7303,0.9336
577,19.2526,28,0.5726,0.1967,0.1722,0.392,0.3453,0.2773
577,19.2526,32,0.1166,0.3875,0.2333,0.1191,0.8075,0.8358
577,19.2526,36,0.8427,0.3384,0.073,0.129,0.3253,0.7812
577,19.2526,37,0.7145,0.4364,0.2243,0.4286,0.288,0.113
577,19.2526,38,0.8968,0.0656,0.0824,0.1302,0.7803,0.7484
577,19.2526,39,0.4391,0.5064,0.0265,0.053,0.3959,0.9557
578,19.2859,7,0.6749,0.9807,0.0472,0.0364,0.2549,1.0
578,19.2859,27,0.3484,0.4197,0.0828,0.0688,0.7412,0.9336
578,19.2859,28,0.5669,0.1977,0.1695,0.3941,0.363,0.2773
578,19.2859,32,0.1169,0.3882,0.2339,0.1222,0.8172,0.8358
578,19.2859,36,0.8405,0.3389,0.0753,0.1315,0.3263,0.7812
578,19.2859,37,0.6978,0.4375,0.2196,0.4208,0.3481,0.113
578,19.2859,38,0.8968,0.0655,0.0832,0.1299,0.7792,0.7484
578,19.2859,39,0.4373,0.5083,0.0265,0.0518,0.3808,0.9557
579,19.3193,7,0.6749,0.9807,0.0471,0.0364,0.2564,1.0
579,19.3193,27,0.3473,0.4193,0.0854,0.0715,0.7679,0.9336
579,19.3193,28,0.5624,0.1965,0.165,0.3918,0.3907,0.2773
579,19.3193,32,0.1171,0.389,0.2342,0.1251,0.8165,0.8358
579,19.3193,36,0.8382,0.339,0.0773,0.1337,0.4149,0.7812
579,19.3193,38,0.8968,0.065,0.0836,0.1289,0.7751,0.7484
579,19.3193,39,0.4354,0.51,0.0266,0.0507,0.3387,0.9557
580,19.3527,7,0.6748,0.9807,0.047,0.0364,0.2647,1.0
580,19.3527,27,0.3458,0.4192,0.0867,0.0734,0.6282,0.9336
580,19.3527,28,0.5583,0.1943,0.1602,0.3876,0.3841,0.2773
580,19.3527,32,0.117,0.3896,0.234,0.1274,0.7968,0.8358
580,19.3527,36,0.8352,0.339,0.0792,0.1362,0.3444,0.7812
580,19.3527,38,0.8966,0.0643,0.0838,0.1276,0.775,0.7484
580,19.3527,39,0.4333,0.5118,0.0267,0.0494,0.275,0.9557
581,19.386,7,0.6748,0.9807,0.047,0.0364,0.27,1.0
581,19.386,27,0.3442,0.4197,0.0872,0.0746,0.6952,0.9336
581,19.386,28,0.5544,0.1927,0.1563,0.3847,0.6287,0.2773
581,19.386,32,0.1169,0.3902,0.2338,0.1295,0.8346,0.8358
581,19.386,36,0.8324,0.3388,0.0806,0.1382,0.3245,0.7812
581,19.386,38,0.8962,0.0635,0.0839,0.1262,0.764,0.7484
582,19.4194,7,0.6748,0.9807,0.0469,0.0364,0.2785,1.0
582,19.4194,27,0.3427,0.4206,0.0869,0.0752,0.7782,0.9336
582,19.4194,28,0.5514,0.1915,0.1532,0.3825,0.2959,0.2773
582,19.4194,32,0.1159,0.3896,0.2318,0.1293,0.8142,0.8358
582,19.4194,36,0.8301,0.3386,0.0816,0.1398,0.3816,0.7812
582,19.4194,38,0.8958,0.0628,0.0841,0.1247,0.7594,0.7484
583,19.4528,7,0.6748,0.9807,0.0469,0.0364,0.2888,1.0
583,19.4528,27,0.3412,0.4219,0.0855,0.0746,0.7466,0.9336
583,19.4528,28,0.5486,0.1907,0.1509,0.381,0.38,0.2773
583,19.4528,32,0.1146,0.3885,0.2292,0.1283,0.8784,0.8358
583,19.4528,38,0.8953,0.0621,0.0843,0.1233,0.7045,0.7484
584,19.4861,7,0.6747,0.9807,0.0469,0.0364,0.2853,1.0
584,19.4861,27,0.3399,0.4235,0.0839,0.0738,0.7232,0.9336
584,19.4861,28,0.5461,0.1901,0.149,0.3798,0.3869,0.2773
584,19.4861,32,0.1132,0.3874,0.2264,0.1267,0.8297,0.8358
584,19.4861,37,0.686,0.4389,0.2188,0.418,0.4259,0.113
584,19.4861,38,0.8948,0.0612,0.0844,0.1216,0.7424,0.7484
585,19.5195,7,0.6747,0.9807,0.0469,0.0364,0.2791,1.0
585,19.5195,27,0.3387,0.4252,0.0824,0.0729,0.693,0.9336
585,19.5195,28,0.5437,0.1906,0.1482,0.3809,0.4324,0.2773
585,19.5195,32,0.1118,0.3862,0.2237,0.1249,0.8504,0.8358
585,19.5195,38,0.8944,0.0604,0.0844,0.12,0.7745,0.7484
586,19.5529,7,0.6747,0.9807,0.0469,0.0364,0.2528,1.0
586,19.5529,27,0.3379,0.4266,0.081,0.0721,0.6853,0.9336
586,19.5529,28,0.5412,0.19,0.1466,0.3798,0.4472,0.2773
586,19.5529,32,0.1106,0.385,0.2212,0.1231,0.8612,0.8358
586,19.5529,38,0.8938,0.06,0.0849,0.1192,0.7765,0.7484
586,19.5529,39,0.4309,0.5137,0.0268,0.0482,0.445,0.9557
586,19.5529,42,0.7416,0.4252,0.066,0.164,0.484,0.5506
587,19.5862,7,0.6747,0.9807,0.0469,0.0364,0.2734,1.0
587,19.5862,27,0.3373,0.428,0.08,0.0714,0.7226,0.9336
587,19.5862,28,0.5386,0.1894,0.1451,0.3785,0.5018,0.2773
587,19.5862,32,0.1095,0.3838,0.219,0.1214,0.8641,0.8358
587,19.5862,37,0.6753,0.4416,0.2199,0.4166,0.4073,0.113
587,19.5862,38,0.8934,0.0597,0.0856,0.1188,0.8041,0.7484
587,19.5862,39,0.4285,0.5154,0.0271,0.047,0.4032,0.9557
588,19.6196,7,0.6747,0.9807,0.047,0.0364,0.2809,1.0
588,19.6196,27,0.337,0.4292,0.0793,0.0711,0.7554,0.9336
588,19.6196,28,0.536,0.1877,0.1429,0.3751,0.5496,0.2773
588,19.6196,32,0.1085,0.3826,0.2171,0.1197,0.8949,0.8358
588,19.6196,33,0.8713,0.4155,0.0311,0.0589,0.3035,0.9479
588,19.6196,36,0.8279,0.3385,0.0823,0.1412,0.3704,0.7812
588,19.6196,37,0.6661,0.4453,0.2223,0.4155,0.4697,0.113
588,19.6196,38,0.893,0.0598,0.0864,0.1189,0.779,0.7484
588,19.6196,39,0.426,0.5163,0.0279,0.0468,0.4979,0.9557
588,19.6196,42,0.7398,0.4239,0.068,0.1668,0.3671,0.5506
589,19.653,7,0.6748,0.9807,0.047,0.0364,0.2739,1.0
589,19.653,27,0.3369,0.4303,0.0792,0.0712,0.7049,0.9336
589,19.653,28,0.5335,0.1848,0.1398,0.3693,0.605,0.2773
589,19.653,32,0.1083,0.3825,0.2166,0.1197,0.8729,0.8358
589,19.653,33,0.87,0.4163,0.0305,0.0576,0.5189,0.9479
589,19.653,36,0.8259,0.3384,0.0828,0.1424,0.5416,0.7812
589,19.653,37,0.6579,0.4492,0.2262,0.4147,0.5266,0.113
589,19.653,38,0.8927,0.0604,0.0879,0.1202,0.8039,0.7484
589,19.653,39,0.4233,0.517,0.029,0.0475,0.4813,0.9557
590,19.6863,7,0.6748,0.9807,0.047,0.0364,0.2623,1.0
590,19.6863,27,0.3369,0.431,0.0801,0.0723,0.7107,0.9336
590,19.6863,28,0.5312,0.1812,0.1363,0.3619,0.5682,0.2773
590,19.6863,32,0.1081,0.3826,0.2163,0.1199,0.8487,0.8358
590,19.6863,33,0.8688,0.4171,0.0298,0.0564,0.4957,0.9479
590,19.6863,36,0.8241,0.3383,0.0831,0.1435,0.6358,0.7812
590,19.6863,37,0.6522,0.4528,0.2327,0.4172,0.5188,0.113
590,19.6863,38,0.8924,0.0612,0.0894,0.1219,0.8021,0.7484
590,19.6863,39,0.4224,0.5172,0.0302,0.0481,0.3947,0.9557
591,19.7197,7,0.6748,0.9807,0.047,0.0364,0.2541,1.0
591,19.7197,27,0.3369,0.4311,0.0819,0.0745,0.6869,0.9336
591,19.7197,28,0.529,0.1769,0.1325,0.3535,0.4909,0.2773
591,19.7197,32,0.108,0.3826,0.216,0.1201,0.8691,0.8358
591,19.7197,33,0.8675,0.4179,0.0291,0.0552,0.4811,0.9479
591,19.7197,36,0.8229,0.3385,0.0832,0.1444,0.6316,0.7812
591,19.7197,37,0.6475,0.4557,0.2383,0.4193,0.4797,0.113
591,19.7197,38,0.8922,0.0622,0.0908,0.124,0.7722,0.7484
591,19.7197,39,0.4215,0.5174,0.0313,0.0487,0.3395,0.9557
591,19.7197,41,0.9581,0.5386,0.0838,0.2095,0.4414,0.5314
592,19.7531,27,0.3371,0.4309,0.0839,0.0769,0.6765,0.9336
592,19.7531,28,0.527,0.1727,0.1287,0.345,0.6409,0.2773
592,19.7531,32,0.1078,0.3827,0.2156,0.1203,0.8843,0.8358
592,19.7531,33,0.8673,0.4179,0.0289,0.0554,0.4331,0.9479
592,19.7531,36,0.8229,0.3387,0.083,0.1447,0.6236,0.7812
592,19.7531,37,0.643,0.4591,0.244,0.4221,0.2971,0.113
592,19.7531,38,0.8919,0.0635,0.0923,0.1264,0.7751,0.7484
592,19.7531,39,0.4209,0.5175,0.0324,0.0493,0.4004,0.9557
592,19.7531,41,0.9578,0.5372,0.0838,0.2089,0.3623,0.5314
592,19.7531,42,0.7375,0.4233,0.0697,0.1687,0.6002,0.5506
593,19.7864,27,0.3372,0.4306,0.0858,0.0796,0.6216,0.9336
593,19.7864,28,0.5252,0.1687,0.1251,0.3369,0.6303,0.2773
593,19.7864,32,0.1076,0.3827,0.2152,0.1208,0.8998,0.8358
593,19.7864,33,0.8671,0.4179,0.0286,0.0554,0.4397,0.9479
593,19.7864,36,0.823,0.3391,0.083,0.1453,0.4551,0.7812
593,19.7864,37,0.6387,0.462,0.2486,0.4232,0.3978,0.113
593,19.7864,38,0.8918,0.0643,0.093,0.1281,0.747,0.7484
593,19.7864,39,0.4204,0.5176,0.0333,0.0497,0.2906,0.9557
593,19.7864,41,0.9559,0.5326,0.081,0.206,0.2746,0.5314
593,19.7864,42,0.7355,0.4229,0.0712,0.1701,0.438,0.5506
594,19.8198,7,0.6748,0.9807,0.047,0.0364,0.2587,1.0
594,19.8198,27,0.3374,0.4304,0.0876,0.0822,0.6723,0.9336
594,19.8198,28,0.5237,0.1649,0.1217,0.3294,0.7569,0.2773
594,19.8198,32,0.1074,0.3827,0.2148,0.1218,0.8884,0.8358
594,19.8198,33,0.8665,0.4182,0.028,0.055,0.435,0.9479
594,19.8198,36,0.8232,0.3393,0.0826,0.1451,0.4763,0.7812
594,19.8198,37,0.6322,0.4655,0.2495,0.4192,0.2736,0.113
594,19.8198,38,0.8916,0.065,0.0935,0.1296,0.7617,0.7484
594,19.8198,39,0.4197,0.5179,0.0339,0.0496,0.2758,0.9557
594,19.8198,42,0.7314,0.4214,0.0745,0.1735,0.709,0.5506
595,19.8532,7,0.6748,0.9807,0.047,0.0364,0.2526,1.0
595,19.8532,27,0.3377,0.4303,0.0889,0.0846,0.6521,0.9336
595,19.8532,28,0.5227,0.161,0.1183,0.3217,0.7354,0.2773
595,19.8532,32,0.1072,0.3829,0.2144,0.1233,0.9051,0.8358
595,19.8532,33,0.8651,0.4185,0.0276,0.0548,0.4051,0.9479
595,19.8532,36,0.8233,0.3392,0.0819,0.1445,0.6006,0.7812
595,19.8532,37,0.6287,0.4681,0.2492,0.4133,0.3733,0.113
595,19.8532,38,0.8913,0.0656,0.0937,0.1307,0.7753,0.7484
595,19.8532,39,0.4191,0.5183,0.0344,0.0492,0.3031,0.9557
596,19.8865,27,0.3379,0.4302,0.0897,0.0865,0.6961,0.9336
596,19.8865,28,0.5225,0.1577,0.1155,0.3152,0.7447,0.2773
596,19.8865,32,0.1063,0.3826,0.2126,0.1241,0.8743,0.8358
596,19.8865,33,0.8636,0.4187,0.0272,0.0547,0.3124,0.9479
596,19.8865,36,0.8234,0.339,0.0812,0.1438,0.642,0.7812
596,19.8865,37,0.6203,0.4701,0.2461,0.4063,0.3969,0.113
596,19.8865,38,0.8913,0.0654,0.093,0.1304,0.8018,0.7484
596,19.8865,39,0.4186,0.5185,0.0348,0.0485,0.3693,0.9557
596,19.8865,42,0.7273,0.4203,0.078,0.1773,0.4783,0.5506
597,19.9199,7,0.6748,0.9807,0.0471,0.0365,0.3251,1.0
597,19.9199,27,0.338,0.4303,0.0901,0.0882,0.6993,0.9336
597,19.9199,28,0.5229,0.1554,0.1133,0.3106,0.7272,0.2773
597,19.9199,32,0.1054,0.3824,0.2107,0.125,0.879,0.8358
597,19.9199,36,0.8233,0.3389,0.0804,0.143,0.6851,0.7812
597,19.9199,38,0.8917,0.0651,0.0919,0.1297,0.7746,0.7484
597,19.9199,39,0.4181,0.5187,0.0351,0.0477,0.5833,0.9557
597,19.9199,41,0.9545,0.5276,0.0788,0.2032,0.477,0.5314
597,19.9199,42,0.7241,0.4208,0.0806,0.1785,0.7582,0.5506
598,19.9533,7,0.6748,0.9807,0.0471,0.0365,0.364,1.0
598,19.9533,27,0.3382,0.4306,0.0899,0.0892,0.7039,0.9336
598,19.9533,28,0.5236,0.1544,0.1119,0.3085,0.7532,0.2773
598,19.9533,32,0.1045,0.3828,0.2089,0.1269,0.9022,0.8358
598,19.9533,36,0.8228,0.3386,0.0795,0.1419,0.6835,0.7812
598,19.9533,37,0.6123,0.4719,0.2417,0.3986,0.2715,0.113
598,19.9533,38,0.8921,0.0645,0.0906,0.1286,0.8028,0.7484
598,19.9533,39,0.4176,0.519,0.0355,0.047,0.585,0.9557
598,19.9533,41,0.9511,0.5226,0.0812,0.2059,0.3083,0.5314
598,19.9533,42,0.721,0.4215,0.083,0.1793,0.7275,0.5506
599,19.9866,7,0.6749,0.9807,0.0471,0.0365,0.3918,1.0
599,19.9866,27,0.3383,0.4313,0.0895,0.09,0.698,0.9336
599,19.9866,28,0.5244,0.1542,0.1108,0.3082,0.5801,0.2773
599,19.9866,32,0.1031,0.3833,0.2062,0.1288,0.8435,0.8358
599,19.9866,36,0.8218,0.3381,0.0786,0.1404,0.6742,0.7812
599,19.9866,37,0.6059,0.4736,0.2354,0.3912,0.2869,0.113
599,19.9866,38,0.8927,0.0638,0.089,0.1272,0.7801,0.7484
599,19.9866,39,0.417,0.5192,0.0359,0.0463,0.5719,0.9557
599,19.9866,42,0.7183,0.4223,0.0855,0.1801,0.4177,0.5506
600,20.02,7,0.6749,0.9806,0.0471,0.0365,0.3885,1.0
600,20.02,27,0.3383,0.4323,0.0887,0.0904,0.71,0.9336
600,20.02,28,0.5255,0.1545,0.1097,0.3087,0.6219,0.2773
600,20.02,32,0.1015,0.3839,0.2029,0.1308,0.858,0.8358
600,20.02,36,0.8207,0.3374,0.0778,0.1386,0.7222,0.7812
600,20.02,38,0.8932,0.0632,0.0876,0.126,0.7589,0.7484
600,20.02,39,0.4158,0.5198,0.037,0.0465,0.5272,0.9557
600,20.02,42,0.716,0.423,0.0879,0.1807,0.7264,0.5506
601,20.0534,7,0.6749,0.9806,0.0472,0.0366,0.3738,1.0
601,20.0534,27,0.3384,0.4336,0.0879,0.0906,0.7012,0.9336
601,20.0534,28,0.5271,0.1549,0.1084,0.3095,0.5627,0.2773
601,20.0534,32,0.0992,0.384,0.1984,0.1314,0.889,0.8358
601,20.0534,36,0.8198,0.3371,0.0776,0.138,0.5351,0.7812
601,20.0534,38,0.8938,0.0625,0.0861,0.1246,0.7765,0.7484
601,20.0534,39,0.4138,0.5212,0.0397,0.0488,0.513,0.9557
601,20.0534,42,0.7137,0.4239,0.0906,0.1815,0.634,0.5506
602,20.0867,7,0.6749,0.9806,0.0472,0.0366,0.3605,1.0
602,20.0867,27,0.3386,0.4348,0.0873,0.0909,0.623,0.9336
602,20.0867,28,0.5289,0.1557,0.1072,0.3112,0.659,0.2773
602,20.0867,32,0.0965,0.3837,0.193,0.1312,0.8755,0.8358
602,20.0867,36,0.8191,0.3371,0.0779,0.1381,0.5501,0.7812
602,20.0867,38,0.8944,0.0617,0.0844,0.1231,0.7476,0.7484
602,20.0867,39,0.4117,0.5225,0.0422,0.0513,0.3976,0.9557
602,20.0867,42,0.7117,0.4248,0.0933,0.1824,0.7483,0.5506
603,20.1201,7,0.6749,0.9806,0.0472,0.0367,0.3214,1.0
603,20.1201,27,0.3387,0.4361,0.0868,0.0909,0.5931,0.9336
603,20.1201,28,0.5308,0.1567,0.1059,0.3132,0.5997,0.2773
603,20.1201,32,0.0942,0.3834,0.1884,0.1309,0.8536,0.8358
603,20.1201,36,0.8184,0.3371,0.0783,0.1383,0.6148,0.7812
603,20.1201,37,0.599,0.4754,0.2273,0.3841,0.2996,0.113
603,20.1201,38,0.8946,0.0604,0.0822,0.1204,0.7891,0.7484
603,20.1201,42,0.7102,0.4256,0.0961,0.1832,0.8115,0.5506
604,20.1535,7,0.6749,0.9806,0.0472,0.0367,0.2995,1.0
604,20.1535,27,0.3388,0.4376,0.0862,0.0907,0.3172,0.9336
604,20.1535,28,0.5328,0.157,0.1038,0.3137,0.6173,0.2773
604,20.1535,32,0.0921,0.3832,0.1842,0.1308,0.8937,0.8358
604,20.1535,33,0.8619,0.4191,0.0269,0.0544,0.2745,0.9479
604,20.1535,36,0.8177,0.3375,0.0793,0.1395,0.4759,0.7812
604,20.1535,37,0.5927,0.4771,0.2174,0.3769,0.4043,0.113
604,20.1535,38,0.8944,0.059,0.0801,0.1176,0.8043,0.7484
604,20.1535,41,0.9478,0.5176,0.0847,0.2093,0.2684,0.5314
604,20.1535,42,0.7094,0.4265,0.0988,0.1841,0.8089,0.5506
605,20.1868,7,0.6749,0.9805,0.0473,0.0367,0.288,1.0
605,20.1868,27,0.3388,0.4394,0.0853,0.0897,0.3457,0.9336
605,20.1868,28,0.5352,0.1558,0.1009,0.3114,0.6052,0.2773
605,20.1868,32,0.0898,0.3825,0.1795,0.13,0.7937,0.8358
605,20.1868,36,0.817,0.3379,0.0805,0.1406,0.4529,0.7812
605,20.1868,38,0.8937,0.0575,0.078,0.1146,0.7962,0.7484
605,20.1868,42,0.7092,0.4274,0.1013,0.185,0.7847,0.5506
606,20.2202,7,0.6749,0.9805,0.0473,0.0368,0.2896,1.0
606,20.2202,27,0.3385,0.441,0.0845,0.0886,0.5132,0.9336
606,20.2202,28,0.5382,0.1519,0.0966,0.3037,0.6362,0.2773
606,20.2202,32,0.0878,0.3816,0.1756,0.1294,0.8574,0.8358
606,20.2202,36,0.8149,0.3383,0.0814,0.1417,0.5176,0.7812
606,20.2202,37,0.589,0.4775,0.2089,0.3737,0.3972,0.113
606,20.2202,38,0.8927,0.0561,0.0763,0.1118,0.7852,0.7484
606,20.2202,41,0.9445,0.5125,0.0889,0.2127,0.3546,0.5314
606,20.2202,42,0.7091,0.4284,0.1037,0.1857,0.7711,0.5506
607,20.2536,7,0.6749,0.9805,0.0473,0.0368,0.2755,1.0
607,20.2536,27,0.3379,0.4425,0.0842,0.0878,0.5215,0.9336
607,20.2536,28,0.5414,0.1476,0.0924,0.2951,0.5392,0.2773
607,20.2536,32,0.0859,0.3806,0.1718,0.1284,0.8372,0.8358
607,20.2536,36,0.8117,0.3388,0.0809,0.1406,0.5484,0.7812
607,20.2536,37,0.5825,0.4789,0.1992,0.3706,0.5044,0.113
607,20.2536,38,0.8914,0.0549,0.075,0.1094,0.7841,0.7484
607,20.2536,39,0.4096,0.5238,0.0447,0.0539,0.4767,0.9557
607,20.2536,41,0.9414,0.5084,0.0927,0.2158,0.3122,0.5314
607,20.2536,42,0.7098,0.4293,0.106,0.1866,0.7543,0.5506
608,20.2869,7,0.6749,0.9805,0.0473,0.0368,0.2883,1.0
608,20.2869,27,0.3371,0.4438,0.084,0.087,0.3969,0.9336
608,20.2869,28,0.5446,0.1439,0.0888,0.2877,0.6717,0.2773
608,20.2869,32,0.0846,0.3802,0.1693,0.1283,0.7998,0.8358
608,20.2869,36,0.808,0.339,0.0795,0.1381,0.2868,0.7812
608,20.2869,37,0.5791,0.4817,0.1906,0.3664,0.4118,0.113
608,20.2869,38,0.89,0.0539,0.074,0.1072,0.7899,0.7484
608,20.2869,41,0.9394,0.5045,0.0956,0.2187,0.3354,0.5314
608,20.2869,42,0.711,0.4302,0.1079,0.1876,0.8252,0.5506
609,20.3203,7,0.6749,0.9805,0.0473,0.0368,0.2731,1.0
609,20.3203,27,0.3359,0.4448,0.0845,0.0868,0.6079,0.9336
609,20.3203,28,0.5474,0.141,0.0859,0.282,0.7197,0.2773
609,20.3203,32,0.0837,0.38,0.1674,0.1286,0.8003,0.8358
609,20.3203,36,0.8044,0.3394,0.0777,0.1355,0.3537,0.7812
609,20.3203,37,0.5779,0.4831,0.1826,0.3647,0.44,0.113
609,20.3203,38,0.8884,0.0529,0.0732,0.1052,0.8086,0.7484
609,20.3203,41,0.9404,0.5031,0.0985,0.2212,0.3242,0.5314
609,20.3203,42,0.7126,0.4312,0.1096,0.1885,0.8593,0.5506
610,20.3537,7,0.6749,0.9805,0.0473,0.0369,0.3082,1.0
610,20.3537,27,0.3347,0.4456,0.0854,0.0871,0.5831,0.9336
610,20.3537,28,0.5501,0.1385,0.0834,0.277,0.6839,0.2773
610,20.3537,32,0.0827,0.3798,0.1655,0.129,0.7835,0.8358
610,20.3537,37,0.5771,0.4843,0.1755,0.3629,0.3717,0.113
610,20.3537,38,0.8867,0.0527,0.0734,0.1048,0.816,0.7484
610,20.3537,41,0.9409,0.5018,0.101,0.2232,0.4609,0.5314
610,20.3537,42,0.7144,0.4322,0.1109,0.1894,0.8579,0.5506
611,20.387,7,0.6749,0.9805,0.0473,0.0369,0.3146,1.0
611,20.387,27,0.3335,0.4461,0.0867,0.0881,0.5995,0.9336
611,20.387,28,0.5528,0.1365,0.0813,0.2729,0.6453,0.2773
611,20.387,32,0.0816,0.3795,0.1632,0.1292,0.7961,0.8358
611,20.387,36,0.8,0.3401,0.0762,0.1333,0.4073,0.7812
611,20.387,37,0.5764,0.485,0.1698,0.3621,0.482,0.113
611,20.387,38,0.8847,0.0526,0.0737,0.1045,0.8219,0.7484
611,20.387,41,0.9418,0.4948,0.1035,0.2293,0.4756,0.5314
611,20.387,42,0.7158,0.4332,0.1119,0.1902,0.8491,0.5506
612,20.4204,7,0.6749,0.9805,0.0474,0.037,0.3693,1.0
612,20.4204,27,0.3322,0.4462,0.0885,0.0897,0.6343,0.9336
612,20.4204,28,0.5554,0.135,0.0796,0.2701,0.6435,0.2773
612,20.4204,32,0.0807,0.379,0.1614,0.1295,0.8907,0.8358
612,20.4204,36,0.7954,0.3405,0.0741,0.1306,0.5605,0.7812
612,20.4204,37,0.5755,0.4851,0.1651,0.362,0.3912,0.113
612,20.4204,38,0.8832,0.0527,0.0742,0.1047,0.8168,0.7484
612,20.4204,41,0.9433,0.4886,0.1036,0.2349,0.5312,0.5314
612,20.4204,42,0.7168,0.4342,0.1128,0.1909,0.8327,0.5506
613,20.4538,7,0.675,0.9805,0.0474,0.037,0.3582,1.0
613,20.4538,27,0.3312,0.4466,0.09,0.0912,0.669,0.9336
613,20.4538,28,0.558,0.1359,0.0791,0.2718,0.7165,0.2773
613,20.4538,32,0.0796,0.3785,0.1593,0.129,0.8565,0.8358
613,20.4538,36,0.7908,0.3408,0.0717,0.1274,0.3574,0.7812
613,20.4538,37,0.5744,0.485,0.1613,0.3621,0.6412,0.113
613,20.4538,38,0.881,0.0538,0.076,0.1069,0.8224,0.7484
613,20.4538,39,0.4075,0.5252,0.0468,0.0563,0.3799,0.9557
613,20.4538,41,0.9452,0.4828,0.1021,0.2397,0.3198,0.5314
613,20.4538,42,0.7175,0.4351,0.1134,0.1915,0.8497,0.5506
614,20.4871,7,0.675,0.9805,0.0475,0.0371,0.3812,1.0
614,20.4871,27,0.3304,0.4471,0.0912,0.0924,0.7138,0.9336
614,20.4871,28,0.5606,0.1371,0.0788,0.2742,0.6874,0.2773
614,20.4871,32,0.0788,0.3776,0.1576,0.1283,0.7574,0.8358
614,20.4871,33,0.8598,0.4193,0.0267,0.054,0.2867,0.9479
614,20.4871,36,0.7876,0.3407,0.0693,0.1242,0.5622,0.7812
614,20.4871,37,0.5732,0.4839,0.1587,0.3634,0.59,0.113
614,20.4871,38,0.8787,0.0553,0.0783,0.11,0.8106,0.7484
614,20.4871,39,0.4055,0.5266,0.0486,0.0585,0.3379,0.9557
614,20.4871,42,0.7178,0.4362,0.114,0.1919,0.8153,0.5506
614,20.4871,43,0.8475,0.2954,0.0293,0.0482,0.5237,0.9523
615,20.5205,7,0.675,0.9805,0.0476,0.0371,0.3911,1.0
615,20.5205,27,0.3299,0.4477,0.0923,0.0937,0.6887,0.9336
615,20.5205,28,0.5631,0.1377,0.0782,0.2755,0.7528,0.2773
615,20.5205,32,0.0775,0.3776,0.1534,0.1245,0.7333,0.8358
615,20.5205,33,0.8576,0.4194,0.0268,0.0538,0.4889,0.9479
615,20.5205,36,0.7856,0.3404,0.0681,0.1231,0.5841,0.7812
615,20.5205,37,0.5736,0.4816,0.1572,0.3669,0.5826,0.113
615,20.5205,38,0.8763,0.057,0.0806,0.1134,0.7725,0.7484
615,20.5205,39,0.4036,0.5278,0.0502,0.0604,0.363,0.9557
615,20.5205,42,0.7176,0.4373,0.1143,0.1923,0.8528,0.5506
615,20.5205,43,0.8473,0.295,0.0295,0.0485,0.4684,0.9523
616,20.5539,7,0.675,0.9805,0.0477,0.0372,0.3616,1.0
616,20.5539,27,0.3299,0.4485,0.0928,0.0942,0.7028,0.9336
616,20.5539,28,0.5658,0.1376,0.0772,0.2753,0.7715,0.2773
616,20.5539,32,0.0762,0.3778,0.1481,0.1192,0.4891,0.8358
616,20.5539,33,0.855,0.4194,0.0269,0.0536,0.2831,0.9479
616,20.5539,36,0.7838,0.3407,0.0686,0.1253,0.6307,0.7812
616,20.5539,37,0.5718,0.4804,0.1555,0.3681,0.6636,0.113
616,20.5539,38,0.8739,0.0588,0.083,0.1171,0.5812,0.7484
616,20.5539,39,0.4025,0.5288,0.0512,0.0618,0.332,0.9557
616,20.5539,42,0.7168,0.4384,0.1147,0.1927,0.8605,0.5506
616,20.5539,43,0.8472,0.2948,0.0296,0.0488,0.4398,0.9523
617,20.5872,7,0.675,0.9805,0.0477,0.0372,0.3384,1.0
617,20.5872,27,0.3302,0.4498,0.0928,0.0942,0.7313,0.9336
617,20.5872,28,0.5685,0.1372,0.076,0.2744,0.7274,0.2773
617,20.5872,32,0.075,0.3785,0.1429,0.1138,0.6942,0.8358
617,20.5872,33,0.8526,0.4192,0.0272,0.0537,0.2694,0.9479
617,20.5872,36,0.7818,0.3411,0.0697,0.1287,0.6053,0.7812
617,20.5872,37,0.5699,0.4792,0.1549,0.3689,0.6393,0.113
617,20.5872,38,0.8716,0.0605,0.085,0.1205,0.7637,0.7484
617,20.5872,39,0.4014,0.5289,0.0508,0.0613,0.2724,0.9557
617,20.5872,42,0.7154,0.4395,0.1148,0.1929,0.8338,0.5506
617,20.5872,43,0.8466,0.2946,0.0297,0.0489,0.4405,0.9523
618,20.6206,7,0.675,0.9805,0.0477,0.0372,0.3436,1.0
618,20.6206,27,0.3307,0.4509,0.0928,0.0941,0.7195,0.9336
618,20.6206,28,0.5712,0.1365,0.0748,0.273,0.7261,0.2773
618,20.6206,32,0.0735,0.3793,0.1379,0.1083,0.7182,0.8358
618,20.6206,33,0.8508,0.4193,0.0271,0.053,0.4055,0.9479
618,20.6206,36,0.7804,0.3411,0.0704,0.1316,0.7017,0.7812
618,20.6206,37,0.5672,0.4782,0.1548,0.3688,0.6104,0.113
618,20.6206,38,0.8696,0.0621,0.0867,0.1239,0.8368,0.7484
618,20.6206,39,0.3999,0.5289,0.0509,0.0609,0.3261,0.9557
618,20.6206,42,0.7136,0.4408,0.1149,0.1931,0.8454,0.5506
618,20.6206,43,0.8459,0.2942,0.03,0.0493,0.3627,0.9523
619,20.654,7,0.675,0.9805,0.0477,0.0372,0.3568,1.0
619,20.654,27,0.3315,0.4523,0.0925,0.0937,0.7485,0.9336
619,20.654,28,0.5739,0.1354,0.0736,0.2708,0.7563,0.2773
619,20.654,32,0.0717,0.3803,0.1331,0.1026,0.7753,0.8358
619,20.654,33,0.8489,0.4195,0.0268,0.0518,0.2779,0.9479
619,20.654,36,0.7791,0.341,0.071,0.1343,0.6378,0.7812
619,20.654,37,0.565,0.4773,0.155,0.3684,0.569,0.113
619,20.654,38,0.8675,0.0639,0.0885,0.1275,0.8574,0.7484
619,20.654,39,0.3982,0.5289,0.0511,0.0603,0.3558,0.9557
619,20.654,42,0.7113,0.442,0.115,0.1933,0.8444,0.5506
619,20.654,43,0.8451,0.2938,0.0301,0.0495,0.3053,0.9523
620,20.6873,7,0.675,0.9805,0.0477,0.0372,0.3583,1.0
620,20.6873,27,0.3327,0.4536,0.0925,0.0933,0.7351,0.9336
620,20.6873,28,0.5768,0.1344,0.0726,0.2686,0.7499,0.2773
620,20.6873,32,0.0699,0.3813,0.1287,0.0973,0.7679,0.8358
620,20.6873,33,0.8456,0.4178,0.0281,0.054,0.3231,0.9479
620,20.6873,36,0.7778,0.3408,0.0714,0.1369,0.6562,0.7812
620,20.6873,37,0.5631,0.4766,0.1556,0.3683,0.3828,0.113
620,20.6873,38,0.8658,0.0649,0.089,0.1293,0.8513,0.7484
620,20.6873,42,0.7089,0.4433,0.115,0.1935,0.8143,0.5506
621,20.7207,7,0.675,0.9805,0.0477,0.0372,0.3682,1.0
621,20.7207,27,0.3341,0.4546,0.0927,0.0931,0.6608,0.9336
621,20.7207,28,0.5797,0.1326,0.0715,0.2651,0.7393,0.2773
621,20.7207,32,0.0676,0.3824,0.1237,0.0917,0.8062,0.8358
621,20.7207,33,0.8424,0.416,0.0294,0.0564,0.3452,0.9479
621,20.7207,36,0.776,0.3408,0.0714,0.1382,0.6437,0.7812
621,20.7207,37,0.5615,0.4765,0.1565,0.3677,0.6424,0.113
621,20.7207,38,0.8645,0.0658,0.0892,0.1312,0.8368,0.7484
621,20.7207,42,0.7064,0.4446,0.115,0.1937,0.766,0.5506
622,20.7541,7,0.675,0.9805,0.0476,0.0371,0.3515,1.0
622,20.7541,27,0.3354,0.4555,0.0933,0.0933,0.4738,0.9336
622,20.7541,28,0.5829,0.1304,0.0704,0.2606,0.5901,0.2773
622,20.7541,32,0.0655,0.3824,0.121,0.0889,0.7965,0.8358
622,20.7541,33,0.8394,0.4143,0.0305,0.0587,0.2511,0.9479
622,20.7541,36,0.7739,0.3409,0.0716,0.1396,0.5844,0.7812
622,20.7541,37,0.5604,0.4768,0.157,0.3659,0.5845,0.113
622,20.7541,38,0.8634,0.0668,0.0893,0.1333,0.8031,0.7484
622,20.7541,41,0.9475,0.4775,0.0999,0.2444,0.307,0.5314
622,20.7541,42,0.704,0.446,0.115,0.1938,0.7971,0.5506
622,20.7541,43,0.8445,0.2937,0.0302,0.0495,0.3046,0.9523
623,20.7874,7,0.675,0.9805,0.0475,0.037,0.3383,1.0
623,20.7874,27,0.3365,0.4562,0.0939,0.0934,0.4107,0.9336
623,20.7874,28,0.5864,0.1278,0.0693,0.2554,0.5268,0.2773
623,20.7874,32,0.0635,0.3821,0.1194,0.0873,0.6919,0.8358
623,20.7874,36,0.7717,0.3402,0.0706,0.1385,0.5188,0.7812
623,20.7874,37,0.5603,0.4767,0.1578,0.3649,0.5448,0.113
623,20.7874,38,0.8626,0.0678,0.0891,0.1352,0.8037,0.7484
623,20.7874,42,0.702,0.4475,0.115,0.1938,0.6616,0.5506
623,20.7874,43,0.8438,0.2936,0.0301,0.0493,0.3337,0.9523
624,20.8208,7,0.675,0.9805,0.0475,0.037,0.3482,1.0
624,20.8208,27,0.3375,0.457,0.0942,0.0932,0.476,0.9336
624,20.8208,28,0.5903,0.1259,0.0687,0.2515,0.4958,0.2773
624,20.8208,32,0.0608,0.3811,0.1168,0.0852,0.7204,0.8358
624,20.8208,36,0.7694,0.3394,0.0691,0.136,0.491,0.7812
624,20.8208,37,0.5599,0.4766,0.1574,0.3617,0.5513,0.113
624,20.8208,38,0.862,0.0689,0.0889,0.1374,0.7508,0.7484
624,20.8208,42,0.7002,0.4491,0.1149,0.1937,0.7274,0.5506
624,20.8208,43,0.8431,0.2935,0.03,0.049,0.3854,0.9523
625,20.8542,7,0.675,0.9805,0.0475,0.037,0.3408,1.0
625,20.8542,27,0.3381,0.4581,0.0942,0.0925,0.6248,0.9336
625,20.8542,28,0.5945,0.1238,0.0684,0.2473,0.4753,0.2773
625,20.8542,32,0.0581,0.3801,0.1134,0.083,0.7705,0.8358
625,20.8542,36,0.7671,0.3386,0.0675,0.1332,0.4873,0.7812
625,20.8542,37,0.5605,0.4768,0.1562,0.3571,0.4838,0.113
625,20.8542,38,0.8613,0.07,0.0886,0.1396,0.7249,0.7484
625,20.8542,39,0.3961,0.5289,0.0516,0.0599,0.266,0.9557
625,20.8542,42,0.6988,0.4507,0.115,0.1938,0.7443,0.5506
625,20.8542,43,0.8421,0.2927,0.03,0.0491,0.3913,0.9523
626,20.8875,7,0.675,0.9805,0.0475,0.037,0.3304,1.0
626,20.8875,27,0.3383,0.459,0.0944,0.092,0.6043,0.9336
626,20.8875,28,0.599,0.1225,0.0687,0.2447,0.5386,0.2773
626,20.8875,32,0.0559,0.3792,0.1102,0.0809,0.6805,0.8358
626,20.8875,36,0.7648,0.338,0.0661,0.1302,0.5393,0.7812
626,20.8875,37,0.5609,0.4773,0.1548,0.3516,0.5753,0.113
626,20.8875,38,0.8608,0.071,0.0879,0.1416,0.6563,0.7484
626,20.8875,42,0.6976,0.4524,0.1149,0.1937,0.7371,0.5506
626,20.8875,43,0.8415,0.2917,0.0299,0.0493,0.4026,0.9523
627,20.9209,7,0.675,0.9805,0.0475,0.037,0.2845,1.0
627,20.9209,27,0.3379,0.4597,0.0949,0.0918,0.6627,0.9336
627,20.9209,28,0.6039,0.1212,0.0695,0.2421,0.636,0.2773
627,20.9209,32,0.0542,0.3787,0.1077,0.0795,0.292,0.8358
627,20.9209,36,0.7624,0.3377,0.0651,0.1281,0.5514,0.7812
627,20.9209,37,0.561,0.477,0.154,0.3473,0.5095,0.113
627,20.9209,38,0.8603,0.0721,0.0872,0.1439,0.7404,0.7484
627,20.9209,39,0.3939,0.5289,0.0523,0.0597,0.3782,0.9557
627,20.9209,42,0.6966,0.4542,0.1149,0.1935,0.7148,0.5506
627,20.9209,43,0.841,0.2905,0.03,0.0498,0.2885,0.9523
628,20.9543,27,0.3372,0.4604,0.0955,0.0918,0.738,0.9336
628,20.9543,28,0.6088,0.1203,0.0709,0.2404,0.6158,0.2773
628,20.9543,32,0.0532,0.3788,0.106,0.0788,0.3421,0.8358
628,20.9543,33,0.8367,0.4127,0.0316,0.0611,0.4278,0.9479
628,20.9543,36,0.7602,0.3376,0.0649,0.1276,0.565,0.7812
628,20.9543,37,0.5615,0.4761,0.1531,0.3426,0.535,0.113
628,20.9543,38,0.8599,0.0728,0.086,0.1454,0.7792,0.7484
628,20.9543,39,0.3914,0.5289,0.0533,0.0595,0.3141,0.9557
628,20.9543,42,0.6968,0.4561,0.1145,0.193,0.7076,0.5506
629,20.9876,27,0.336,0.4611,0.0961,0.0918,0.7572,0.9336
629,20.9876,28,0.6138,0.1192,0.0728,0.2381,0.6535,0.2773
629,20.9876,32,0.052,0.3789,0.1038,0.0781,0.4622,0.8358
629,20.9876,33,0.8341,0.4109,0.0327,0.0636,0.4374,0.9479
629,20.9876,36,0.758,0.3381,0.0646,0.1267,0.5739,0.7812
629,20.9876,37,0.5619,0.4748,0.1525,0.339,0.5252,0.113
629,20.9876,38,0.8595,0.0732,0.0843,0.1461,0.7535,0.7484
629,20.9876,39,0.3888,0.529,0.0546,0.0594,0.2519,0.9557
629,20.9876,42,0.6972,0.4581,0.1141,0.1924,0.7571,0.5506
630,21.021,27,0.3344,0.4619,0.0968,0.0918,0.7095,0.9336
630,21.021,28,0.6171,0.118,0.0748,0.2358,0.5907,0.2773
630,21.021,32,0.0509,0.3792,0.1018,0.0782,0.329,0.8358
630,21.021,33,0.8316,0.4087,0.034,0.0668,0.4066,0.9479
630,21.021,36,0.7558,0.339,0.0643,0.1257,0.2843,0.7812
630,21.021,37,0.5623,0.4737,0.1514,0.3346,0.4401,0.113
630,21.021,38,0.859,0.0731,0.0823,0.1461,0.7293,0.7484
630,21.021,39,0.3872,0.5292,0.0562,0.0596,0.2755,0.9557
630,21.021,40,0.4151,0.4387,0.0349,0.0409,0.4228,0.9837
630,21.021,41,0.9501,0.4725,0.0968,0.2485,0.4492,0.5314
630,21.021,42,0.6981,0.4601,0.1135,0.1915,0.715,0.5506
631,21.0544,27,0.3322,0.4623,0.0978,0.0924,0.7321,0.9336
631,21.0544,28,0.6203,0.1159,0.0768,0.2315,0.6064,0.2773
631,21.0544,32,0.0503,0.3798,0.1006,0.0789,0.5814,0.8358
631,21.0544,33,0.8292,0.4064,0.0355,0.0704,0.4851,0.9479
631,21.0544,36,0.7533,0.3409,0.0637,0.124,0.551,0.7812
631,21.0544,37,0.5629,0.4724,0.1512,0.3327,0.4176,0.113
631,21.0544,38,0.8583,0.073,0.0803,0.1458,0.792,0.7484
631,21.0544,39,0.3862,0.5295,0.0575,0.0596,0.3148,0.9557
631,21.0544,40,0.4149,0.4352,0.034,0.0406,0.457,0.9837
631,21.0544,41,0.9522,0.4682,0.0941,0.2518,0.4383,0.5314
631,21.0544,42,0.6992,0.4625,0.1128,0.1902,0.6973,0.5506
632,21.0877,27,0.3299,0.4626,0.0989,0.0931,0.7531,0.9336
632,21.0877,28,0.6237,0.114,0.0792,0.2276,0.4009,0.2773
632,21.0877,32,0.0499,0.3807,0.0997,0.0798,0.4847,0.8358
632,21.0877,33,0.8284,0.4059,0.0353,0.0705,0.3667,0.9479
632,21.0877,36,0.7508,0.3425,0.0638,0.1238,0.5352,0.7812
632,21.0877,37,0.5637,0.471,0.1511,0.3318,0.5406,0.113
632,21.0877,38,0.8577,0.0729,0.0785,0.1455,0.8126,0.7484
632,21.0877,39,0.3853,0.5296,0.0593,0.0601,0.3815,0.9557
632,21.0877,40,0.4149,0.4316,0.0333,0.0405,0.4323,0.9837
632,21.0877,41,0.9542,0.4647,0.0917,0.2553,0.4888,0.5314
632,21.0877,42,0.7003,0.4651,0.1118,0.1883,0.8129,0.5506
632,21.0877,43,0.8405,0.2893,0.0302,0.0507,0.3274,0.9523
633,21.1211,27,0.3276,0.4629,0.1,0.0938,0.7368,0.9336
633,21.1211,28,0.6277,0.112,0.0818,0.2238,0.4022,0.2773
633,21.1211,33,0.8276,0.4053,0.035,0.0705,0.3801,0.9479
633,21.1211,36,0.7481,0.3438,0.0641,0.1239,0.3474,0.7812
633,21.1211,37,0.5646,0.4701,0.1506,0.3305,0.5634,0.113
633,21.1211,38,0.857,0.0733,0.0774,0.1463,0.792,0.7484
633,21.1211,40,0.415,0.4281,0.0327,0.0408,0.5165,0.9837
633,21.1211,41,0.9556,0.4678,0.0887,0.2529,0.588,0.5314
633,21.1211,42,0.7014,0.4678,0.1109,0.1863,0.8002,0.5506
633,21.1211,43,0.84,0.2879,0.0304,0.0517,0.3939,0.9523
634,21.1545,7,0.6749,0.9804,0.0476,0.037,0.2735,1.0
634,21.1545,27,0.3253,0.4631,0.1007,0.0942,0.7881,0.9336
634,21.1545,28,0.6321,0.1103,0.0847,0.2203,0.7887,0.2773
634,21.1545,32,0.0494,0.3815,0.0987,0.0808,0.4191,0.8358
634,21.1545,33,0.8268,0.4045,0.0347,0.0702,0.326,0.9479
634,21.1545,36,0.7455,0.3462,0.0635,0.1218,0.4257,0.7812
634,21.1545,37,0.566,0.4703,0.149,0.3271,0.5947,0.113
634,21.1545,38,0.8562,0.0733,0.0759,0.1462,0.6496,0.7484
634,21.1545,39,0.3847,0.5297,0.0614,0.0609,0.3398,0.9557
634,21.1545,40,0.4162,0.4272,0.0327,0.0412,0.4952,0.9837
634,21.1545,41,0.9563,0.4707,0.0872,0.2494,0.5986,0.5314
634,21.1545,42,0.7021,0.4703,0.11,0.1843,0.8208,0.5506
634,21.1545,43,0.8396,0.2864,0.0308,0.0531,0.2897,0.9523
635,21.1878,7,0.6749,0.9804,0.0477,0.0371,0.3419,1.0
635,21.1878,27,0.323,0.4634,0.1012,0.0945,0.7963,0.9336
635,21.1878,28,0.6376,0.1091,0.0877,0.218,0.8139,0.2773
635,21.1878,32,0.0479,0.3809,0.0957,0.0802,0.4526,0.8358
635,21.1878,36,0.7429,0.3491,0.0624,0.1185,0.404,0.7812
635,21.1878,37,0.5675,0.471,0.1475,0.324,0.4834,0.113
635,21.1878,38,0.8555,0.0731,0.0745,0.1458,0.8216,0.7484
635,21.1878,39,0.3838,0.5296,0.0627,0.0606,0.3804,0.9557
635,21.1878,40,0.4173,0.4265,0.0329,0.0416,0.5084,0.9837
635,21.1878,41,0.9561,0.4737,0.0867,0.2456,0.5241,0.5314
635,21.1878,42,0.7016,0.4728,0.1093,0.1824,0.7965,0.5506
635,21.1878,43,0.8393,0.2847,0.0311,0.0544,0.3143,0.9523
636,21.2212,7,0.6749,0.9803,0.0479,0.0372,0.3744,1.0
636,21.2212,27,0.3208,0.4637,0.1014,0.0945,0.8045,0.9336
636,21.2212,28,0.644,0.109,0.0907,0.2179,0.8051,0.2773
636,21.2212,32,0.0462,0.38,0.0924,0.0797,0.4418,0.8358
636,21.2212,33,0.8259,0.4034,0.0347,0.0704,0.4434,0.9479
636,21.2212,36,0.7402,0.3507,0.0624,0.1175,0.4169,0.7812
636,21.2212,37,0.5695,0.472,0.146,0.3208,0.5217,0.113
636,21.2212,38,0.8547,0.073,0.0734,0.1455,0.8446,0.7484
636,21.2212,39,0.3824,0.5293,0.0644,0.0607,0.4359,0.9557
636,21.2212,40,0.4181,0.4259,0.0331,0.0422,0.4905,0.9837
636,21.2212,41,0.9553,0.4765,0.087,0.2419,0.6255,0.5314
636,21.2212,42,0.701,0.4751,0.1086,0.1805,0.8127,0.5506
636,21.2212,43,0.8392,0.2837,0.0313,0.0556,0.4079,0.9523
637,21.2546,7,0.6748,0.9803,0.048,0.0373,0.3658,1.0
637,21.2546,27,0.319,0.464,0.1016,0.0945,0.7858,0.9336
637,21.2546,28,0.6531,0.1095,0.0936,0.2188,0.8273,0.2773
637,21.2546,32,0.0446,0.38,0.0893,0.0789,0.5875,0.8358
637,21.2546,33,0.8251,0.4022,0.035,0.0708,0.3405,0.9479
637,21.2546,36,0.7374,0.3519,0.0627,0.1171,0.4822,0.7812
637,21.2546,37,0.5716,0.4732,0.1446,0.3178,0.5995,0.113
637,21.2546,38,0.8539,0.0733,0.0728,0.1461,0.843,0.7484
637,21.2546,39,0.3806,0.5289,0.0662,0.0606,0.3249,0.9557
637,21.2546,40,0.4186,0.4252,0.033,0.0427,0.575,0.9837
637,21.2546,41,0.9539,0.4791,0.0879,0.2384,0.6146,0.5314
637,21.2546,42,0.7002,0.4771,0.1081,0.1789,0.8251,0.5506
637,21.2546,43,0.8392,0.2827,0.0315,0.0566,0.474,0.9523
638,21.2879,7,0.6748,0.9803,0.048,0.0373,0.3788,1.0
638,21.2879,27,0.3177,0.4642,0.1017,0.0944,0.8013,0.9336
638,21.2879,28,0.6633,0.1101,0.0959,0.2201,0.8194,0.2773
638,21.2879,33,0.8244,0.4007,0.035,0.0706,0.4291,0.9479
638,21.2879,36,0.735,0.3532,0.0626,0.1159,0.3276,0.7812
638,21.2879,37,0.5736,0.4746,0.1433,0.3146,0.5989,0.113
638,21.2879,38,0.853,0.0737,0.0723,0.1468,0.8372,0.7484
638,21.2879,40,0.419,0.4247,0.0329,0.0431,0.5854,0.9837
638,21.2879,41,0.9525,0.4811,0.0886,0.2356,0.6942,0.5314
638,21.2879,42,0.6992,0.4788,0.1077,0.1776,0.816,0.5506
638,21.2879,43,0.8392,0.2816,0.0315,0.0574,0.4738,0.9523
639,21.3213,7,0.6748,0.9803,0.048,0.0373,0.3967,1.0
639,21.3213,27,0.3169,0.4644,0.1019,0.0943,0.7799,0.9336
639,21.3213,28,0.6744,0.1106,0.0972,0.2212,0.783,0.2773
639,21.3213,33,0.8237,0.3991,0.0349,0.07,0.4378,0.9479
639,21.3213,36,0.7327,0.3551,0.0616,0.1129,0.4598,0.7812
639,21.3213,37,0.5753,0.476,0.1424,0.312,0.5636,0.113
639,21.3213,38,0.8524,0.0742,0.0719,0.1476,0.8211,0.7484
639,21.3213,40,0.4193,0.4242,0.0327,0.0436,0.4657,0.9837
639,21.3213,41,0.9509,0.4825,0.0893,0.2335,0.6263,0.5314
639,21.3213,42,0.6983,0.4802,0.1075,0.1768,0.7412,0.5506
639,21.3213,43,0.8392,0.2804,0.0313,0.0579,0.5465,0.9523
640,21.3547,7,0.6748,0.9804,0.0479,0.0373,0.4104,1.0
640,21.3547,27,0.3164,0.4646,0.1022,0.0943,0.7863,0.9336
640,21.3547,28,0.6859,0.1107,0.0973,0.2214,0.7791,0.2773
640,21.3547,33,0.8233,0.3974,0.0352,0.0701,0.4534,0.9479
640,21.3547,36,0.7304,0.3566,0.0613,0.111,0.3252,0.7812
640,21.3547,37,0.5766,0.4768,0.1419,0.3106,0.5632,0.113
640,21.3547,38,0.852,0.074,0.0711,0.1472,0.8414,0.7484
640,21.3547,40,0.4195,0.4237,0.0323,0.0439,0.416,0.9837
640,21.3547,41,0.9491,0.483,0.0906,0.2329,0.595,0.5314
640,21.3547,42,0.6978,0.4815,0.1074,0.1762,0.7408,0.5506
640,21.3547,43,0.8392,0.2792,0.031,0.0579,0.4188,0.9523
641,21.388,7,0.6748,0.9804,0.0479,0.0373,0.3677,1.0
641,21.388,27,0.3163,0.4648,0.1025,0.0942,0.7866,0.9336
641,21.388,28,0.6978,0.1102,0.096,0.2204,0.8233,0.2773
641,21.388,33,0.8229,0.396,0.0352,0.0698,0.5472,0.9479
641,21.388,36,0.7281,0.3567,0.0622,0.112,0.3358,0.7812
641,21.388,37,0.5774,0.4774,0.1417,0.3097,0.5803,0.113
641,21.388,38,0.8515,0.0742,0.0707,0.1475,0.8213,0.7484
641,21.388,39,0.3784,0.5285,0.0673,0.0599,0.2819,0.9557
641,21.388,40,0.4197,0.4234,0.0318,0.044,0.5438,0.9837
641,21.388,41,0.947,0.4828,0.0925,0.2337,0.672,0.5314
641,21.388,42,0.6977,0.4828,0.1071,0.1757,0.7172,0.5506
641,21.388,43,0.8392,0.2772,0.0307,0.0581,0.4691,0.9523
642,21.4214,7,0.6747,0.9804,0.0478,0.0373,0.3098,1.0
642,21.4214,27,0.3165,0.4649,0.1029,0.0941,0.7813,0.9336
642,21.4214,28,0.7095,0.1085,0.0929,0.217,0.7578,0.2773
642,21.4214,33,0.8226,0.3926,0.0372,0.0738,0.5527,0.9479
642,21.4214,36,0.7257,0.3562,0.0636,0.1144,0.4174,0.7812
642,21.4214,37,0.5776,0.4778,0.1416,0.3089,0.5953,0.113
642,21.4214,38,0.8508,0.0746,0.0705,0.1481,0.7969,0.7484
642,21.4214,40,0.4198,0.4231,0.0313,0.0439,0.5084,0.9837
642,21.4214,41,0.9449,0.4821,0.0951,0.2356,0.6393,0.5314
642,21.4214,42,0.698,0.4839,0.1069,0.1754,0.5726,0.5506
642,21.4214,43,0.8391,0.275,0.03,0.0572,0.4209,0.9523
643,21.4548,7,0.6747,0.9804,0.0478,0.0372,0.3487,1.0
643,21.4548,27,0.3169,0.465,0.1035,0.0941,0.7573,0.9336
643,21.4548,28,0.721,0.105,0.0878,0.21,0.815,0.2773
643,21.4548,32,0.0426,0.3795,0.0852,0.0762,0.3134,0.8358
643,21.4548,33,0.8221,0.3904,0.0378,0.0752,0.5283,0.9479
643,21.4548,36,0.7235,0.3566,0.0639,0.1149,0.3228,0.7812
643,21.4548,37,0.5775,0.4783,0.1416,0.3083,0.6083,0.113
643,21.4548,38,0.8502,0.075,0.0702,0.1487,0.8327,0.7484
643,21.4548,39,0.376,0.5281,0.0683,0.0592,0.3412,0.9557
643,21.4548,40,0.4199,0.4229,0.0307,0.0439,0.4859,0.9837
643,21.4548,41,0.9431,0.481,0.0979,0.2383,0.607,0.5314
643,21.4548,42,0.6984,0.485,0.1065,0.1752,0.549,0.5506
643,21.4548,43,0.8392,0.2727,0.029,0.0558,0.5088,0.9523
644,21.4881,7,0.6747,0.9804,0.0477,0.0372,0.3469,1.0
644,21.4881,27,0.3175,0.4652,0.1043,0.094,0.7475,0.9336
644,21.4881,28,0.7317,0.1,0.0812,0.2,0.8137,0.2773
644,21.4881,32,0.0403,0.3786,0.0805,0.0727,0.55,0.8358
644,21.4881,33,0.8219,0.389,0.0375,0.0746,0.5071,0.9479
644,21.4881,36,0.7214,0.3573,0.0639,0.115,0.357,0.7812
644,21.4881,37,0.5771,0.4787,0.1418,0.3078,0.6825,0.113
644,21.4881,38,0.8495,0.0753,0.07,0.1493,0.8476,0.7484
644,21.4881,39,0.3734,0.5278,0.069,0.0581,0.4623,0.9557
644,21.4881,40,0.42,0.4228,0.0303,0.044,0.4838,0.9837
644,21.4881,41,0.9412,0.4799,0.1009,0.241,0.6924,0.5314
644,21.4881,42,0.6976,0.486,0.1056,0.1749,0.344,0.5506
644,21.4881,43,0.8392,0.2704,0.0283,0.0545,0.5767,0.9523
645,21.5215,7,0.6746,0.9804,0.0477,0.0372,0.3581,1.0
645,21.5215,27,0.3179,0.4652,0.1052,0.0939,0.7439,0.9336
645,21.5215,28,0.7411,0.0961,0.075,0.1921,0.8088,0.2773
645,21.5215,32,0.0379,0.3772,0.0758,0.0693,0.5608,0.8358
645,21.5215,33,0.822,0.3884,0.0375,0.0745,0.5588,0.9479
645,21.5215,36,0.7193,0.357,0.0648,0.1173,0.4548,0.7812
645,21.5215,37,0.5768,0.4789,0.1421,0.3076,0.5906,0.113
645,21.5215,38,0.8487,0.0759,0.0698,0.1501,0.8592,0.7484
645,21.5215,39,0.3704,0.5267,0.0706,0.0578,0.3376,0.9557
645,21.5215,40,0.42,0.4227,0.0299,0.0439,0.4541,0.9837
645,21.5215,41,0.9394,0.4793,0.1035,0.2427,0.7033,0.5314
645,21.5215,42,0.6964,0.487,0.1042,0.1747,0.5998,0.5506
645,21.5215,43,0.8392,0.2683,0.0275,0.0532,0.3209,0.9523
645,21.5215,44,0.0252,0.1879,0.03,0.0882,0.769,0.8535
646,21.5549,7,0.6746,0.9805,0.0476,0.0371,0.3379,1.0
646,21.5549,27,0.318,0.4652,0.1061,0.0937,0.7244,0.9336
646,21.5549,28,0.7488,0.0924,0.0689,0.1848,0.7923,0.2773
646,21.5549,32,0.0352,0.3754,0.0704,0.0659,0.5054,0.8358
646,21.5549,33,0.8224,0.3876,0.0374,0.0736,0.5258,0.9479
646,21.5549,36,0.7167,0.3564,0.0658,0.1204,0.6054,0.7812
646,21.5549,37,0.5766,0.4792,0.1425,0.307,0.5571,0.113
646,21.5549,38,0.8478,0.0764,0.0696,0.1509,0.8663,0.7484
646,21.5549,39,0.3673,0.5256,0.0728,0.0583,0.3252,0.9557
646,21.5549,40,0.42,0.4227,0.0295,0.0438,0.4354,0.9837
646,21.5549,41,0.9374,0.4788,0.1063,0.2444,0.5806,0.5314
646,21.5549,42,0.6951,0.4879,0.1023,0.1742,0.5604,0.5506
646,21.5549,43,0.8392,0.2661,0.0269,0.0521,0.4298,0.9523
646,21.5549,44,0.0277,0.189,0.0305,0.0878,0.8135,0.8535
647,21.5882,7,0.6746,0.9805,0.0476,0.0371,0.3306,1.0
647,21.5882,27,0.3179,0.4652,0.1071,0.0936,0.7496,0.9336
647,21.5882,28,0.7552,0.0891,0.063,0.1782,0.7069,0.2773
647,21.5882,32,0.0331,0.3744,0.0661,0.0639,0.5152,0.8358
647,21.5882,33,0.8221,0.3869,0.0368,0.0719,0.5598,0.9479
647,21.5882,36,0.7144,0.3576,0.065,0.1198,0.4107,0.7812
647,21.5882,37,0.578,0.4807,0.1443,0.3091,0.409,0.113
647,21.5882,38,0.8466,0.0769,0.0692,0.1515,0.8522,0.7484
647,21.5882,39,0.3644,0.5249,0.074,0.0582,0.3337,0.9557
647,21.5882,40,0.42,0.4227,0.0291,0.0436,0.4345,0.9837
647,21.5882,41,0.9355,0.4789,0.1089,0.2454,0.3285,0.5314
647,21.5882,42,0.6937,0.4888,0.0999,0.1734,0.7033,0.5506
647,21.5882,43,0.8392,0.2638,0.0263,0.0511,0.4406,0.9523
647,21.5882,44,0.0307,0.1901,0.0312,0.0874,0.7748,0.8535
648,21.6216,7,0.6746,0.9805,0.0476,0.0371,0.3574,1.0
648,21.6216,27,0.3175,0.4652,0.1082,0.0934,0.8005,0.9336
648,21.6216,28,0.7601,0.0857,0.0572,0.1713,0.6564,0.2773
648,21.6216,32,0.0318,0.3743,0.0636,0.0618,0.4482,0.8358
648,21.6216,33,0.8217,0.3859,0.0363,0.0704,0.4588,0.9479
648,21.6216,36,0.7085,0.357,0.0631,0.1174,0.3647,0.7812
648,21.6216,37,0.5802,0.4827,0.1469,0.3127,0.2658,0.113
648,21.6216,38,0.8453,0.0773,0.069,0.1522,0.839,0.7484
648,21.6216,40,0.4201,0.4228,0.0287,0.0434,0.4327,0.9837
648,21.6216,41,0.9333,0.4794,0.1115,0.2456,0.4703,0.5314
648,21.6216,42,0.6924,0.4895,0.0971,0.1727,0.5785,0.5506
648,21.6216,43,0.8393,0.2621,0.0257,0.0498,0.4055,0.9523
648,21.6216,44,0.0341,0.1911,0.0318,0.0871,0.6331,0.8535
649,21.655,7,0.6746,0.9805,0.0476,0.0371,0.3134,1.0
649,21.655,27,0.3168,0.4652,0.1094,0.0933,0.7843,0.9336
649,21.655,28,0.7635,0.0823,0.0518,0.1646,0.7325,0.2773
649,21.655,32,0.0303,0.373,0.0606,0.0594,0.3777,0.8358
649,21.655,33,0.8214,0.3867,0.0338,0.0645,0.5811,0.9479
649,21.655,37,0.5849,0.4848,0.1506,0.3167,0.3913,0.113
649,21.655,38,0.8438,0.0778,0.0688,0.1528,0.8332,0.7484
649,21.655,40,0.4202,0.4229,0.0282,0.043,0.4623,0.9837
649,21.655,42,0.691,0.4903,0.0941,0.1718,0.6284,0.5506
649,21.655,43,0.8394,0.2606,0.0257,0.05,0.4468,0.9523
649,21.655,44,0.0408,0.1931,0.0328,0.0861,0.5561,0.8535
650,21.6883,7,0.6746,0.9805,0.0476,0.0371,0.303,1.0
650,21.6883,27,0.3156,0.4653,0.1106,0.0931,0.7554,0.9336
650,21.6883,28,0.7657,0.0801,0.0477,0.1603,0.7354,0.2773
650,21.6883,33,0.8211,0.3866,0.0323,0.0606,0.5051,0.9479
650,21.6883,38,0.8421,0.0784,0.0688,0.1536,0.8024,0.7484
650,21.6883,40,0.4205,0.423,0.0277,0.0426,0.4152,0.9837
650,21.6883,41,0.9307,0.4802,0.1142,0.2453,0.3726,0.5314
650,21.6883,42,0.6897,0.4909,0.0909,0.1708,0.6482,0.5506
650,21.6883,43,0.8396,0.2593,0.026,0.0506,0.4806,0.9523
650,21.6883,44,0.0483,0.1951,0.034,0.0853,0.6435,0.8535
651,21.7217,7,0.6746,0.9805,0.0476,0.0371,0.3379,1.0
651,21.7217,27,0.314,0.4653,0.1118,0.0929,0.7705,0.9336
651,21.7217,28,0.7671,0.0789,0.0446,0.1579,0.7621,0.2773
651,21.7217,32,0.0291,0.3717,0.0581,0.0583,0.2768,0.8358
651,21.7217,33,0.8206,0.3857,0.0316,0.0585,0.4773,0.9479
651,21.7217,36,0.7027,0.3562,0.0611,0.1147,0.3145,0.7812
651,21.7217,38,0.8404,0.0791,0.0689,0.1545,0.8381,0.7484
651,21.7217,39,0.3619,0.5244,0.0746,0.0577,0.2993,0.9557
651,21.7217,40,0.4208,0.4231,0.0271,0.0421,0.4308,0.9837
651,21.7217,41,0.9267,0.4818,0.1167,0.2429,0.2511,0.5314
651,21.7217,42,0.6897,0.4915,0.088,0.1698,0.7081,0.5506
651,21.7217,43,0.84,0.2578,0.0262,0.0511,0.6086,0.9523
651,21.7217,44,0.0559,0.197,0.0354,0.0846,0.6155,0.8535
652,21.7551,7,0.6746,0.9805,0.0476,0.0372,0.3342,1.0
652,21.7551,27,0.3121,0.4654,0.1129,0.0927,0.7449,0.9336
652,21.7551,28,0.7681,0.0765,0.041,0.1531,0.7878,0.2773
652,21.7551,33,0.8197,0.3841,0.0308,0.0566,0.5411,0.9479
652,21.7551,36,0.6968,0.3552,0.059,0.1118,0.2561,0.7812
652,21.7551,37,0.5908,0.4868,0.155,0.3211,0.3434,0.113
652,21.7551,38,0.8388,0.0796,0.0689,0.1551,0.8356,0.7484
652,21.7551,39,0.3596,0.5239,0.075,0.0571,0.2948,0.9557
652,21.7551,40,0.4211,0.4233,0.0266,0.0417,0.3637,0.9837
652,21.7551,41,0.9228,0.4833,0.12,0.2407,0.2767,0.5314
652,21.7551,42,0.69,0.4922,0.0852,0.1685,0.6501,0.5506
652,21.7551,43,0.8406,0.2562,0.0264,0.0515,0.5909,0.9523
652,21.7551,44,0.0638,0.1988,0.0368,0.0838,0.5131,0.8535
653,21.7884,7,0.6746,0.9805,0.0476,0.0372,0.3117,1.0
653,21.7884,27,0.31,0.4655,0.114,0.0924,0.7803,0.9336
653,21.7884,28,0.7689,0.0737,0.0375,0.1475,0.7617,0.2773
653,21.7884,33,0.8185,0.3824,0.0306,0.0562,0.6308,0.9479
653,21.7884,37,0.5975,0.4887,0.16,0.3257,0.3387,0.113
653,21.7884,38,0.8371,0.0798,0.0689,0.1555,0.841,0.7484
653,21.7884,40,0.4213,0.4234,0.0263,0.0414,0.4144,0.9837
653,21.7884,41,0.9188,0.4841,0.1243,0.2398,0.3104,0.5314
653,21.7884,42,0.6903,0.493,0.0826,0.1666,0.5637,0.5506
653,21.7884,43,0.8416,0.2549,0.0266,0.052,0.4261,0.9523
653,21.7884,44,0.0726,0.2006,0.0382,0.083,0.6702,0.8535
654,21.8218,7,0.6747,0.9805,0.0475,0.0371,0.3174,1.0
654,21.8218,27,0.3076,0.4655,0.115,0.0922,0.7835,0.9336
654,21.8218,28,0.7694,0.0708,0.0342,0.1415,0.7472,0.2773
654,21.8218,33,0.8179,0.3808,0.0305,0.0565,0.5817,0.9479
654,21.8218,37,0.6039,0.4908,0.1654,0.3302,0.4291,0.113
654,21.8218,38,0.8356,0.0798,0.0688,0.1557,0.8205,0.7484
654,21.8218,39,0.3576,0.5233,0.0755,0.0568,0.4024,0.9557
654,21.8218,40,0.4216,0.4236,0.026,0.0411,0.4345,0.9837
654,21.8218,42,0.6908,0.4938,0.0804,0.1648,0.4609,0.5506
654,21.8218,43,0.8427,0.2537,0.0271,0.053,0.5877,0.9523
654,21.8218,44,0.0808,0.2021,0.0396,0.0822,0.688,0.8535
655,21.8552,7,0.6747,0.9805,0.0475,0.0371,0.372,1.0
655,21.8552,27,0.305,0.4655,0.116,0.092,0.7884,0.9336
655,21.8552,28,0.7695,0.0677,0.0311,0.1353,0.7519,0.2773
655,21.8552,33,0.8176,0.3792,0.0306,0.0571,0.6121,0.9479
655,21.8552,37,0.6116,0.4929,0.1709,0.3348,0.3456,0.113
655,21.8552,38,0.8345,0.0796,0.0685,0.1554,0.8453,0.7484
655,21.8552,39,0.3558,0.5227,0.076,0.0564,0.4088,0.9557
655,21.8552,40,0.4218,0.4238,0.0256,0.0407,0.4402,0.9837
655,21.8552,42,0.6912,0.4939,0.0787,0.1637,0.4809,0.5506
655,21.8552,43,0.844,0.2529,0.0275,0.054,0.5336,0.9523
655,21.8552,44,0.0882,0.2036,0.0411,0.0815,0.6927,0.8535
656,21.8885,7,0.6747,0.9805,0.0474,0.0371,0.4582,1.0
656,21.8885,27,0.3021,0.4655,0.1171,0.0918,0.8007,0.9336
656,21.8885,28,0.7694,0.0647,0.0284,0.1294,0.7746,0.2773
656,21.8885,33,0.8173,0.3776,0.0307,0.0578,0.6097,0.9479
656,21.8885,37,0.6184,0.4936,0.1746,0.336,0.3418,0.113
656,21.8885,38,0.8336,0.0793,0.0683,0.1552,0.7793,0.7484
656,21.8885,39,0.3544,0.5229,0.0751,0.0549,0.3733,0.9557
656,21.8885,41,0.9149,0.4847,0.129,0.239,0.3598,0.5314
656,21.8885,42,0.6916,0.4939,0.0773,0.1625,0.3021,0.5506
656,21.8885,43,0.8454,0.2521,0.0278,0.0544,0.5867,0.9523
656,21.8885,44,0.0953,0.205,0.0425,0.0806,0.4206,0.8535
657,21.9219,7,0.6748,0.9806,0.0474,0.037,0.4581,1.0
657,21.9219,27,0.2993,0.4654,0.1182,0.0918,0.8188,0.9336
657,21.9219,28,0.7692,0.0615,0.0259,0.123,0.802,0.2773
657,21.9219,33,0.817,0.376,0.0306,0.0585,0.6036,0.9479
657,21.9219,37,0.6226,0.4933,0.1756,0.3333,0.4168,0.113
657,21.9219,38,0.8327,0.0788,0.0679,0.1546,0.7693,0.7484
657,21.9219,39,0.3531,0.5231,0.0745,0.0536,0.454,0.9557
657,21.9219,41,0.9112,0.485,0.1341,0.2384,0.4645,0.5314
657,21.9219,42,0.6918,0.4939,0.076,0.161,0.2992,0.5506
657,21.9219,43,0.8469,0.2512,0.0281,0.0549,0.5832,0.9523
657,21.9219,44,0.102,0.2064,0.0439,0.0797,0.5397,0.8535
658,21.9553,7,0.6748,0.9806,0.0473,0.037,0.4454,1.0
658,21.9553,27,0.2966,0.4654,0.1191,0.0916,0.81,0.9336
658,21.9553,28,0.7689,0.0582,0.0234,0.1162,0.8421,0.2773
658,21.9553,33,0.8169,0.3746,0.0306,0.0591,0.6219,0.9479
658,21.9553,37,0.6277,0.4923,0.18,0.3376,0.3594,0.113
658,21.9553,38,0.8322,0.078,0.0675,0.1537,0.8089,0.7484
658,21.9553,39,0.3521,0.5233,0.0743,0.0526,0.4606,0.9557
658,21.9553,41,0.908,0.4851,0.1392,0.2379,0.2767,0.5314
658,21.9553,42,0.6921,0.4932,0.0754,0.1608,0.2783,0.5506
658,21.9553,43,0.8483,0.2505,0.0284,0.0554,0.5866,0.9523
658,21.9553,44,0.109,0.2077,0.0454,0.0792,0.5443,0.8535
659,21.9886,7,0.6748,0.9806,0.0473,0.0369,0.4668,1.0
659,21.9886,27,0.294,0.4654,0.1201,0.0915,0.8061,0.9336
659,21.9886,28,0.7686,0.0549,0.0212,0.1094,0.8188,0.2773
659,21.9886,33,0.8166,0.3733,0.0303,0.0596,0.5991,0.9479
659,21.9886,37,0.6316,0.4943,0.1819,0.3362,0.2946,0.113
659,21.9886,38,0.8317,0.0772,0.067,0.1526,0.6908,0.7484
659,21.9886,39,0.3507,0.5231,0.0747,0.0522,0.4773,0.9557
659,21.9886,41,0.9047,0.485,0.1439,0.2375,0.4353,0.5314
659,21.9886,42,0.6926,0.4927,0.0747,0.1599,0.3313,0.5506
659,21.9886,43,0.8497,0.2498,0.0289,0.0563,0.5564,0.9523
659,21.9886,44,0.116,0.208,0.0478,0.0808,0.3611,0.8535
660,22.022,7,0.6748,0.9806,0.0472,0.0369,0.4608,1.0
660,22.022,27,0.2915,0.4654,0.1209,0.0913,0.7733,0.9336
660,22.022,28,0.7684,0.0533,0.02,0.1061,0.561,0.2773
660,22.022,33,0.8164,0.3723,0.0299,0.0596,0.625,0.9479
660,22.022,38,0.8313,0.0769,0.0669,0.1524,0.6138,0.7484
660,22.022,39,0.349,0.5228,0.0757,0.0523,0.4658,0.9557
660,22.022,41,0.9026,0.4844,0.1485,0.2385,0.3934,0.5314
660,22.022,42,0.6933,0.4907,0.0752,0.1619,0.4198,0.5506
660,22.022,43,0.8507,0.2492,0.0294,0.057,0.5151,0.9523
660,22.022,44,0.1222,0.2086,0.0495,0.0812,0.4582,0.8535
661,22.0554,7,0.6747,0.9806,0.0472,0.0369,0.4651,1.0
661,22.0554,27,0.2892,0.4655,0.1218,0.0912,0.764,0.9336
661,22.0554,28,0.768,0.0511,0.0187,0.1018,0.4944,0.2773
661,22.0554,33,0.8161,0.3713,0.0292,0.0593,0.5726,0.9479
661,22.0554,37,0.6344,0.4979,0.1839,0.3341,0.2699,0.113
661,22.0554,38,0.8315,0.0763,0.0665,0.1514,0.7809,0.7484
661,22.0554,39,0.3469,0.5225,0.0766,0.0526,0.4536,0.9557
661,22.0554,41,0.9003,0.4838,0.152,0.2394,0.3556,0.5314
661,22.0554,42,0.6981,0.4842,0.0755,0.1639,0.3358,0.5506
661,22.0554,43,0.8516,0.2486,0.03,0.0578,0.3202,0.9523
661,22.0554,44,0.1288,0.2097,0.0505,0.0809,0.3639,0.8535
662,22.0887,7,0.6747,0.9806,0.0472,0.0369,0.4344,1.0
662,22.0887,27,0.2872,0.4656,0.1225,0.091,0.7775,0.9336
662,22.0887,28,0.7676,0.0488,0.0173,0.0971,0.4212,0.2773
662,22.0887,33,0.8157,0.3705,0.0286,0.0589,0.5523,0.9479
662,22.0887,38,0.8318,0.0763,0.0667,0.1515,0.72,0.7484
662,22.0887,39,0.3443,0.5221,0.0775,0.0529,0.3026,0.9557
662,22.0887,41,0.8981,0.4835,0.1545,0.2399,0.3673,0.5314
662,22.0887,42,0.703,0.4781,0.0756,0.1662,0.3232,0.5506
662,22.0887,43,0.8529,0.2479,0.0304,0.0583,0.306,0.9523
662,22.0887,44,0.1358,0.2107,0.0512,0.0804,0.5772,0.8535
663,22.1221,7,0.6747,0.9806,0.0472,0.0369,0.4214,1.0
663,22.1221,27,0.2856,0.4657,0.1234,0.0908,0.7332,0.9336
663,22.1221,33,0.8152,0.3698,0.0279,0.0584,0.4912,0.9479
663,22.1221,38,0.8331,0.0757,0.0664,0.1505,0.7142,0.7484
663,22.1221,39,0.3415,0.5217,0.0782,0.0533,0.4271,0.9557
663,22.1221,41,0.8961,0.4834,0.1559,0.2398,0.5261,0.5314
663,22.1221,42,0.7079,0.4716,0.0758,0.1698,0.3384,0.5506
663,22.1221,43,0.8542,0.2474,0.0309,0.059,0.3315,0.9523
663,22.1221,44,0.1425,0.2118,0.0518,0.08,0.3912,0.8535
664,22.1555,7,0.6747,0.9805,0.0472,0.0369,0.4111,1.0
664,22.1555,27,0.2843,0.4659,0.1243,0.0908,0.7006,0.9336
664,22.1555,33,0.8145,0.3693,0.0273,0.0581,0.5808,0.9479
664,22.1555,38,0.8351,0.0747,0.0656,0.1486,0.765,0.7484
664,22.1555,39,0.3384,0.5213,0.0787,0.0537,0.3663,0.9557
664,22.1555,41,0.8941,0.4833,0.1564,0.2394,0.6272,0.5314
664,22.1555,43,0.8548,0.2472,0.0315,0.0599,0.4922,0.9523
664,22.1555,44,0.1493,0.2129,0.0522,0.0799,0.5473,0.8535
664,22.1555,45,0.964,0.3858,0.0721,0.1488,0.5489,0.7329
665,22.1888,7,0.6748,0.9805,0.0472,0.0369,0.3989,1.0
665,22.1888,27,0.2832,0.4661,0.1254,0.0909,0.7126,0.9336
665,22.1888,33,0.8137,0.3687,0.0269,0.058,0.4092,0.9479
665,22.1888,38,0.8368,0.0752,0.0661,0.1496,0.623,0.7484
665,22.1888,39,0.337,0.521,0.0793,0.0541,0.4587,0.9557
665,22.1888,41,0.8919,0.4833,0.1562,0.2386,0.5258,0.5314
665,22.1888,43,0.8558,0.247,0.0319,0.0603,0.2796,0.9523
665,22.1888,44,0.1559,0.2138,0.0523,0.0795,0.5614,0.8535
665,22.1888,45,0.9639,0.3855,0.0721,0.1487,0.2754,0.7329
666,22.2222,7,0.6748,0.9805,0.0472,0.0369,0.4308,1.0
666,22.2222,27,0.2823,0.4664,0.1266,0.0911,0.7209,0.9336
666,22.2222,33,0.813,0.3682,0.0264,0.0577,0.4896,0.9479
666,22.2222,38,0.8388,0.0764,0.067,0.1519,0.7161,0.7484
666,22.2222,39,0.3353,0.5208,0.0795,0.0542,0.4211,0.9557
666,22.2222,41,0.8903,0.4834,0.1558,0.2375,0.3956,0.5314
666,22.2222,43,0.8569,0.2469,0.0322,0.0608,0.3952,0.9523
666,22.2222,44,0.1624,0.2158,0.0513,0.0775,0.7233,0.8535
666,22.2222,45,0.964,0.3853,0.0721,0.1487,0.2634,0.7329
667,22.2556,7,0.6748,0.9805,0.0471,0.0369,0.4279,1.0
667,22.2556,27,0.2815,0.4666,0.128,0.0914,0.6903,0.9336
667,22.2556,33,0.8122,0.3676,0.0261,0.0575,0.4185,0.9479
667,22.2556,36,0.6909,0.3542,0.057,0.1091,0.4586,0.7812
667,22.2556,38,0.8411,0.0755,0.0663,0.1501,0.5103,0.7484
667,22.2556,39,0.3336,0.5206,0.0798,0.0545,0.3278,0.9557
667,22.2556,41,0.8888,0.4839,0.1547,0.2353,0.4299,0.5314
667,22.2556,44,0.1688,0.2173,0.0508,0.0766,0.7157,0.8535
667,22.2556,45,0.964,0.3851,0.072,0.1487,0.3167,0.7329
668,22.2889,7,0.6748,0.9805,0.0471,0.0369,0.4318,1.0
668,22.2889,27,0.2808,0.4668,0.1294,0.0918,0.6836,0.9336
668,22.2889,33,0.8114,0.3672,0.0257,0.0573,0.6047,0.9479
668,22.2889,36,0.6851,0.3533,0.0551,0.1068,0.3765,0.7812
668,22.2889,38,0.843,0.0757,0.0665,0.1505,0.6813,0.7484
668,22.2889,41,0.8877,0.4841,0.1539,0.2334,0.5081,0.5314
668,22.2889,43,0.858,0.2469,0.0323,0.061,0.3412,0.9523
668,22.2889,44,0.1748,0.2185,0.0505,0.0764,0.4242,0.8535
668,22.2889,45,0.9627,0.3844,0.0725,0.1494,0.5445,0.7329
669,22.3223,7,0.6748,0.9805,0.0471,0.0368,0.4121,1.0
669,22.3223,27,0.2799,0.4671,0.1311,0.0922,0.7043,0.9336
669,22.3223,33,0.8105,0.367,0.0254,0.0571,0.5745,0.9479
669,22.3223,36,0.6796,0.3526,0.0534,0.1047,0.5345,0.7812
669,22.3223,38,0.8449,0.0747,0.0658,0.1485,0.6803,0.7484
669,22.3223,41,0.8869,0.4842,0.1535,0.2319,0.513,0.5314
669,22.3223,43,0.8593,0.2471,0.032,0.0605,0.3237,0.9523
669,22.3223,44,0.1807,0.2195,0.0501,0.0764,0.5005,0.8535
669,22.3223,45,0.9616,0.3884,0.0723,0.1472,0.4269,0.7329
670,22.3557,7,0.6748,0.9805,0.047,0.0368,0.3879,1.0
670,22.3557,27,0.2787,0.4675,0.1329,0.0928,0.7027,0.9336
670,22.3557,33,0.8094,0.3668,0.0251,0.0569,0.5241,0.9479
670,22.3557,36,0.6739,0.3508,0.0528,0.1051,0.5502,0.7812
670,22.3557,38,0.8463,0.0736,0.0653,0.1464,0.7111,0.7484
670,22.3557,41,0.8861,0.4841,0.1531,0.2302,0.5319,0.5314
670,22.3557,44,0.1856,0.2205,0.0499,0.0765,0.6241,0.8535
670,22.3557,45,0.9605,0.3927,0.0727,0.1456,0.4539,0.7329
671,22.389,7,0.6748,0.9806,0.0469,0.0367,0.4105,1.0
671,22.389,27,0.277,0.4679,0.1348,0.0934,0.7873,0.9336
671,22.389,33,0.8082,0.3667,0.0249,0.0568,0.55,0.9479
671,22.389,36,0.6718,0.351,0.0531,0.1072,0.6088,0.7812
671,22.389,38,0.8473,0.0729,0.0653,0.1452,0.7407,0.7484
671,22.389,41,0.8852,0.4839,0.1531,0.2291,0.4177,0.5314
671,22.389,43,0.8604,0.2477,0.0318,0.0601,0.2815,0.9523
671,22.389,44,0.1907,0.2216,0.0495,0.0767,0.7899,0.8535
672,22.4224,7,0.6748,0.9806,0.0468,0.0366,0.4237,1.0
672,22.4224,27,0.2747,0.4683,0.1368,0.094,0.7298,0.9336
672,22.4224,33,0.8069,0.3666,0.0245,0.0564,0.4745,0.9479
672,22.4224,36,0.6695,0.3514,0.0539,0.1103,0.3631,0.7812
672,22.4224,38,0.8484,0.0708,0.0642,0.141,0.6172,0.7484
672,22.4224,41,0.8845,0.4834,0.1533,0.2286,0.6202,0.5314
672,22.4224,43,0.8612,0.2484,0.0318,0.0597,0.3758,0.9523
672,22.4224,44,0.195,0.2227,0.0495,0.0774,0.575,0.8535
673,22.4558,7,0.6748,0.9806,0.0467,0.0365,0.3865,1.0
673,22.4558,27,0.2719,0.4686,0.1388,0.0947,0.6947,0.9336
673,22.4558,33,0.8054,0.3666,0.0243,0.0563,0.4096,0.9479
673,22.4558,36,0.667,0.3519,0.0553,0.114,0.53,0.7812
673,22.4558,37,0.6371,0.5026,0.1854,0.3304,0.3566,0.113
673,22.4558,38,0.8493,0.0679,0.0627,0.1353,0.7627,0.7484
673,22.4558,41,0.8843,0.4825,0.1536,0.2286,0.6248,0.5314
673,22.4558,43,0.8627,0.2491,0.0316,0.0591,0.3164,0.9523
673,22.4558,44,0.1985,0.2237,0.0496,0.078,0.3364,0.8535
674,22.4891,7,0.6748,0.9807,0.0466,0.0364,0.3745,1.0
674,22.4891,27,0.2683,0.469,0.1407,0.0952,0.7598,0.9336
674,22.4891,33,0.8039,0.3668,0.0241,0.0563,0.4691,0.9479
674,22.4891,36,0.6643,0.3523,0.057,0.1179,0.6944,0.7812
674,22.4891,37,0.6384,0.5072,0.1878,0.327,0.2669,0.113
674,22.4891,38,0.8498,0.0669,0.0628,0.1334,0.798,0.7484
674,22.4891,41,0.8842,0.4811,0.1541,0.2297,0.6493,0.5314
674,22.4891,43,0.8637,0.2501,0.0317,0.059,0.604,0.9523
674,22.4891,44,0.2022,0.2246,0.0498,0.0789,0.4955,0.8535
675,22.5225,7,0.6747,0.9808,0.0465,0.0363,0.3765,1.0
675,22.5225,27,0.264,0.4698,0.1434,0.0964,0.6792,0.9336
675,22.5225,33,0.8021,0.367,0.024,0.0565,0.4675,0.9479
675,22.5225,36,0.6613,0.3523,0.0589,0.1215,0.6962,0.7812
675,22.5225,37,0.6359,0.5128,0.1893,0.3231,0.4393,0.113
675,22.5225,38,0.8501,0.0653,0.0625,0.1301,0.8134,0.7484
675,22.5225,41,0.8843,0.4798,0.1541,0.2303,0.5377,0.5314
675,22.5225,43,0.8646,0.251,0.0319,0.059,0.5168,0.9523
675,22.5225,44,0.2064,0.2256,0.0502,0.0802,0.4038,0.8535
675,22.5225,45,0.9592,0.3973,0.0736,0.1444,0.278,0.7329
676,22.5559,7,0.6747,0.9808,0.0464,0.0362,0.3889,1.0
676,22.5559,27,0.2594,0.4705,0.1453,0.0971,0.7949,0.9336
676,22.5559,33,0.8004,0.3672,0.0238,0.0566,0.5276,0.9479
676,22.5559,36,0.6583,0.352,0.0611,0.1247,0.5596,0.7812
676,22.5559,37,0.6372,0.517,0.1959,0.3264,0.4857,0.113
676,22.5559,38,0.8502,0.064,0.0625,0.1277,0.8394,0.7484
676,22.5559,41,0.8843,0.4787,0.1535,0.2307,0.4476,0.5314
676,22.5559,43,0.8656,0.252,0.0321,0.0589,0.6246,0.9523
676,22.5559,44,0.2104,0.2265,0.0507,0.0818,0.4932,0.8535
677,22.5892,7,0.6747,0.9808,0.0464,0.0362,0.3734,1.0
677,22.5892,27,0.2545,0.471,0.1467,0.0975,0.8188,0.9336
677,22.5892,33,0.7988,0.3673,0.0237,0.0568,0.4792,0.9479
677,22.5892,36,0.6551,0.3516,0.0635,0.1276,0.7459,0.7812
677,22.5892,37,0.6356,0.5218,0.1991,0.3232,0.3788,0.113
677,22.5892,38,0.85,0.0634,0.063,0.1264,0.845,0.7484
677,22.5892,41,0.8839,0.4773,0.1529,0.2312,0.3746,0.5314
677,22.5892,43,0.8663,0.2528,0.0326,0.0592,0.6021,0.9523
677,22.5892,44,0.2146,0.2273,0.0511,0.0835,0.6504,0.8535
678,22.6226,7,0.6747,0.9809,0.0463,0.0361,0.3449,1.0
678,22.6226,27,0.2495,0.4715,0.1479,0.0977,0.7656,0.9336
678,22.6226,33,0.7972,0.3675,0.0237,0.0572,0.4739,0.9479
678,22.6226,36,0.6519,0.3514,0.0661,0.13,0.7318,0.7812
678,22.6226,37,0.6343,0.5241,0.2045,0.3259,0.2625,0.113
678,22.6226,38,0.8493,0.0639,0.0646,0.1274,0.8352,0.7484
678,22.6226,41,0.883,0.4759,0.152,0.2317,0.4764,0.5314
678,22.6226,43,0.8668,0.2534,0.0329,0.0594,0.6272,0.9523
678,22.6226,44,0.2179,0.2279,0.0518,0.0854,0.4764,0.8535
679,22.656,7,0.6746,0.9809,0.0463,0.0361,0.334,1.0
679,22.656,27,0.2447,0.4724,0.1501,0.0987,0.7066,0.9336
679,22.656,33,0.7955,0.3676,0.0237,0.0575,0.4257,0.9479
679,22.656,36,0.6488,0.3514,0.0686,0.1317,0.7109,0.7812
679,22.656,37,0.6308,0.5267,0.207,0.3262,0.5561,0.113
679,22.656,38,0.8481,0.0645,0.0664,0.1286,0.8328,0.7484
679,22.656,41,0.8823,0.4746,0.151,0.2322,0.581,0.5314
679,22.656,43,0.8673,0.254,0.0333,0.0597,0.5817,0.9523
679,22.656,44,0.2218,0.2283,0.0525,0.0875,0.7061,0.8535
680,22.6893,7,0.6746,0.9809,0.0463,0.0361,0.2835,1.0
680,22.6893,27,0.24,0.4739,0.1532,0.1004,0.7538,0.9336
680,22.6893,33,0.7938,0.3677,0.0238,0.0578,0.2947,0.9479
680,22.6893,36,0.6458,0.3514,0.071,0.1327,0.7807,0.7812
680,22.6893,37,0.6264,0.5299,0.2081,0.3264,0.5003,0.113
680,22.6893,38,0.8467,0.0655,0.0686,0.1306,0.811,0.7484
680,22.6893,41,0.881,0.4732,0.15,0.2329,0.3449,0.5314
680,22.6893,42,0.7128,0.4648,0.0764,0.175,0.4196,0.5506
680,22.6893,43,0.8677,0.2547,0.0337,0.0599,0.579,0.9523
680,22.6893,44,0.2258,0.2287,0.0531,0.0897,0.7415,0.8535
681,22.7227,7,0.6746,0.9809,0.0463,0.0361,0.2945,1.0
681,22.7227,27,0.2358,0.4752,0.1557,0.1018,0.7187,0.9336
681,22.7227,33,0.7919,0.3679,0.0238,0.0581,0.364,0.9479
681,22.7227,36,0.643,0.3516,0.0734,0.1333,0.8052,0.7812
681,22.7227,37,0.6219,0.5315,0.2102,0.3305,0.5118,0.113
681,22.7227,38,0.8453,0.0663,0.0707,0.1323,0.8208,0.7484
681,22.7227,41,0.8796,0.4719,0.149,0.2336,0.4259,0.5314
681,22.7227,42,0.7175,0.4586,0.0764,0.1792,0.479,0.5506
681,22.7227,43,0.8679,0.2553,0.034,0.06,0.5966,0.9523
681,22.7227,44,0.2295,0.2292,0.0538,0.0921,0.7624,0.8535
682,22.7561,7,0.6746,0.9808,0.0463,0.0361,0.292,1.0
682,22.7561,27,0.2322,0.4763,0.1573,0.1025,0.7246,0.9336
682,22.7561,33,0.79,0.3681,0.0239,0.0581,0.5106,0.9479
682,22.7561,36,0.6405,0.3518,0.0756,0.1334,0.8188,0.7812
682,22.7561,37,0.6204,0.5326,0.2132,0.3371,0.2914,0.113
682,22.7561,38,0.8438,0.0673,0.0729,0.1343,0.8407,0.7484
682,22.7561,41,0.8778,0.4707,0.1479,0.2341,0.5031,0.5314
682,22.7561,42,0.7218,0.4517,0.0768,0.185,0.6876,0.5506
682,22.7561,43,0.8681,0.256,0.0342,0.0599,0.6356,0.9523
682,22.7561,44,0.2326,0.2297,0.0542,0.094,0.7736,0.8535
683,22.7894,7,0.6746,0.9808,0.0464,0.0361,0.3129,1.0
683,22.7894,27,0.2289,0.477,0.1582,0.1026,0.6923,0.9336
683,22.7894,33,0.7882,0.3682,0.0241,0.0582,0.4853,0.9479
683,22.7894,36,0.6382,0.3522,0.0778,0.1336,0.8238,0.7812
683,22.7894,37,0.6172,0.5356,0.2133,0.341,0.4249,0.113
683,22.7894,38,0.8423,0.0687,0.0754,0.1371,0.7878,0.7484
683,22.7894,41,0.876,0.4691,0.1474,0.2355,0.5663,0.5314
683,22.7894,42,0.7261,0.4456,0.0764,0.1892,0.7104,0.5506
683,22.7894,43,0.8682,0.2572,0.0343,0.0598,0.6549,0.9523
683,22.7894,44,0.2355,0.2303,0.0547,0.096,0.7932,0.8535
683,22.7894,46,0.1031,0.1687,0.1494,0.2697,0.3344,0.8065
684,22.8228,7,0.6746,0.9808,0.0465,0.0361,0.2944,1.0
684,22.8228,27,0.226,0.4777,0.159,0.1027,0.6673,0.9336
684,22.8228,36,0.6359,0.3528,0.0803,0.1341,0.8068,0.7812
684,22.8228,37,0.6142,0.5391,0.2119,0.3441,0.5431,0.113
684,22.8228,38,0.8407,0.0702,0.0781,0.1401,0.7941,0.7484
684,22.8228,41,0.8745,0.4677,0.1467,0.2368,0.6262,0.5314
684,22.8228,42,0.726,0.4433,0.0765,0.1938,0.6364,0.5506
684,22.8228,43,0.8682,0.2586,0.0344,0.0597,0.6637,0.9523
684,22.8228,44,0.2385,0.231,0.055,0.098,0.7805,0.8535
684,22.8228,46,0.105,0.17,0.1417,0.2543,0.3249,0.8065
685,22.8562,7,0.6746,0.9808,0.0466,0.0362,0.2669,1.0
685,22.8562,27,0.2253,0.4786,0.161,0.1033,0.7105,0.9336
685,22.8562,33,0.7863,0.3684,0.0243,0.0584,0.2658,0.9479
685,22.8562,36,0.634,0.3536,0.0827,0.1345,0.8107,0.7812
685,22.8562,37,0.6114,0.543,0.209,0.3464,0.4033,0.113
685,22.8562,38,0.8397,0.0708,0.0796,0.1414,0.7831,0.7484
685,22.8562,41,0.8733,0.4667,0.1456,0.2376,0.6187,0.5314
685,22.8562,42,0.7255,0.4407,0.0766,0.198,0.6732,0.5506
685,22.8562,43,0.8681,0.2599,0.0345,0.0597,0.6087,0.9523
685,22.8562,44,0.2416,0.2321,0.0551,0.0995,0.776,0.8535
685,22.8562,46,0.1051,0.17,0.136,0.2425,0.539,0.8065
686,22.8895,27,0.2253,0.479,0.1626,0.1033,0.6177,0.9336
686,22.8895,33,0.7848,0.3697,0.0253,0.06,0.4271,0.9479
686,22.8895,36,0.6322,0.3543,0.0851,0.135,0.805,0.7812
686,22.8895,37,0.6109,0.5463,0.2075,0.3514,0.5022,0.113
686,22.8895,38,0.8391,0.0717,0.0811,0.1433,0.7473,0.7484
686,22.8895,41,0.8718,0.4659,0.1446,0.2381,0.6616,0.5314
686,22.8895,42,0.7241,0.438,0.0768,0.2013,0.6695,0.5506
686,22.8895,43,0.8679,0.2612,0.0345,0.0595,0.5895,0.9523
686,22.8895,44,0.2445,0.2337,0.0548,0.1006,0.7609,0.8535
686,22.8895,46,0.1042,0.1695,0.1318,0.233,0.4231,0.8065
687,22.9229,7,0.6746,0.9807,0.0467,0.0362,0.2703,1.0
687,22.9229,27,0.2258,0.4788,0.1637,0.1026,0.4249,0.9336
687,22.9229,33,0.7834,0.3714,0.0266,0.062,0.3406,0.9479
687,22.9229,36,0.6304,0.3549,0.0874,0.1354,0.8134,0.7812
687,22.9229,37,0.6115,0.5478,0.208,0.3605,0.5662,0.113
687,22.9229,38,0.8386,0.0726,0.0822,0.145,0.8184,0.7484
687,22.9229,41,0.8704,0.4651,0.1436,0.2387,0.7034,0.5314
687,22.9229,42,0.7225,0.4352,0.077,0.2034,0.6995,0.5506
687,22.9229,43,0.8677,0.2623,0.0345,0.0593,0.5899,0.9523
687,22.9229,44,0.2474,0.2359,0.0538,0.1,0.7969,0.8535
687,22.9229,46,0.1039,0.1693,0.1212,0.2107,0.4958,0.8065
687,22.9229,47,0.4742,0.4794,0.0386,0.038,0.435,0.9487
688,22.9563,7,0.6746,0.9807,0.0468,0.0363,0.2964,1.0
688,22.9563,27,0.2264,0.4784,0.1652,0.1021,0.7124,0.9336
688,22.9563,33,0.7821,0.3732,0.0281,0.0642,0.3077,0.9479
688,22.9563,36,0.6287,0.3557,0.0898,0.1363,0.8197,0.7812
688,22.9563,37,0.6121,0.553,0.2042,0.3627,0.4275,0.113
688,22.9563,38,0.8381,0.0736,0.0831,0.1469,0.7591,0.7484
688,22.9563,41,0.869,0.4648,0.1424,0.2385,0.6364,0.5314
688,22.9563,42,0.7206,0.4321,0.0774,0.2054,0.7078,0.5506
688,22.9563,43,0.8675,0.2633,0.0345,0.0591,0.6268,0.9523
688,22.9563,44,0.2504,0.2385,0.0524,0.0988,0.7902,0.8535
688,22.9563,46,0.1021,0.1699,0.1117,0.19,0.6365,0.8065
688,22.9563,47,0.474,0.4793,0.039,0.0384,0.4368,0.9487
689,22.9896,7,0.6746,0.9807,0.0468,0.0363,0.2892,1.0
689,22.9896,27,0.2262,0.4779,0.1666,0.1014,0.778,0.9336
689,22.9896,36,0.627,0.3567,0.0922,0.1376,0.8175,0.7812
689,22.9896,37,0.613,0.5579,0.2009,0.3661,0.586,0.113
689,22.9896,38,0.8381,0.0747,0.0839,0.149,0.7277,0.7484
689,22.9896,41,0.8676,0.4648,0.1411,0.238,0.6138,0.5314
689,22.9896,42,0.7189,0.4289,0.0778,0.2069,0.7419,0.5506
689,22.9896,43,0.867,0.2643,0.0346,0.0589,0.6077,0.9523
689,22.9896,44,0.2534,0.2414,0.0509,0.0971,0.7776,0.8535
689,22.9896,45,0.958,0.4019,0.0749,0.1437,0.5973,0.7329
689,22.9896,46,0.0963,0.1666,0.1075,0.1785,0.6284,0.8065
689,22.9896,47,0.4737,0.4792,0.0393,0.0387,0.421,0.9487
690,23.023,7,0.6746,0.9808,0.0469,0.0364,0.2871,1.0
690,23.023,27,0.2253,0.4779,0.1695,0.1017,0.7373,0.9336
690,23.023,33,0.7808,0.375,0.0297,0.0666,0.4793,0.9479
690,23.023,36,0.6253,0.3576,0.0943,0.1386,0.7945,0.7812
690,23.023,37,0.6138,0.5654,0.1949,0.3644,0.392,0.113
690,23.023,38,0.8377,0.0754,0.0841,0.1504,0.7265,0.7484
690,23.023,41,0.8661,0.4653,0.1394,0.2365,0.5941,0.5314
690,23.023,42,0.7169,0.4258,0.0781,0.2076,0.7354,0.5506
690,23.023,43,0.866,0.2649,0.0347,0.0586,0.6014,0.9523
690,23.023,44,0.2564,0.2446,0.049,0.0948,0.7871,0.8535
690,23.023,45,0.958,0.4113,0.0738,0.1387,0.6344,0.7329
690,23.023,46,0.0888,0.1628,0.1054,0.1709,0.6572,0.8065
690,23.023,47,0.4734,0.479,0.0397,0.0391,0.4717,0.9487
691,23.0564,7,0.6746,0.9808,0.0469,0.0364,0.3005,1.0
691,23.0564,27,0.2237,0.4778,0.1728,0.1023,0.8011,0.9336
691,23.0564,33,0.7804,0.3761,0.0306,0.068,0.3801,0.9479
691,23.0564,36,0.6237,0.358,0.0957,0.1387,0.7913,0.7812
691,23.0564,37,0.6141,0.5728,0.1893,0.3635,0.5362,0.113
691,23.0564,38,0.8386,0.0752,0.0832,0.15,0.6926,0.7484
691,23.0564,41,0.8647,0.4658,0.1381,0.2354,0.61,0.5314
691,23.0564,42,0.7153,0.4228,0.0781,0.2075,0.7174,0.5506
691,23.0564,43,0.8648,0.2653,0.0349,0.0583,0.5583,0.9523
691,23.0564,44,0.2596,0.2482,0.047,0.092,0.7736,0.8535
691,23.0564,45,0.9577,0.4211,0.0724,0.1336,0.523,0.7329
691,23.0564,46,0.0809,0.1589,0.1034,0.164,0.7534,0.8065
691,23.0564,47,0.4722,0.4758,0.0453,0.0451,0.3906,0.9487
692,23.0897,7,0.6746,0.9808,0.0469,0.0364,0.2811,1.0
692,23.0897,27,0.2195,0.4777,0.1746,0.1022,0.6242,0.9336
692,23.0897,33,0.7798,0.3775,0.0317,0.0697,0.2925,0.9479
692,23.0897,36,0.622,0.3583,0.0968,0.1385,0.7583,0.7812
692,23.0897,37,0.6142,0.5807,0.1838,0.3626,0.3888,0.113
692,23.0897,38,0.8391,0.0771,0.0842,0.1536,0.8254,0.7484
692,23.0897,41,0.8632,0.4661,0.1369,0.2345,0.5979,0.5314
692,23.0897,42,0.7136,0.4204,0.0783,0.2078,0.6939,0.5506
692,23.0897,43,0.8638,0.2655,0.0352,0.0582,0.5329,0.9523
692,23.0897,44,0.263,0.2516,0.045,0.0891,0.7025,0.8535
692,23.0897,45,0.9583,0.4314,0.0702,0.128,0.4566,0.7329
692,23.0897,46,0.0731,0.1552,0.1014,0.1576,0.7949,0.8065
692,23.0897,47,0.4709,0.4725,0.0504,0.0512,0.4222,0.9487
693,23.1231,7,0.6746,0.9808,0.0469,0.0364,0.2959,1.0
693,23.1231,27,0.2143,0.4774,0.1756,0.1018,0.8183,0.9336
693,23.1231,33,0.7797,0.3795,0.0334,0.0725,0.2812,0.9479
693,23.1231,36,0.6201,0.3585,0.0978,0.1383,0.8306,0.7812
693,23.1231,37,0.6148,0.5868,0.1809,0.3676,0.5924,0.113
693,23.1231,38,0.8399,0.0789,0.0848,0.1571,0.7485,0.7484
693,23.1231,41,0.8617,0.4665,0.1357,0.2337,0.6155,0.5314
693,23.1231,42,0.7125,0.4182,0.0785,0.2082,0.7339,0.5506
693,23.1231,43,0.8626,0.2656,0.0354,0.058,0.6642,0.9523
693,23.1231,44,0.2665,0.2549,0.043,0.0861,0.6926,0.8535
693,23.1231,46,0.0654,0.1516,0.0991,0.1514,0.8045,0.8065
693,23.1231,47,0.4696,0.4691,0.055,0.0572,0.3486,0.9487
694,23.1565,7,0.6746,0.9809,0.0469,0.0364,0.3085,1.0
694,23.1565,27,0.208,0.4772,0.176,0.1012,0.795,0.9336
694,23.1565,36,0.6182,0.3589,0.0986,0.1382,0.8236,0.7812
694,23.1565,37,0.6155,0.5929,0.1772,0.3713,0.3028,0.113
694,23.1565,41,0.8599,0.4667,0.1347,0.2334,0.6103,0.5314
694,23.1565,42,0.7117,0.416,0.0785,0.2086,0.6931,0.5506
694,23.1565,43,0.8613,0.2657,0.0356,0.0577,0.631,0.9523
694,23.1565,44,0.2701,0.2578,0.0418,0.0845,0.7686,0.8535
694,23.1565,46,0.0586,0.1483,0.0961,0.1455,0.8129,0.8065
695,23.1898,7,0.6745,0.9809,0.0468,0.0364,0.3089,1.0
695,23.1898,27,0.2011,0.477,0.1764,0.1008,0.8068,0.9336
695,23.1898,36,0.6162,0.3591,0.0989,0.1375,0.8499,0.7812
695,23.1898,37,0.6166,0.5974,0.1753,0.3783,0.5585,0.113
695,23.1898,41,0.8582,0.4667,0.134,0.2339,0.5908,0.5314
695,23.1898,42,0.7107,0.4136,0.0785,0.2088,0.6653,0.5506
695,23.1898,43,0.8602,0.2657,0.0359,0.0576,0.5986,0.9523
695,23.1898,44,0.2736,0.2607,0.0407,0.0834,0.6549,0.8535
695,23.1898,46,0.0528,0.1451,0.0926,0.1397,0.8298,0.8065
696,23.2232,7,0.6745,0.9809,0.0468,0.0364,0.2824,1.0
696,23.2232,27,0.1942,0.4771,0.1766,0.1003,0.8165,0.9336
696,23.2232,36,0.6145,0.3591,0.0989,0.1363,0.8107,0.7812
696,23.2232,38,0.8409,0.0805,0.0852,0.1603,0.6864,0.7484
696,23.2232,41,0.8566,0.4666,0.1333,0.2347,0.5574,0.5314
696,23.2232,42,0.7107,0.4098,0.0777,0.2068,0.4833,0.5506
696,23.2232,43,0.859,0.2657,0.0361,0.0576,0.6156,0.9523
696,23.2232,44,0.2772,0.2632,0.0399,0.0827,0.7015,0.8535
696,23.2232,46,0.048,0.1422,0.0887,0.1344,0.8165,0.8065
697,23.2566,7,0.6745,0.9809,0.0468,0.0364,0.2813,1.0
697,23.2566,27,0.1878,0.4772,0.1765,0.0996,0.7732,0.9336
697,23.2566,36,0.6129,0.3593,0.0989,0.1355,0.7475,0.7812
697,23.2566,37,0.6177,0.6027,0.173,0.3836,0.5503,0.113
697,23.2566,38,0.842,0.082,0.0853,0.1631,0.7917,0.7484
697,23.2566,41,0.855,0.4666,0.1322,0.2351,0.5857,0.5314
697,23.2566,42,0.7109,0.406,0.0771,0.2055,0.6693,0.5506
697,23.2566,43,0.8585,0.2653,0.0365,0.0579,0.5342,0.9523
697,23.2566,44,0.2807,0.2657,0.0394,0.0825,0.6813,0.8535
697,23.2566,46,0.044,0.1393,0.0844,0.1292,0.7636,0.8065
698,23.2899,7,0.6745,0.9808,0.0468,0.0364,0.3074,1.0
698,23.2899,27,0.1817,0.4773,0.1764,0.0988,0.7246,0.9336
698,23.2899,36,0.6111,0.3601,0.0986,0.1344,0.7848,0.7812
698,23.2899,37,0.6189,0.6063,0.1726,0.3921,0.4544,0.113
698,23.2899,38,0.8426,0.0833,0.0851,0.1656,0.7873,0.7484
698,23.2899,41,0.8534,0.4673,0.1306,0.2345,0.5542,0.5314
698,23.2899,42,0.7111,0.4022,0.0768,0.2045,0.3559,0.5506
698,23.2899,43,0.8579,0.2643,0.0367,0.058,0.5349,0.9523
698,23.2899,44,0.2841,0.2681,0.039,0.0826,0.7336,0.8535
698,23.2899,46,0.0407,0.1369,0.0802,0.1246,0.8062,0.8065
699,23.3233,7,0.6744,0.9808,0.0469,0.0364,0.3453,1.0
699,23.3233,27,0.1789,0.4774,0.1776,0.0983,0.7499,0.9336
699,23.3233,36,0.609,0.3611,0.0979,0.1328,0.7529,0.7812
699,23.3233,37,0.6198,0.6111,0.1725,0.4002,0.358,0.113
699,23.3233,38,0.8435,0.0844,0.0848,0.1678,0.7824,0.7484
699,23.3233,41,0.8518,0.468,0.1293,0.2344,0.5065,0.5314
699,23.3233,43,0.857,0.263,0.0368,0.058,0.5169,0.9523
699,23.3233,44,0.2874,0.2705,0.0387,0.0827,0.6407,0.8535
699,23.3233,45,0.9583,0.4373,0.0691,0.1258,0.3975,0.7329
699,23.3233,46,0.0382,0.1346,0.0763,0.1202,0.6656,0.8065
700,23.3567,7,0.6744,0.9807,0.0469,0.0365,0.3181,1.0
700,23.3567,27,0.1775,0.4774,0.1797,0.0978,0.7671,0.9336
700,23.3567,36,0.6073,0.3621,0.0969,0.131,0.6204,0.7812
700,23.3567,37,0.6207,0.6151,0.1734,0.41,0.5136,0.113
700,23.3567,38,0.8432,0.0859,0.0849,0.1706,0.7547,0.7484
700,23.3567,41,0.8492,0.4689,0.1283,0.2341,0.4307,0.5314
700,23.3567,43,0.8563,0.2616,0.0369,0.0582,0.4321,0.9523
700,23.3567,44,0.2907,0.2726,0.0384,0.0826,0.6089,0.8535
700,23.3567,45,0.9577,0.4434,0.0675,0.1231,0.4255,0.7329
700,23.3567,46,0.0364,0.1324,0.0728,0.116,0.7075,0.8065
701,23.39,7,0.6744,0.9807,0.047,0.0365,0.2982,1.0
701,23.39,27,0.177,0.4773,0.1825,0.0973,0.7184,0.9336
701,23.39,36,0.6061,0.3631,0.0961,0.1293,0.5837,0.7812
701,23.39,37,0.6217,0.62,0.1723,0.4138,0.5613,0.113
701,23.39,38,0.843,0.0853,0.0832,0.1693,0.7786,0.7484
701,23.39,41,0.8452,0.4697,0.1281,0.2346,0.5082,0.5314
701,23.39,42,0.7115,0.3983,0.0764,0.2035,0.5759,0.5506
701,23.39,43,0.8556,0.2601,0.0371,0.0585,0.5077,0.9523
701,23.39,44,0.2939,0.2737,0.0385,0.0835,0.7464,0.8535
701,23.39,45,0.9568,0.4475,0.067,0.1241,0.5637,0.7329
701,23.39,46,0.0354,0.1302,0.07,0.1119,0.8266,0.8065
702,23.4234,7,0.6743,0.9806,0.0471,0.0366,0.3079,1.0
702,23.4234,27,0.1771,0.4771,0.1861,0.0969,0.5879,0.9336
702,23.4234,36,0.605,0.364,0.0955,0.128,0.515,0.7812
702,23.4234,37,0.6238,0.6255,0.1715,0.416,0.3622,0.113
702,23.4234,38,0.8424,0.0843,0.0812,0.1672,0.8216,0.7484
702,23.4234,41,0.8414,0.4704,0.1286,0.2356,0.5975,0.5314
702,23.4234,42,0.712,0.3949,0.0764,0.2038,0.5344,0.5506
702,23.4234,43,0.8549,0.2584,0.0371,0.0589,0.5379,0.9523
702,23.4234,44,0.297,0.2743,0.039,0.085,0.7119,0.8535
702,23.4234,45,0.9554,0.4534,0.0648,0.1218,0.2652,0.7329
702,23.4234,46,0.0353,0.128,0.0675,0.1076,0.7888,0.8065
703,23.4568,7,0.6743,0.9806,0.0472,0.0366,0.2938,1.0
703,23.4568,27,0.1777,0.4767,0.1906,0.0966,0.6102,0.9336
703,23.4568,36,0.6036,0.3648,0.0949,0.1269,0.656,0.7812
703,23.4568,37,0.6254,0.6339,0.1691,0.4122,0.4939,0.113
703,23.4568,38,0.8415,0.083,0.0793,0.1645,0.8058,0.7484
703,23.4568,41,0.8394,0.4709,0.1292,0.237,0.5264,0.5314
703,23.4568,42,0.7126,0.3917,0.0766,0.2046,0.5507,0.5506
703,23.4568,43,0.8543,0.2567,0.037,0.0592,0.394,0.9523
703,23.4568,44,0.3,0.2747,0.0397,0.0868,0.6911,0.8535
703,23.4568,45,0.9522,0.4536,0.0664,0.1268,0.3094,0.7329
703,23.4568,46,0.0359,0.1255,0.0656,0.1031,0.791,0.8065
704,23.4901,7,0.6743,0.9805,0.0473,0.0367,0.3071,1.0
704,23.4901,27,0.1786,0.4762,0.1962,0.0967,0.6088,0.9336
704,23.4901,36,0.6019,0.3656,0.0942,0.1257,0.7475,0.7812
704,23.4901,37,0.6268,0.644,0.1667,0.407,0.507,0.113
704,23.4901,38,0.84,0.0825,0.0782,0.1635,0.6952,0.7484
704,23.4901,42,0.7137,0.3881,0.0764,0.2046,0.6108,0.5506
704,23.4901,43,0.8539,0.2533,0.0369,0.0597,0.4009,0.9523
704,23.4901,44,0.3031,0.2748,0.0404,0.0886,0.5136,0.8535
704,23.4901,45,0.9488,0.4533,0.0683,0.1326,0.4253,0.7329
704,23.4901,46,0.0378,0.1227,0.0635,0.0979,0.8091,0.8065
704,23.4901,47,0.4685,0.4658,0.059,0.063,0.3539,0.9487
705,23.5235,7,0.6743,0.9805,0.0474,0.0367,0.3193,1.0
705,23.5235,27,0.1796,0.4756,0.2024,0.0969,0.6561,0.9336
705,23.5235,36,0.6002,0.3659,0.0937,0.1252,0.6726,0.7812
705,23.5235,37,0.629,0.6547,0.1649,0.4023,0.3054,0.113
705,23.5235,38,0.8383,0.0825,0.0779,0.1633,0.7377,0.7484
705,23.5235,42,0.7134,0.3859,0.0772,0.2069,0.4696,0.5506
705,23.5235,43,0.854,0.2505,0.0366,0.0601,0.4873,0.9523
705,23.5235,44,0.3061,0.2748,0.0412,0.0907,0.6248,0.8535
705,23.5235,45,0.9457,0.4528,0.0703,0.139,0.3938,0.7329
705,23.5235,46,0.0404,0.1198,0.0614,0.0924,0.807,0.8065
705,23.5235,47,0.4674,0.4625,0.0626,0.0685,0.4095,0.9487
706,23.5569,7,0.6744,0.9805,0.0473,0.0366,0.3279,1.0
706,23.5569,27,0.1778,0.4749,0.2078,0.0968,0.7033,0.9336
706,23.5569,36,0.5988,0.3661,0.0933,0.125,0.7217,0.7812
706,23.5569,37,0.6317,0.6614,0.1657,0.4042,0.4051,0.113
706,23.5569,38,0.8365,0.0829,0.0781,0.1641,0.7332,0.7484
706,23.5569,42,0.713,0.3831,0.0778,0.2083,0.3189,0.5506
706,23.5569,43,0.8541,0.2477,0.0364,0.0607,0.4421,0.9523
706,23.5569,44,0.3091,0.2747,0.0422,0.0931,0.588,0.8535
706,23.5569,45,0.9427,0.4534,0.071,0.1428,0.2782,0.7329
706,23.5569,46,0.0436,0.117,0.0591,0.0867,0.4571,0.8065
706,23.5569,47,0.4662,0.4594,0.0655,0.0738,0.424,0.9487
706,23.5569,48,0.4765,0.9756,0.0484,0.0466,0.3046,0.9738
707,23.5902,7,0.6745,0.9806,0.0473,0.0365,0.296,1.0
707,23.5902,27,0.1748,0.4742,0.2127,0.0967,0.7256,0.9336
707,23.5902,36,0.597,0.366,0.0931,0.1253,0.754,0.7812
707,23.5902,37,0.6352,0.6699,0.1646,0.4013,0.3073,0.113
707,23.5902,38,0.8345,0.0834,0.0785,0.1651,0.7354,0.7484
707,23.5902,42,0.7119,0.3801,0.0784,0.21,0.3558,0.5506
707,23.5902,44,0.3119,0.2749,0.0432,0.0955,0.6751,0.8535
707,23.5902,45,0.94,0.4542,0.0713,0.1462,0.3163,0.7329
707,23.5902,46,0.0471,0.1139,0.0562,0.0806,0.5979,0.8065
707,23.5902,47,0.465,0.4564,0.0679,0.0785,0.399,0.9487
707,23.5902,48,0.4765,0.9757,0.0484,0.0466,0.3113,0.9738
708,23.6236,7,0.6746,0.9806,0.0473,0.0364,0.2626,1.0
708,23.6236,27,0.1698,0.4736,0.2172,0.0968,0.6871,0.9336
708,23.6236,36,0.5949,0.3658,0.0926,0.1257,0.7299,0.7812
708,23.6236,38,0.8325,0.0836,0.0787,0.1655,0.797,0.7484
708,23.6236,42,0.7108,0.3768,0.0793,0.2114,0.7239,0.5506
708,23.6236,44,0.3147,0.2758,0.0438,0.0966,0.7762,0.8535
708,23.6236,45,0.9362,0.4561,0.0705,0.1467,0.5678,0.7329
708,23.6236,46,0.0509,0.1109,0.0531,0.0747,0.3776,0.8065
708,23.6236,47,0.4647,0.4567,0.0648,0.0774,0.4209,0.9487
708,23.6236,48,0.4765,0.9757,0.0484,0.0466,0.3244,0.9738
709,23.657,27,0.1651,0.473,0.2216,0.097,0.7713,0.9336
709,23.657,36,0.5926,0.3655,0.0919,0.1263,0.7438,0.7812
709,23.657,37,0.639,0.6763,0.1645,0.4019,0.3838,0.113
709,23.657,38,0.8305,0.0837,0.079,0.1659,0.8185,0.7484
709,23.657,41,0.8387,0.4714,0.1298,0.2385,0.2601,0.5314
709,23.657,42,0.7096,0.3731,0.0798,0.2118,0.7275,0.5506
709,23.657,43,0.8544,0.2445,0.036,0.0607,0.2798,0.9523
709,23.657,44,0.3176,0.2771,0.0439,0.0967,0.7454,0.8535
709,23.657,45,0.9327,0.4563,0.0714,0.1505,0.4871,0.7329
709,23.657,46,0.0544,0.1081,0.0501,0.0692,0.4165,0.8065
709,23.657,47,0.4645,0.4571,0.0618,0.0759,0.2876,0.9487
709,23.657,48,0.4765,0.9757,0.0484,0.0466,0.4047,0.9738
709,23.657,49,0.6526,0.4746,0.0372,0.0769,0.3885,0.8916
710,23.6903,27,0.1594,0.4723,0.2257,0.0974,0.6748,0.9336
710,23.6903,36,0.5905,0.3652,0.091,0.1269,0.7517,0.7812
710,23.6903,37,0.6419,0.6806,0.1637,0.4026,0.3742,0.113
710,23.6903,38,0.8288,0.0839,0.0794,0.1665,0.8392,0.7484
710,23.6903,41,0.8385,0.4718,0.1303,0.2397,0.6687,0.5314
710,23.6903,42,0.7082,0.3694,0.0804,0.2118,0.7797,0.5506
710,23.6903,43,0.8548,0.2413,0.0354,0.0603,0.4105,0.9523
710,23.6903,44,0.3203,0.2784,0.044,0.0966,0.7629,0.8535
710,23.6903,45,0.9296,0.4575,0.0713,0.1518,0.5257,0.7329
710,23.6903,46,0.0585,0.1059,0.0471,0.0641,0.4743,0.8065
710,23.6903,48,0.4765,0.9757,0.0484,0.0467,0.4,0.9738
710,23.6903,49,0.6517,0.4752,0.0377,0.0776,0.3081,0.8916
711,23.7237,27,0.1546,0.4716,0.2296,0.0975,0.6251,0.9336
711,23.7237,36,0.5887,0.3647,0.0901,0.1278,0.7479,0.7812
711,23.7237,37,0.6457,0.6819,0.1649,0.4107,0.3613,0.113
711,23.7237,38,0.8275,0.0833,0.079,0.1655,0.849,0.7484
711,23.7237,41,0.839,0.4724,0.1305,0.2402,0.5219,0.5314
711,23.7237,42,0.7066,0.3663,0.0814,0.2129,0.7372,0.5506
711,23.7237,43,0.8551,0.2377,0.0347,0.0594,0.4575,0.9523
711,23.7237,44,0.3229,0.2797,0.044,0.0961,0.777,0.8535
711,23.7237,45,0.9271,0.4589,0.071,0.1525,0.3329,0.7329
711,23.7237,46,0.0628,0.1041,0.0447,0.0602,0.4029,0.8065
711,23.7237,47,0.4635,0.4575,0.058,0.0732,0.289,0.9487
711,23.7237,48,0.4765,0.9756,0.0484,0.0467,0.3947,0.9738
711,23.7237,49,0.6505,0.4757,0.038,0.0782,0.4648,0.8916
712,23.7571,27,0.1503,0.4709,0.2335,0.0977,0.566,0.9336
712,23.7571,36,0.5871,0.3643,0.089,0.1286,0.7405,0.7812
712,23.7571,37,0.6505,0.6795,0.1649,0.4173,0.4016,0.113
712,23.7571,38,0.8267,0.0819,0.0781,0.163,0.8531,0.7484
712,23.7571,41,0.8408,0.4729,0.1307,0.241,0.7002,0.5314
712,23.7571,42,0.7053,0.3637,0.0826,0.2145,0.7582,0.5506
712,23.7571,43,0.8555,0.2337,0.0342,0.0588,0.4393,0.9523
712,23.7571,44,0.3255,0.2808,0.0439,0.0954,0.7885,0.8535
712,23.7571,45,0.9253,0.4604,0.0706,0.1528,0.3532,0.7329
712,23.7571,46,0.0677,0.1028,0.0428,0.0573,0.5607,0.8065
712,23.7571,48,0.4765,0.9756,0.0484,0.0467,0.3346,0.9738
712,23.7571,49,0.6495,0.4765,0.0381,0.0784,0.5031,0.8916
713,23.7904,27,0.1462,0.4702,0.2371,0.0979,0.472,0.9336
713,23.7904,36,0.5857,0.3635,0.0882,0.13,0.7163,0.7812
713,23.7904,37,0.6542,0.6759,0.1648,0.4249,0.4342,0.113
713,23.7904,38,0.8259,0.0808,0.0773,0.1608,0.8412,0.7484
713,23.7904,41,0.8463,0.474,0.1303,0.2396,0.6395,0.5314
713,23.7904,42,0.7043,0.3624,0.0843,0.2179,0.7349,0.5506
713,23.7904,43,0.8557,0.2313,0.0339,0.058,0.4319,0.9523
713,23.7904,44,0.3283,0.2818,0.0438,0.0947,0.7858,0.8535
713,23.7904,45,0.9242,0.4609,0.0709,0.1545,0.4383,0.7329
713,23.7904,46,0.0739,0.1017,0.0411,0.055,0.5378,0.8065
713,23.7904,48,0.4765,0.9756,0.0484,0.0467,0.2568,0.9738
714,23.8238,27,0.1429,0.4694,0.2409,0.0981,0.6979,0.9336
714,23.8238,36,0.5845,0.3629,0.0873,0.1314,0.7685,0.7812
714,23.8238,37,0.6591,0.6753,0.1615,0.4252,0.5436,0.113
714,23.8238,38,0.8254,0.0801,0.0771,0.1597,0.8539,0.7484
714,23.8238,41,0.8504,0.4752,0.1295,0.2377,0.6962,0.5314
714,23.8238,42,0.7034,0.3616,0.0862,0.2222,0.7395,0.5506
714,23.8238,43,0.8557,0.2285,0.0338,0.0576,0.4986,0.9523
714,23.8238,44,0.331,0.2824,0.0438,0.0943,0.7753,0.8535
714,23.8238,45,0.9235,0.4608,0.0715,0.1566,0.6224,0.7329
714,23.8238,46,0.0765,0.1012,0.0404,0.0539,0.5363,0.8065
714,23.8238,47,0.4623,0.4578,0.0543,0.0702,0.2708,0.9487
714,23.8238,48,0.4765,0.9756,0.0484,0.0467,0.3033,0.9738
714,23.8238,49,0.648,0.4779,0.0384,0.079,0.3714,0.8916
715,23.8572,27,0.1414,0.4685,0.2445,0.0982,0.6535,0.9336
715,23.8572,36,0.5834,0.3623,0.0861,0.1325,0.7259,0.7812
715,23.8572,37,0.6645,0.6742,0.1602,0.4324,0.3657,0.113
715,23.8572,38,0.8254,0.0795,0.0768,0.1585,0.8472,0.7484
715,23.8572,41,0.8542,0.4764,0.1297,0.236,0.5794,0.5314
715,23.8572,42,0.7027,0.3609,0.088,0.2264,0.7127,0.5506
715,23.8572,43,0.8559,0.2257,0.0336,0.0571,0.4783,0.9523
715,23.8572,44,0.3338,0.2829,0.0439,0.0942,0.7747,0.8535
715,23.8572,45,0.9244,0.4613,0.0713,0.1579,0.6586,0.7329
715,23.8572,46,0.0796,0.1008,0.0397,0.0532,0.4978,0.8065
715,23.8572,47,0.461,0.4581,0.0507,0.0673,0.3078,0.9487
715,23.8572,48,0.4765,0.9755,0.0483,0.0467,0.2876,0.9738
715,23.8572,49,0.6464,0.479,0.0387,0.0797,0.2696,0.8916
716,23.8905,27,0.1395,0.4675,0.2479,0.0983,0.4753,0.9336
716,23.8905,36,0.5826,0.3618,0.0848,0.1333,0.7186,0.7812
716,23.8905,37,0.671,0.6754,0.1577,0.4365,0.472,0.113
716,23.8905,38,0.8257,0.079,0.0767,0.1577,0.7408,0.7484
716,23.8905,41,0.8577,0.4773,0.1311,0.2348,0.4634,0.5314
716,23.8905,42,0.7022,0.3601,0.0895,0.2307,0.7622,0.5506
716,23.8905,43,0.8559,0.2232,0.034,0.0574,0.4083,0.9523
716,23.8905,44,0.3366,0.2833,0.044,0.0942,0.8062,0.8535
716,23.8905,45,0.9257,0.4623,0.0705,0.1581,0.649,0.7329
716,23.8905,46,0.0834,0.1007,0.0393,0.0528,0.4435,0.8065
716,23.8905,47,0.4599,0.4584,0.0476,0.0646,0.45,0.9487
716,23.8905,48,0.4765,0.9756,0.0483,0.0467,0.3028,0.9738
716,23.8905,49,0.6449,0.4803,0.0389,0.0804,0.5371,0.8916
717,23.9239,27,0.139,0.4665,0.2509,0.0983,0.6084,0.9336
717,23.9239,36,0.5818,0.3612,0.0833,0.1338,0.7206,0.7812
717,23.9239,37,0.6785,0.6782,0.1554,0.4405,0.3917,0.113
717,23.9239,38,0.8264,0.0783,0.0764,0.1564,0.8034,0.7484
717,23.9239,41,0.8608,0.4776,0.1336,0.2344,0.4822,0.5314
717,23.9239,42,0.7017,0.3583,0.0903,0.2334,0.7399,0.5506
717,23.9239,43,0.8559,0.2206,0.0346,0.0581,0.5167,0.9523
717,23.9239,44,0.3392,0.2836,0.0441,0.0941,0.7887,0.8535
717,23.9239,45,0.9269,0.4636,0.0693,0.1576,0.6765,0.7329
717,23.9239,47,0.4589,0.4585,0.0448,0.0622,0.4529,0.9487
717,23.9239,48,0.4765,0.9756,0.0483,0.0467,0.3219,0.9738
717,23.9239,49,0.6434,0.4818,0.0389,0.0808,0.6032,0.8916
718,23.9573,27,0.138,0.4655,0.254,0.0985,0.5963,0.9336
718,23.9573,36,0.5812,0.3607,0.0818,0.1341,0.736,0.7812
718,23.9573,37,0.6864,0.6818,0.1507,0.4352,0.3125,0.113
718,23.9573,38,0.8274,0.0773,0.0759,0.1542,0.7861,0.7484
718,23.9573,41,0.8636,0.4774,0.1368,0.2346,0.438,0.5314
718,23.9573,42,0.7014,0.3556,0.0906,0.2348,0.7825,0.5506
718,23.9573,43,0.8559,0.2183,0.0352,0.0592,0.5102,0.9523
718,23.9573,44,0.3419,0.2838,0.0442,0.0941,0.7883,0.8535
718,23.9573,45,0.928,0.4649,0.068,0.1568,0.6676,0.7329
718,23.9573,47,0.4578,0.4583,0.0426,0.0605,0.4215,0.9487
718,23.9573,48,0.4765,0.9756,0.0483,0.0467,0.3421,0.9738
718,23.9573,49,0.6422,0.4831,0.0385,0.0807,0.47,0.8916
719,23.9906,27,0.137,0.4646,0.2563,0.0986,0.6274,0.9336
719,23.9906,36,0.5806,0.36,0.0803,0.1344,0.7439,0.7812
719,23.9906,37,0.6936,0.688,0.1476,0.4316,0.3824,0.113
719,23.9906,38,0.8288,0.0761,0.0753,0.152,0.7161,0.7484
719,23.9906,41,0.8641,0.477,0.1398,0.2346,0.5174,0.5314
719,23.9906,42,0.7012,0.352,0.0903,0.235,0.7797,0.5506
719,23.9906,43,0.8558,0.2162,0.0357,0.0598,0.4889,0.9523
719,23.9906,44,0.3445,0.284,0.0442,0.094,0.7981,0.8535
719,23.9906,45,0.9287,0.4661,0.0667,0.1559,0.5985,0.7329
719,23.9906,47,0.4569,0.4581,0.0407,0.059,0.3997,0.9487
719,23.9906,48,0.4765,0.9757,0.0483,0.0466,0.2995,0.9738
719,23.9906,49,0.6412,0.4848,0.0378,0.0798,0.506,0.8916
720,24.024,27,0.1363,0.4637,0.2584,0.0987,0.5257,0.9336
720,24.024,36,0.5801,0.3594,0.0785,0.1342,0.7502,0.7812
720,24.024,37,0.7032,0.6944,0.1447,0.427,0.4177,0.113
720,24.024,38,0.8307,0.0743,0.074,0.1483,0.7246,0.7484
720,24.024,41,0.8616,0.4763,0.1421,0.2351,0.4755,0.5314
720,24.024,42,0.7012,0.3475,0.0896,0.2342,0.7576,0.5506
720,24.024,43,0.8556,0.2141,0.0361,0.0602,0.5113,0.9523
720,24.024,44,0.3471,0.2842,0.0442,0.0937,0.7972,0.8535
720,24.024,45,0.929,0.4672,0.0658,0.1556,0.6373,0.7329
720,24.024,47,0.4567,0.458,0.04,0.0589,0.3754,0.9487
720,24.024,48,0.4764,0.9757,0.0482,0.0466,0.2849,0.9738
720,24.024,49,0.64,0.4862,0.0369,0.0787,0.4345,0.8916
721,24.0574,27,0.1355,0.4627,0.26,0.0988,0.6216,0.9336
721,24.0574,36,0.5797,0.3587,0.0767,0.1337,0.7214,0.7812
721,24.0574,37,0.7126,0.7003,0.1423,0.422,0.4711,0.113
721,24.0574,38,0.8331,0.0719,0.0724,0.1434,0.6937,0.7484
721,24.0574,41,0.8599,0.4754,0.1442,0.2357,0.4779,0.5314
721,24.0574,42,0.7014,0.3425,0.0889,0.2332,0.7482,0.5506
721,24.0574,43,0.8554,0.2119,0.0365,0.0608,0.4282,0.9523
721,24.0574,44,0.3496,0.2844,0.0442,0.0934,0.8139,0.8535
721,24.0574,45,0.9293,0.4682,0.065,0.1553,0.6243,0.7329
721,24.0574,47,0.4569,0.4579,0.0399,0.0594,0.3962,0.9487
721,24.0574,48,0.4764,0.9758,0.0482,0.0466,0.289,0.9738
721,24.0574,49,0.6387,0.4877,0.036,0.0774,0.5605,0.8916
722,24.0907,27,0.1349,0.4617,0.2622,0.0993,0.6039,0.9336
722,24.0907,36,0.5794,0.3577,0.075,0.1334,0.7537,0.7812
722,24.0907,37,0.7224,0.7046,0.1399,0.4141,0.4009,0.113
722,24.0907,38,0.8359,0.0695,0.0708,0.1386,0.7131,0.7484
722,24.0907,41,0.8564,0.4744,0.1454,0.2362,0.311,0.5314
722,24.0907,42,0.7013,0.3374,0.0882,0.2323,0.7362,0.5506
722,24.0907,43,0.8553,0.21,0.037,0.0614,0.3491,0.9523
722,24.0907,44,0.3519,0.2845,0.0441,0.0926,0.8159,0.8535
722,24.0907,45,0.9295,0.4693,0.0641,0.1547,0.6769,0.7329
722,24.0907,47,0.4571,0.4577,0.04,0.0601,0.4774,0.9487
722,24.0907,48,0.4764,0.9758,0.0482,0.0465,0.3091,0.9738
722,24.0907,49,0.6371,0.4892,0.035,0.076,0.6234,0.8916
723,24.1241,27,0.1343,0.4605,0.2636,0.0998,0.5399,0.9336
723,24.1241,36,0.5792,0.3566,0.0734,0.1331,0.7078,0.7812
723,24.1241,37,0.7317,0.7076,0.1385,0.4063,0.5563,0.113
723,24.1241,38,0.8415,0.0649,0.0678,0.1295,0.4313,0.7484
723,24.1241,41,0.8525,0.4734,0.1458,0.2363,0.4314,0.5314
723,24.1241,42,0.7011,0.332,0.0873,0.2311,0.7092,0.5506
723,24.1241,43,0.8554,0.2083,0.0372,0.0615,0.4492,0.9523
723,24.1241,44,0.3541,0.2845,0.0439,0.0917,0.7974,0.8535
723,24.1241,45,0.9298,0.4701,0.0634,0.1543,0.6881,0.7329
723,24.1241,47,0.4574,0.4576,0.0402,0.0606,0.6256,0.9487
723,24.1241,48,0.4764,0.9758,0.0481,0.0465,0.3412,0.9738
723,24.1241,49,0.6354,0.4906,0.0341,0.0747,0.6234,0.8916
724,24.1575,27,0.1341,0.4595,0.2649,0.1004,0.6386,0.9336
724,24.1575,36,0.579,0.3555,0.0719,0.133,0.7628,0.7812
724,24.1575,37,0.741,0.7087,0.1389,0.4023,0.5926,0.113
724,24.1575,38,0.8461,0.0602,0.0649,0.12,0.4143,0.7484
724,24.1575,41,0.8485,0.4724,0.1454,0.2362,0.6011,0.5314
724,24.1575,42,0.7009,0.3275,0.087,0.232,0.7753,0.5506
724,24.1575,43,0.8559,0.2065,0.0372,0.0612,0.363,0.9523
724,24.1575,44,0.3563,0.2846,0.0437,0.0909,0.808,0.8535
724,24.1575,45,0.9302,0.4706,0.0628,0.1541,0.6791,0.7329
724,24.1575,47,0.4577,0.4578,0.0403,0.0607,0.6372,0.9487
724,24.1575,48,0.4764,0.9758,0.0481,0.0465,0.3571,0.9738
724,24.1575,49,0.6336,0.4918,0.0332,0.0735,0.6173,0.8916
724,24.1575,50,0.8516,0.0482,0.0555,0.0963,0.4339,0.8039
725,24.1908,27,0.1337,0.4585,0.2649,0.1007,0.5428,0.9336
725,24.1908,36,0.5789,0.3543,0.0706,0.1329,0.7436,0.7812
725,24.1908,37,0.7504,0.7087,0.1419,0.4048,0.4637,0.113
725,24.1908,38,0.8483,0.0582,0.0636,0.116,0.6797,0.7484
725,24.1908,41,0.8448,0.4715,0.1444,0.236,0.5413,0.5314
725,24.1908,42,0.7008,0.324,0.0873,0.2353,0.7864,0.5506
725,24.1908,43,0.8566,0.2047,0.0372,0.0611,0.3844,0.9523
725,24.1908,44,0.3582,0.2844,0.0436,0.0903,0.7594,0.8535
725,24.1908,45,0.9306,0.4711,0.0621,0.1539,0.6979,0.7329
725,24.1908,47,0.458,0.458,0.0403,0.0606,0.6205,0.9487
725,24.1908,48,0.4764,0.9758,0.0481,0.0465,0.3132,0.9738
725,24.1908,49,0.6317,0.4929,0.0326,0.0724,0.6433,0.8916
726,24.2242,36,0.5789,0.3532,0.0692,0.1327,0.7366,0.7812
726,24.2242,37,0.7605,0.7074,0.1454,0.4086,0.6185,0.113
726,24.2242,41,0.8432,0.4706,0.1436,0.2357,0.5297,0.5314
726,24.2242,42,0.7005,0.3207,0.0876,0.2393,0.754,0.5506
726,24.2242,43,0.8577,0.2031,0.0372,0.061,0.3455,0.9523
726,24.2242,44,0.3598,0.2841,0.0438,0.0903,0.7868,0.8535
726,24.2242,45,0.9312,0.4719,0.0612,0.1531,0.6935,0.7329
726,24.2242,47,0.458,0.4582,0.0404,0.0603,0.5872,0.9487
726,24.2242,48,0.4764,0.9758,0.0481,0.0465,0.3206,0.9738
726,24.2242,49,0.6297,0.4936,0.0325,0.0722,0.7542,0.8916
726,24.2242,50,0.8528,0.047,0.0546,0.0939,0.6448,0.8039
727,24.2576,27,0.1332,0.4575,0.2648,0.1012,0.3942,0.9336
727,24.2576,36,0.579,0.3519,0.0678,0.1322,0.7732,0.7812
727,24.2576,37,0.7703,0.7052,0.1498,0.4135,0.5702,0.113
727,24.2576,41,0.8447,0.4698,0.1434,0.235,0.4942,0.5314
727,24.2576,42,0.7002,0.3177,0.088,0.2439,0.7816,0.5506
727,24.2576,43,0.8589,0.2016,0.0369,0.0609,0.4793,0.9523
727,24.2576,44,0.3611,0.2837,0.0442,0.0909,0.6939,0.8535
727,24.2576,45,0.9318,0.4728,0.0601,0.1519,0.7109,0.7329
727,24.2576,47,0.458,0.4585,0.0403,0.0595,0.5588,0.9487
727,24.2576,48,0.4764,0.9758,0.0482,0.0466,0.314,0.9738
727,24.2576,49,0.628,0.4943,0.0328,0.0724,0.6958,0.8916
727,24.2576,50,0.8539,0.0462,0.0542,0.0924,0.7238,0.8039
728,24.2909,27,0.1323,0.4555,0.2637,0.1021,0.5501,0.9336
728,24.2909,36,0.5792,0.3506,0.0666,0.1319,0.7992,0.7812
728,24.2909,37,0.78,0.7018,0.1551,0.4188,0.5392,0.113
728,24.2909,38,0.8509,0.056,0.0622,0.1116,0.4861,0.7484
728,24.2909,41,0.8457,0.4688,0.1434,0.2339,0.3332,0.5314
728,24.2909,42,0.6998,0.3148,0.0881,0.2486,0.7574,0.5506
728,24.2909,43,0.8604,0.2012,0.0368,0.0609,0.5924,0.9523
728,24.2909,44,0.362,0.2828,0.0446,0.0916,0.7124,0.8535
728,24.2909,45,0.9325,0.4737,0.0589,0.1508,0.5993,0.7329
728,24.2909,47,0.4578,0.4595,0.0396,0.0576,0.5592,0.9487
728,24.2909,48,0.4765,0.9757,0.0482,0.0467,0.3769,0.9738
728,24.2909,49,0.6263,0.4953,0.033,0.0719,0.6685,0.8916
728,24.2909,50,0.8547,0.0456,0.0539,0.091,0.4259,0.8039
729,24.3243,27,0.1312,0.4535,0.2624,0.1032,0.2513,0.9336
729,24.3243,36,0.5792,0.3495,0.0653,0.1311,0.7466,0.7812
729,24.3243,37,0.7889,0.6979,0.1606,0.4236,0.5406,0.113
729,24.3243,38,0.8542,0.0533,0.0606,0.1063,0.76,0.7484
729,24.3243,41,0.8483,0.468,0.1438,0.2326,0.3158,0.5314
729,24.3243,42,0.6999,0.3114,0.088,0.2526,0.7688,0.5506
729,24.3243,43,0.8618,0.201,0.0368,0.0614,0.6387,0.9523
729,24.3243,44,0.3627,0.2817,0.0451,0.0927,0.7199,0.8535
729,24.3243,45,0.9328,0.4741,0.0584,0.1502,0.6552,0.7329
729,24.3243,47,0.4573,0.4606,0.0389,0.0554,0.5969,0.9487
729,24.3243,48,0.4765,0.9756,0.0483,0.0467,0.3605,0.9738
729,24.3243,49,0.6247,0.4964,0.0332,0.0711,0.6756,0.8916
730,24.3577,27,0.1298,0.4516,0.2595,0.1042,0.3711,0.9336
730,24.3577,36,0.5793,0.3485,0.064,0.1303,0.7567,0.7812
730,24.3577,37,0.798,0.6943,0.1665,0.4287,0.5369,0.113
730,24.3577,41,0.8518,0.4671,0.1448,0.2314,0.2915,0.5314
730,24.3577,42,0.7002,0.3082,0.0878,0.2567,0.7859,0.5506
730,24.3577,43,0.8641,0.2012,0.037,0.0623,0.4749,0.9523
730,24.3577,44,0.3632,0.2807,0.0455,0.0936,0.7719,0.8535
730,24.3577,45,0.9332,0.4745,0.0578,0.1497,0.3164,0.7329
730,24.3577,47,0.4564,0.4615,0.0385,0.0538,0.5935,0.9487
730,24.3577,48,0.4766,0.9755,0.0484,0.0468,0.3248,0.9738
730,24.3577,49,0.6231,0.4977,0.0336,0.0703,0.6788,0.8916
730,24.3577,50,0.8553,0.0439,0.053,0.0877,0.7779,0.8039
731,24.391,7,0.6747,0.9807,0.0473,0.0362,0.2959,1.0
731,24.391,36,0.5792,0.3474,0.0628,0.1292,0.7661,0.7812
731,24.391,37,0.8071,0.6937,0.1728,0.433,0.6468,0.113
731,24.391,41,0.8557,0.4662,0.1462,0.2301,0.3807,0.5314
731,24.391,42,0.7006,0.3041,0.0872,0.2592,0.8144,0.5506
731,24.391,44,0.3635,0.2794,0.046,0.0947,0.7861,0.8535
731,24.391,45,0.9336,0.4751,0.0572,0.1489,0.5639,0.7329
731,24.391,47,0.4555,0.4623,0.0383,0.0523,0.472,0.9487
731,24.391,48,0.4767,0.9754,0.0485,0.0469,0.2503,0.9738
731,24.391,49,0.6217,0.4989,0.0343,0.0699,0.6553,0.8916
731,24.391,50,0.8555,0.0424,0.0526,0.0847,0.7011,0.8039
732,24.4244,7,0.6748,0.9807,0.0473,0.0361,0.2851,1.0
732,24.4244,36,0.579,0.3463,0.0617,0.1281,0.7499,0.7812
732,24.4244,37,0.8161,0.6927,0.179,0.4364,0.4919,0.113
732,24.4244,41,0.8598,0.4653,0.1479,0.229,0.6631,0.5314
732,24.4244,42,0.701,0.2976,0.0854,0.2574,0.7947,0.5506
732,24.4244,44,0.3635,0.2783,0.0466,0.0957,0.8006,0.8535
732,24.4244,47,0.4543,0.4629,0.0381,0.0512,0.4751,0.9487
732,24.4244,49,0.6205,0.5003,0.0352,0.0697,0.6301,0.8916
732,24.4244,50,0.8566,0.0412,0.0525,0.0824,0.8535,0.8039
733,24.4578,7,0.6749,0.9808,0.0473,0.0359,0.2609,1.0
733,24.4578,36,0.5787,0.3449,0.0609,0.1277,0.744,0.7812
733,24.4578,37,0.825,0.6917,0.1858,0.4402,0.4898,0.113
733,24.4578,41,0.8645,0.4643,0.1496,0.2278,0.5885,0.5314
733,24.4578,42,0.7014,0.2905,0.0835,0.2547,0.7617,0.5506
733,24.4578,43,0.8663,0.2028,0.037,0.0626,0.2781,0.9523
733,24.4578,44,0.3634,0.2773,0.0471,0.0963,0.7983,0.8535
733,24.4578,49,0.6197,0.5018,0.036,0.0693,0.5653,0.8916
733,24.4578,50,0.8579,0.0403,0.0526,0.0807,0.862,0.8039
734,24.4911,7,0.675,0.9808,0.0473,0.0357,0.286,1.0
734,24.4911,36,0.5783,0.3436,0.0605,0.1278,0.7118,0.7812
734,24.4911,37,0.8339,0.6933,0.1898,0.4357,0.5848,0.113
734,24.4911,41,0.8677,0.4633,0.1511,0.2268,0.6954,0.5314
734,24.4911,42,0.7017,0.2828,0.0816,0.2512,0.7248,0.5506
734,24.4911,43,0.8683,0.2049,0.0368,0.063,0.2952,0.9523
734,24.4911,44,0.3633,0.2762,0.0475,0.0965,0.7907,0.8535
734,24.4911,47,0.453,0.4636,0.038,0.0502,0.4244,0.9487
734,24.4911,48,0.4767,0.9753,0.0485,0.047,0.2604,0.9738
734,24.4911,49,0.6191,0.5033,0.0368,0.0686,0.5661,0.8916
734,24.4911,50,0.8589,0.0397,0.0529,0.0794,0.793,0.8039
735,24.5245,7,0.675,0.9809,0.0475,0.0356,0.3122,1.0
735,24.5245,27,0.1284,0.4498,0.2567,0.1054,0.3761,0.9336
735,24.5245,36,0.5778,0.3427,0.0605,0.1287,0.7023,0.7812
735,24.5245,37,0.8416,0.6972,0.1932,0.4294,0.5887,0.113
735,24.5245,41,0.8729,0.4624,0.153,0.2263,0.7085,0.5314
735,24.5245,42,0.702,0.2748,0.0799,0.2477,0.7169,0.5506
735,24.5245,44,0.3632,0.2756,0.0482,0.0968,0.7954,0.8535
735,24.5245,47,0.4518,0.4642,0.0379,0.0495,0.4632,0.9487
735,24.5245,48,0.4768,0.9752,0.0485,0.047,0.2604,0.9738
735,24.5245,49,0.619,0.5044,0.0378,0.0686,0.5858,0.8916
735,24.5245,50,0.8596,0.0391,0.053,0.078,0.3614,0.8039
736,24.5579,7,0.675,0.9809,0.0476,0.0356,0.321,1.0
736,24.5579,27,0.1266,0.4479,0.2532,0.1063,0.4769,0.9336
736,24.5579,36,0.5771,0.3415,0.0604,0.1292,0.6827,0.7812
736,24.5579,37,0.8492,0.7017,0.1969,0.4232,0.525,0.113
736,24.5579,41,0.8776,0.4612,0.155,0.226,0.5373,0.5314
736,24.5579,42,0.7022,0.2667,0.0783,0.2445,0.7427,0.5506
736,24.5579,44,0.3631,0.2752,0.049,0.0972,0.7838,0.8535
736,24.5579,47,0.4505,0.4646,0.0385,0.0502,0.6318,0.9487
736,24.5579,48,0.4768,0.9752,0.0486,0.0471,0.2826,0.9738
736,24.5579,49,0.619,0.5054,0.039,0.069,0.4099,0.8916
736,24.5579,50,0.8605,0.0383,0.053,0.0766,0.6917,0.8039
737,24.5912,7,0.675,0.9809,0.0476,0.0355,0.3009,1.0
737,24.5912,27,0.125,0.4461,0.2499,0.1072,0.4092,0.9336
737,24.5912,36,0.5762,0.3401,0.0602,0.1294,0.7002,0.7812
737,24.5912,37,0.8556,0.7071,0.201,0.4175,0.5106,0.113
737,24.5912,41,0.8822,0.4599,0.1574,0.2262,0.4108,0.5314
737,24.5912,42,0.7025,0.2596,0.0775,0.2438,0.7271,0.5506
737,24.5912,44,0.3631,0.2749,0.0501,0.0976,0.7866,0.8535
737,24.5912,47,0.4495,0.4649,0.0392,0.0511,0.635,0.9487
737,24.5912,48,0.4766,0.9751,0.0485,0.0471,0.2689,0.9738
737,24.5912,49,0.6192,0.5064,0.0403,0.0694,0.5545,0.8916
737,24.5912,50,0.8617,0.0378,0.0529,0.0754,0.6125,0.8039
738,24.6246,7,0.675,0.981,0.0477,0.0356,0.296,1.0
738,24.6246,27,0.1214,0.4448,0.2429,0.1053,0.5153,0.9336
738,24.6246,36,0.5754,0.3387,0.0602,0.1297,0.705,0.7812
738,24.6246,37,0.8614,0.7094,0.2025,0.4065,0.4973,0.113
738,24.6246,41,0.8869,0.4585,0.16,0.2267,0.5431,0.5314
738,24.6246,42,0.7032,0.2538,0.0774,0.246,0.759,0.5506
738,24.6246,43,0.8702,0.2072,0.0367,0.0631,0.3979,0.9523
738,24.6246,44,0.3631,0.2746,0.0512,0.0981,0.8077,0.8535
738,24.6246,47,0.4487,0.4655,0.0396,0.0518,0.5986,0.9487
738,24.6246,48,0.4764,0.9751,0.0483,0.0471,0.288,0.9738
738,24.6246,49,0.6192,0.5074,0.0412,0.0693,0.4135,0.8916
738,24.6246,50,0.8631,0.0374,0.0528,0.0746,0.6833,0.8039
739,24.658,7,0.675,0.981,0.0478,0.0356,0.2744,1.0
739,24.658,27,0.1185,0.4447,0.2371,0.1036,0.2928,0.9336
739,24.658,36,0.5745,0.3374,0.0603,0.13,0.7348,0.7812
739,24.658,37,0.8667,0.7085,0.2018,0.3913,0.6136,0.113
739,24.658,41,0.8916,0.4568,0.163,0.2277,0.7692,0.5314
739,24.658,42,0.7042,0.2503,0.0785,0.2527,0.7861,0.5506
739,24.658,44,0.3632,0.2743,0.0523,0.0985,0.8231,0.8535
739,24.658,47,0.4481,0.466,0.04,0.0525,0.5675,0.9487
739,24.658,48,0.4762,0.9751,0.0481,0.0472,0.2615,0.9738
739,24.658,49,0.6172,0.5086,0.0417,0.0692,0.4967,0.8916
739,24.658,50,0.8635,0.0369,0.0527,0.0737,0.7521,0.8039
740,24.6913,7,0.6749,0.981,0.0479,0.0357,0.2686,1.0
740,24.6913,27,0.1154,0.4445,0.2279,0.0996,0.3417,0.9336
740,24.6913,36,0.5738,0.3365,0.0602,0.1298,0.726,0.7812
740,24.6913,37,0.8712,0.7094,0.2031,0.3805,0.365,0.113
740,24.6913,41,0.8959,0.4551,0.1663,0.2289,0.878,0.5314
740,24.6913,42,0.7058,0.2473,0.0789,0.2571,0.6863,0.5506
740,24.6913,44,0.3634,0.2742,0.0535,0.0988,0.8464,0.8535
740,24.6913,47,0.4478,0.4666,0.0405,0.0533,0.6738,0.9487
740,24.6913,49,0.6157,0.5096,0.0424,0.0694,0.6401,0.8916
740,24.6913,50,0.8637,0.0365,0.0526,0.0729,0.5092,0.8039
741,24.7247,36,0.5731,0.3358,0.0601,0.1296,0.6403,0.7812
741,24.7247,41,0.8999,0.4531,0.1697,0.2307,0.7421,0.5314
741,24.7247,42,0.708,0.2435,0.0796,0.2627,0.6472,0.5506
741,24.7247,44,0.3636,0.2744,0.0544,0.099,0.8272,0.8535
741,24.7247,47,0.4476,0.4674,0.0409,0.0539,0.6486,0.9487
741,24.7247,49,0.6138,0.5108,0.0431,0.0697,0.324,0.8916
741,24.7247,50,0.8637,0.0361,0.0525,0.0721,0.7545,0.8039
742,24.7581,36,0.5725,0.3348,0.0596,0.1283,0.6402,0.7812
742,24.7581,37,0.8748,0.7082,0.2079,0.382,0.2791,0.113
742,24.7581,41,0.9029,0.451,0.1728,0.2323,0.4739,0.5314
742,24.7581,42,0.7103,0.2393,0.0804,0.269,0.4354,0.5506
742,24.7581,43,0.8722,0.2097,0.0365,0.0634,0.5843,0.9523
742,24.7581,44,0.364,0.2747,0.0554,0.0991,0.8231,0.8535
742,24.7581,47,0.4476,0.4682,0.0411,0.0542,0.62,0.9487
742,24.7581,50,0.8635,0.0357,0.0524,0.0714,0.788,0.8039
743,24.7914,36,0.5723,0.3342,0.0595,0.1276,0.6256,0.7812
743,24.7914,37,0.8773,0.7074,0.214,0.3954,0.2922,0.113
743,24.7914,41,0.9053,0.4488,0.1757,0.2343,0.4962,0.5314
743,24.7914,42,0.7117,0.2356,0.0819,0.2767,0.3859,0.5506
743,24.7914,43,0.874,0.2126,0.0362,0.0632,0.3793,0.9523
743,24.7914,44,0.3645,0.2749,0.0563,0.0994,0.8391,0.8535
743,24.7914,47,0.4477,0.4694,0.0411,0.0541,0.5976,0.9487
743,24.7914,50,0.8634,0.0355,0.0524,0.0709,0.7999,0.8039
743,24.7914,51,0.6833,0.3533,0.0272,0.058,0.3901,0.9447
744,24.8248,36,0.5723,0.334,0.0596,0.1272,0.6021,0.7812
744,24.8248,37,0.8792,0.7059,0.2185,0.4117,0.4195,0.113
744,24.8248,41,0.9067,0.4455,0.1767,0.2341,0.6138,0.5314
744,24.8248,43,0.8758,0.2156,0.0355,0.0624,0.3371,0.9523
744,24.8248,44,0.3654,0.2753,0.0572,0.0997,0.8564,0.8535
744,24.8248,47,0.4478,0.4706,0.0411,0.0539,0.493,0.9487
744,24.8248,49,0.6112,0.5118,0.044,0.0707,0.4837,0.8916
744,24.8248,50,0.8636,0.0352,0.0524,0.0704,0.7326,0.8039
744,24.8248,51,0.6824,0.3537,0.0273,0.0578,0.4526,0.9447
745,24.8582,36,0.5725,0.3341,0.0598,0.1268,0.5725,0.7812
745,24.8582,41,0.9076,0.4426,0.1782,0.2348,0.6157,0.5314
745,24.8582,42,0.7129,0.2309,0.0831,0.2825,0.3972,0.5506
745,24.8582,43,0.8766,0.2186,0.0346,0.0614,0.269,0.9523
745,24.8582,44,0.3665,0.2758,0.0581,0.1001,0.8264,0.8535
745,24.8582,47,0.4479,0.4718,0.0412,0.0536,0.5913,0.9487
745,24.8582,49,0.608,0.5129,0.0447,0.0716,0.4758,0.8916
745,24.8582,50,0.8643,0.0352,0.0525,0.0703,0.3942,0.8039
746,24.8915,7,0.6749,0.981,0.048,0.0357,0.3552,1.0
746,24.8915,27,0.1123,0.4444,0.2184,0.0946,0.321,0.9336
746,24.8915,36,0.573,0.3345,0.0599,0.126,0.5922,0.7812
746,24.8915,37,0.882,0.7037,0.2199,0.4253,0.2833,0.113
746,24.8915,41,0.9079,0.44,0.1795,0.2355,0.5053,0.5314
746,24.8915,42,0.7157,0.2252,0.085,0.2878,0.4512,0.5506
746,24.8915,43,0.877,0.2208,0.0344,0.0616,0.4568,0.9523
746,24.8915,44,0.3678,0.2763,0.059,0.1005,0.7905,0.8535
746,24.8915,47,0.448,0.4731,0.0414,0.0535,0.6063,0.9487
746,24.8915,49,0.6043,0.5138,0.0452,0.0725,0.5437,0.8916
746,24.8915,50,0.8649,0.0352,0.0525,0.0702,0.7017,0.8039
746,24.8915,51,0.6817,0.3541,0.0274,0.0578,0.454,0.9447
747,24.9249,7,0.6748,0.981,0.0482,0.0358,0.256,1.0
747,24.9249,27,0.1093,0.444,0.2083,0.0889,0.2816,0.9336
747,24.9249,36,0.5735,0.335,0.0601,0.1253,0.6848,0.7812
747,24.9249,37,0.8856,0.7039,0.2185,0.4312,0.3214,0.113
747,24.9249,41,0.9078,0.4375,0.1808,0.2363,0.3397,0.5314
747,24.9249,42,0.7191,0.2188,0.0873,0.2917,0.2701,0.5506
747,24.9249,43,0.8774,0.2232,0.0342,0.0617,0.4337,0.9523
747,24.9249,44,0.3694,0.2771,0.0599,0.1009,0.804,0.8535
747,24.9249,47,0.4479,0.4746,0.0417,0.0535,0.6208,0.9487
747,24.9249,49,0.6003,0.5149,0.0457,0.0736,0.6822,0.8916
747,24.9249,50,0.8655,0.0351,0.0525,0.07,0.7018,0.8039
747,24.9249,51,0.6811,0.3546,0.0276,0.058,0.404,0.9447
747,24.9249,52,0.7228,0.4873,0.0227,0.072,0.3836,0.913
748,24.9583,7,0.6747,0.9809,0.0483,0.036,0.2513,1.0
748,24.9583,36,0.5742,0.3356,0.0604,0.1244,0.7256,0.7812
748,24.9583,37,0.8888,0.7052,0.2193,0.4454,0.3967,0.113
748,24.9583,41,0.9073,0.4351,0.1817,0.2366,0.5078,0.5314
748,24.9583,42,0.7224,0.2128,0.0911,0.2991,0.3664,0.5506
748,24.9583,43,0.8775,0.2258,0.0341,0.062,0.4068,0.9523
748,24.9583,44,0.371,0.2782,0.0609,0.1015,0.8354,0.8535
748,24.9583,47,0.4476,0.4759,0.0424,0.0539,0.6124,0.9487
748,24.9583,49,0.5981,0.5159,0.0464,0.0745,0.6991,0.8916
748,24.9583,50,0.8663,0.0351,0.0527,0.0701,0.7702,0.8039
748,24.9583,51,0.6798,0.3557,0.0278,0.0581,0.5284,0.9447
748,24.9583,52,0.722,0.4874,0.0229,0.0726,0.4857,0.913
749,24.9916,7,0.6747,0.9809,0.0484,0.0361,0.2598,1.0
749,24.9916,27,0.1064,0.4435,0.1986,0.0831,0.4006,0.9336
749,24.9916,36,0.5749,0.3366,0.0608,0.1238,0.6663,0.7812
749,24.9916,37,0.891,0.7062,0.2181,0.463,0.2615,0.113
749,24.9916,41,0.9064,0.4325,0.1831,0.2374,0.3772,0.5314
749,24.9916,43,0.8773,0.2284,0.0341,0.0621,0.2987,0.9523
749,24.9916,44,0.3726,0.2795,0.0619,0.1024,0.8092,0.8535
749,24.9916,47,0.447,0.4773,0.0434,0.0548,0.6181,0.9487
749,24.9916,49,0.5953,0.517,0.0471,0.0756,0.686,0.8916
749,24.9916,50,0.8672,0.0354,0.0532,0.0705,0.7931,0.8039
749,24.9916,51,0.6786,0.357,0.0281,0.0582,0.5034,0.9447
749,24.9916,52,0.7214,0.4876,0.023,0.073,0.4533,0.913
750,25.025,7,0.6746,0.9808,0.0485,0.0362,0.3026,1.0
750,25.025,27,0.1034,0.443,0.1892,0.0771,0.5299,0.9336
750,25.025,36,0.5757,0.3377,0.0613,0.1235,0.5693,0.7812
750,25.025,41,0.9052,0.4303,0.1847,0.2383,0.4694,0.5314
750,25.025,42,0.7252,0.2083,0.0954,0.3072,0.4012,0.5506
750,25.025,43,0.877,0.2301,0.0341,0.0624,0.444,0.9523
750,25.025,44,0.3742,0.2809,0.0629,0.1032,0.8075,0.8535
750,25.025,47,0.4461,0.4784,0.0446,0.0559,0.5733,0.9487
750,25.025,48,0.4759,0.9752,0.0478,0.0472,0.2887,0.9738
750,25.025,49,0.5925,0.518,0.0479,0.0767,0.6595,0.8916
750,25.025,50,0.8681,0.0357,0.0538,0.0712,0.7506,0.8039
750,25.025,51,0.6775,0.3582,0.0283,0.0581,0.5361,0.9447
750,25.025,52,0.7208,0.4879,0.0232,0.0735,0.3051,0.913
751,25.0584,7,0.6746,0.9808,0.0485,0.0363,0.3103,1.0
751,25.0584,27,0.1024,0.4419,0.1837,0.0737,0.6854,0.9336
751,25.0584,36,0.5764,0.3389,0.062,0.1234,0.5567,0.7812
751,25.0584,37,0.8925,0.7074,0.215,0.4777,0.4102,0.113
751,25.0584,41,0.9037,0.4291,0.1875,0.2409,0.4427,0.5314
751,25.0584,42,0.7281,0.2036,0.0992,0.3122,0.4701,0.5506
751,25.0584,43,0.8764,0.2316,0.0341,0.0625,0.6003,0.9523
751,25.0584,44,0.3753,0.2827,0.0638,0.1039,0.7918,0.8535
751,25.0584,47,0.4453,0.4791,0.0462,0.0576,0.6806,0.9487
751,25.0584,48,0.4757,0.9752,0.0475,0.0472,0.3025,0.9738
751,25.0584,49,0.5902,0.5192,0.0484,0.0772,0.7276,0.8916
751,25.0584,50,0.8689,0.036,0.0545,0.0718,0.7202,0.8039
751,25.0584,51,0.6767,0.3597,0.0287,0.0583,0.5981,0.9447
751,25.0584,52,0.7194,0.4885,0.0234,0.0741,0.4415,0.913
751,25.0584,53,0.1865,0.8376,0.0292,0.0805,0.4413,0.8944
752,25.0917,7,0.6745,0.9808,0.0486,0.0364,0.2914,1.0
752,25.0917,27,0.1037,0.4412,0.1754,0.0689,0.6466,0.9336
752,25.0917,36,0.577,0.34,0.0627,0.1236,0.6725,0.7812
752,25.0917,37,0.896,0.712,0.208,0.4809,0.2509,0.113
752,25.0917,41,0.9022,0.4277,0.1896,0.2425,0.3934,0.5314
752,25.0917,42,0.7296,0.1981,0.1014,0.3138,0.3216,0.5506
752,25.0917,43,0.8758,0.2329,0.0341,0.0623,0.4612,0.9523
752,25.0917,44,0.3761,0.2846,0.0644,0.1044,0.8043,0.8535
752,25.0917,47,0.4444,0.4798,0.048,0.0596,0.5982,0.9487
752,25.0917,48,0.4755,0.9752,0.0473,0.0472,0.3672,0.9738
752,25.0917,49,0.5883,0.5203,0.0491,0.0776,0.7049,0.8916
752,25.0917,50,0.8698,0.0367,0.0558,0.0732,0.7739,0.8039
752,25.0917,51,0.676,0.3612,0.0292,0.0586,0.6059,0.9447
752,25.0917,52,0.718,0.489,0.0236,0.0746,0.4217,0.913
752,25.0917,53,0.1865,0.8376,0.0292,0.0805,0.4408,0.8944
753,25.1251,7,0.6745,0.9807,0.0486,0.0364,0.2878,1.0
753,25.1251,27,0.1064,0.441,0.1692,0.0656,0.3276,0.9336
753,25.1251,36,0.5775,0.3412,0.0636,0.1243,0.6165,0.7812
753,25.1251,41,0.901,0.4259,0.1914,0.2437,0.6267,0.5314
753,25.1251,43,0.8753,0.2341,0.034,0.0618,0.4644,0.9523
753,25.1251,44,0.3767,0.2866,0.0651,0.105,0.7958,0.8535
753,25.1251,47,0.4435,0.48,0.0505,0.0624,0.4968,0.9487
753,25.1251,48,0.4752,0.9752,0.047,0.0472,0.2983,0.9738
753,25.1251,49,0.5868,0.5213,0.0501,0.0782,0.7017,0.8916
753,25.1251,50,0.8707,0.0374,0.0571,0.0746,0.7271,0.8039
753,25.1251,51,0.6756,0.3626,0.0298,0.0589,0.5209,0.9447
753,25.1251,52,0.7167,0.4895,0.0237,0.075,0.4163,0.913
753,25.1251,53,0.1865,0.8376,0.0292,0.0805,0.419,0.8944
754,25.1585,7,0.6745,0.9807,0.0486,0.0365,0.2644,1.0
754,25.1585,27,0.1099,0.4409,0.1637,0.0629,0.5101,0.9336
754,25.1585,36,0.5779,0.3426,0.0641,0.1245,0.6651,0.7812
754,25.1585,41,0.9002,0.4241,0.1931,0.2448,0.6371,0.5314
754,25.1585,42,0.7302,0.1927,0.1029,0.3141,0.3169,0.5506
754,25.1585,43,0.8748,0.2351,0.034,0.0612,0.4317,0.9523
754,25.1585,44,0.377,0.2889,0.0656,0.1052,0.8037,0.8535
754,25.1585,47,0.4426,0.48,0.0531,0.0654,0.6718,0.9487
754,25.1585,48,0.4752,0.9752,0.0467,0.0472,0.2852,0.9738
754,25.1585,49,0.5858,0.5222,0.0515,0.0793,0.6675,0.8916
754,25.1585,50,0.872,0.0385,0.0592,0.0767,0.6934,0.8039
754,25.1585,51,0.6754,0.3639,0.0305,0.0593,0.5748,0.9447
754,25.1585,52,0.7153,0.4899,0.024,0.0758,0.3607,0.913
754,25.1585,53,0.1865,0.8376,0.0292,0.0805,0.4274,0.8944
755,25.1918,7,0.6745,0.9807,0.0485,0.0365,0.3289,1.0
755,25.1918,27,0.1137,0.4412,0.159,0.0608,0.3678,0.9336
755,25.1918,36,0.5782,0.3441,0.0647,0.1249,0.713,0.7812
755,25.1918,37,0.8997,0.7175,0.2007,0.4802,0.2796,0.113
755,25.1918,41,0.9,0.4225,0.1945,0.2462,0.7596,0.5314
755,25.1918,42,0.7283,0.1881,0.1032,0.3127,0.2511,0.5506
755,25.1918,43,0.8744,0.2362,0.0336,0.0599,0.4377,0.9523
755,25.1918,44,0.3771,0.2911,0.0661,0.1056,0.8214,0.8535
755,25.1918,47,0.4417,0.4798,0.0554,0.0681,0.6856,0.9487
755,25.1918,48,0.4753,0.9752,0.0466,0.0473,0.3529,0.9738
755,25.1918,49,0.5849,0.523,0.0529,0.0803,0.706,0.8916
755,25.1918,50,0.8732,0.0399,0.0617,0.0793,0.6816,0.8039
755,25.1918,51,0.6753,0.3649,0.0315,0.0602,0.5573,0.9447
755,25.1918,52,0.714,0.4904,0.0242,0.0763,0.4397,0.913
755,25.1918,53,0.1865,0.8376,0.0292,0.0805,0.4381,0.8944
756,25.2252,7,0.6745,0.9807,0.0485,0.0365,0.3408,1.0
756,25.2252,27,0.1177,0.4418,0.1544,0.059,0.3396,0.9336
756,25.2252,36,0.5783,0.3456,0.0652,0.1253,0.7296,0.7812
756,25.2252,37,0.9026,0.7234,0.1948,0.4808,0.3213,0.113
756,25.2252,41,0.9,0.4213,0.1954,0.2477,0.7698,0.5314
756,25.2252,42,0.7249,0.184,0.1027,0.3109,0.5073,0.5506
756,25.2252,43,0.8741,0.2373,0.0334,0.0588,0.3971,0.9523
756,25.2252,44,0.3769,0.2933,0.0663,0.1055,0.8247,0.8535
756,25.2252,47,0.4408,0.4794,0.0574,0.0706,0.5676,0.9487
756,25.2252,48,0.4753,0.9752,0.0464,0.0473,0.3764,0.9738
756,25.2252,49,0.5841,0.5237,0.0542,0.081,0.7116,0.8916
756,25.2252,50,0.8744,0.0416,0.0649,0.0827,0.6323,0.8039
756,25.2252,51,0.675,0.3659,0.0325,0.0608,0.5134,0.9447
756,25.2252,52,0.7128,0.4908,0.0243,0.0768,0.3917,0.913
756,25.2252,53,0.1865,0.8376,0.0292,0.0805,0.4504,0.8944
757,25.2586,7,0.6745,0.9807,0.0485,0.0365,0.3294,1.0
757,25.2586,27,0.1215,0.4423,0.1497,0.0574,0.666,0.9336
757,25.2586,36,0.5783,0.3476,0.066,0.1266,0.6197,0.7812
757,25.2586,41,0.9016,0.4201,0.193,0.2488,0.7121,0.5314
757,25.2586,42,0.7209,0.1804,0.1017,0.3086,0.5101,0.5506
757,25.2586,44,0.3764,0.2957,0.0664,0.1051,0.8318,0.8535
757,25.2586,47,0.44,0.4789,0.0592,0.0729,0.6496,0.9487
757,25.2586,48,0.4753,0.9752,0.0463,0.0472,0.3926,0.9738
757,25.2586,49,0.5835,0.5246,0.0554,0.0815,0.7347,0.8916
757,25.2586,51,0.6747,0.3667,0.0337,0.0617,0.4422,0.9447
757,25.2586,52,0.7116,0.4911,0.0245,0.0772,0.5544,0.913
757,25.2586,53,0.1864,0.8377,0.0292,0.0806,0.4333,0.8944
757,25.2586,54,0.3478,0.4596,0.0452,0.047,0.4069,0.9786
758,25.2919,7,0.6745,0.9807,0.0484,0.0365,0.3263,1.0
758,25.2919,27,0.1253,0.4429,0.1452,0.056,0.5911,0.9336
758,25.2919,36,0.5782,0.3503,0.0675,0.1295,0.6495,0.7812
758,25.2919,41,0.9031,0.4204,0.1913,0.2518,0.767,0.5314
758,25.2919,42,0.7163,0.1779,0.1002,0.306,0.3956,0.5506
758,25.2919,44,0.3758,0.2982,0.0664,0.1046,0.8214,0.8535
758,25.2919,47,0.4395,0.4785,0.0609,0.0751,0.4562,0.9487
758,25.2919,48,0.4754,0.9752,0.0462,0.0472,0.4047,0.9738
758,25.2919,49,0.583,0.5256,0.0565,0.0819,0.7095,0.8916
758,25.2919,50,0.8755,0.0435,0.0685,0.0865,0.3634,0.8039
758,25.2919,51,0.6742,0.3674,0.0348,0.0625,0.2854,0.9447
758,25.2919,52,0.7105,0.4913,0.0246,0.0777,0.5582,0.913
758,25.2919,53,0.1864,0.8377,0.0293,0.0807,0.4279,0.8944
758,25.2919,54,0.3473,0.4589,0.0459,0.0478,0.4743,0.9786
759,25.3253,7,0.6745,0.9807,0.0484,0.0365,0.3093,1.0
759,25.3253,27,0.126,0.4427,0.1442,0.0561,0.6641,0.9336
759,25.3253,36,0.5778,0.3532,0.0691,0.133,0.6299,0.7812
759,25.3253,41,0.9066,0.4194,0.1855,0.2522,0.5245,0.5314
759,25.3253,42,0.711,0.1768,0.099,0.3053,0.6323,0.5506
759,25.3253,43,0.8739,0.2384,0.0333,0.0578,0.4089,0.9523
759,25.3253,44,0.3751,0.3011,0.0668,0.1046,0.8249,0.8535
759,25.3253,47,0.4388,0.4781,0.0625,0.0774,0.4872,0.9487
759,25.3253,48,0.4754,0.9752,0.0462,0.0472,0.3225,0.9738
759,25.3253,49,0.5825,0.5266,0.0577,0.0824,0.6973,0.8916
759,25.3253,50,0.8765,0.0459,0.0728,0.0912,0.6778,0.8039
759,25.3253,51,0.6737,0.3679,0.036,0.0635,0.3792,0.9447
759,25.3253,52,0.7094,0.4916,0.0246,0.0778,0.5182,0.913
759,25.3253,53,0.1864,0.8377,0.0293,0.0807,0.4138,0.8944
759,25.3253,54,0.3466,0.4581,0.0468,0.0488,0.4191,0.9786
760,25.3587,7,0.6745,0.9807,0.0484,0.0365,0.3299,1.0
760,25.3587,27,0.1255,0.4422,0.1448,0.0568,0.7393,0.9336
760,25.3587,36,0.5773,0.356,0.0707,0.1369,0.5753,0.7812
760,25.3587,41,0.9105,0.4184,0.1786,0.2522,0.3899,0.5314
760,25.3587,42,0.7073,0.1779,0.099,0.3079,0.648,0.5506
760,25.3587,44,0.3745,0.3043,0.067,0.1044,0.8195,0.8535
760,25.3587,47,0.4379,0.4779,0.0631,0.0786,0.5447,0.9487
760,25.3587,48,0.4754,0.9752,0.0461,0.0472,0.3026,0.9738
760,25.3587,49,0.582,0.5276,0.0587,0.0825,0.6289,0.8916
760,25.3587,50,0.8775,0.0484,0.0771,0.096,0.8032,0.8039
760,25.3587,51,0.6729,0.3685,0.0371,0.0645,0.5077,0.9447
760,25.3587,52,0.7082,0.4919,0.0246,0.078,0.4728,0.913
760,25.3587,53,0.1864,0.8378,0.0293,0.0808,0.4157,0.8944
760,25.3587,54,0.3459,0.4571,0.0465,0.0484,0.5746,0.9786
761,25.392,7,0.6746,0.9807,0.0483,0.0364,0.3215,1.0
761,25.392,27,0.1243,0.4414,0.1465,0.058,0.4465,0.9336
761,25.392,36,0.5764,0.3587,0.0721,0.141,0.6699,0.7812
761,25.392,41,0.9147,0.4177,0.1706,0.252,0.386,0.5314
761,25.392,42,0.7046,0.1794,0.099,0.3099,0.6027,0.5506
761,25.392,43,0.8739,0.2394,0.0334,0.0572,0.4529,0.9523
761,25.392,44,0.374,0.3073,0.0674,0.1045,0.7884,0.8535
761,25.392,48,0.4754,0.9752,0.046,0.0472,0.3645,0.9738
761,25.392,49,0.5814,0.5285,0.0595,0.0823,0.6472,0.8916
761,25.392,50,0.8784,0.0512,0.0817,0.1014,0.8496,0.8039
761,25.392,51,0.6718,0.3689,0.0381,0.0654,0.525,0.9447
761,25.392,52,0.7071,0.4923,0.0245,0.0778,0.5939,0.913
761,25.392,53,0.1863,0.8378,0.0293,0.0809,0.4079,0.8944
761,25.392,54,0.3447,0.4549,0.0466,0.0485,0.2511,0.9786
762,25.4254,7,0.6746,0.9807,0.0483,0.0364,0.2916,1.0
762,25.4254,27,0.1224,0.4405,0.1489,0.0596,0.7715,0.9336
762,25.4254,36,0.5753,0.3617,0.0735,0.1457,0.7313,0.7812
762,25.4254,42,0.7021,0.1805,0.0986,0.3099,0.744,0.5506
762,25.4254,43,0.8738,0.2403,0.0336,0.0568,0.4204,0.9523
762,25.4254,44,0.3738,0.3105,0.0676,0.1042,0.7785,0.8535
762,25.4254,47,0.4371,0.4777,0.0633,0.0796,0.4072,0.9487
762,25.4254,48,0.4755,0.9752,0.046,0.0472,0.3081,0.9738
762,25.4254,49,0.5806,0.5294,0.0603,0.0822,0.6463,0.8916
762,25.4254,50,0.8789,0.0537,0.0856,0.1064,0.8436,0.8039
762,25.4254,51,0.6704,0.3697,0.0386,0.0659,0.376,0.9447
762,25.4254,52,0.706,0.4928,0.0244,0.0775,0.3727,0.913
762,25.4254,53,0.1863,0.8379,0.0293,0.0809,0.4255,0.8944
763,25.4588,7,0.6746,0.9807,0.0483,0.0364,0.2781,1.0
763,25.4588,27,0.1204,0.4395,0.1509,0.0612,0.7135,0.9336
763,25.4588,36,0.5743,0.3646,0.0747,0.1503,0.7504,0.7812
763,25.4588,42,0.7002,0.1818,0.098,0.309,0.7392,0.5506
763,25.4588,43,0.8735,0.2409,0.0337,0.0563,0.5604,0.9523
763,25.4588,44,0.3739,0.3135,0.068,0.1041,0.7865,0.8535
763,25.4588,47,0.4364,0.4774,0.0635,0.0807,0.4005,0.9487
763,25.4588,48,0.4755,0.9752,0.046,0.0472,0.3536,0.9738
763,25.4588,49,0.5796,0.5302,0.0612,0.082,0.6064,0.8916
763,25.4588,50,0.8793,0.0562,0.0892,0.1113,0.8163,0.8039
763,25.4588,51,0.669,0.3705,0.039,0.0661,0.5298,0.9447
763,25.4588,52,0.7048,0.4932,0.0243,0.0772,0.5426,0.913
763,25.4588,53,0.1863,0.8379,0.0293,0.0809,0.4177,0.8944
763,25.4588,54,0.3436,0.4529,0.0465,0.0484,0.3886,0.9786
764,25.4921,7,0.6746,0.9807,0.0482,0.0364,0.2936,1.0
764,25.4921,27,0.1189,0.4385,0.153,0.0628,0.7462,0.9336
764,25.4921,36,0.5734,0.3675,0.075,0.1536,0.7666,0.7812
764,25.4921,42,0.6986,0.1836,0.0972,0.3076,0.7272,0.5506
764,25.4921,43,0.8733,0.2413,0.0339,0.0559,0.5342,0.9523
764,25.4921,44,0.3745,0.3167,0.0686,0.1042,0.7989,0.8535
764,25.4921,47,0.436,0.477,0.0638,0.082,0.5427,0.9487
764,25.4921,48,0.4755,0.9752,0.046,0.0472,0.3605,0.9738
764,25.4921,49,0.5784,0.5306,0.0621,0.0819,0.5864,0.8916
764,25.4921,50,0.8796,0.0583,0.092,0.1156,0.8254,0.8039
764,25.4921,51,0.6677,0.3711,0.0392,0.0662,0.5551,0.9447
764,25.4921,52,0.7035,0.4936,0.0243,0.0771,0.4681,0.913
764,25.4921,53,0.1863,0.8379,0.0293,0.081,0.4231,0.8944
764,25.4921,54,0.3428,0.4512,0.0462,0.048,0.6771,0.9786
765,25.5255,7,0.6746,0.9807,0.0482,0.0364,0.2819,1.0
765,25.5255,27,0.1171,0.4377,0.1545,0.0643,0.6862,0.9336
765,25.5255,36,0.5726,0.3698,0.0744,0.155,0.7455,0.7812
765,25.5255,42,0.6976,0.185,0.0959,0.3043,0.6933,0.5506
765,25.5255,43,0.8733,0.2413,0.0344,0.056,0.5332,0.9523
765,25.5255,44,0.3755,0.3196,0.0695,0.1048,0.8547,0.8535
765,25.5255,47,0.4355,0.4765,0.0641,0.0834,0.5353,0.9487
765,25.5255,48,0.4755,0.9752,0.046,0.0473,0.372,0.9738
765,25.5255,49,0.577,0.5309,0.063,0.0819,0.5868,0.8916
765,25.5255,50,0.8798,0.0602,0.0943,0.1195,0.7925,0.8039
765,25.5255,51,0.6661,0.3717,0.0393,0.0662,0.679,0.9447
765,25.5255,52,0.7023,0.4939,0.0243,0.077,0.5141,0.913
765,25.5255,53,0.1863,0.8379,0.0293,0.0809,0.4052,0.8944
765,25.5255,54,0.3422,0.4498,0.0457,0.0474,0.6762,0.9786
766,25.5589,7,0.6746,0.9806,0.0483,0.0365,0.3276,1.0
766,25.5589,27,0.1158,0.4372,0.1549,0.0653,0.6158,0.9336
766,25.5589,36,0.5719,0.3723,0.0733,0.1554,0.7577,0.7812
766,25.5589,41,0.9191,0.4172,0.1618,0.2513,0.4735,0.5314
766,25.5589,42,0.6972,0.187,0.0947,0.301,0.7145,0.5506
766,25.5589,43,0.8731,0.2408,0.035,0.0563,0.5027,0.9523
766,25.5589,44,0.377,0.3224,0.0702,0.1047,0.8088,0.8535
766,25.5589,47,0.4343,0.4759,0.0639,0.0843,0.5683,0.9487
766,25.5589,48,0.4755,0.9752,0.046,0.0473,0.3838,0.9738
766,25.5589,49,0.5753,0.5311,0.0637,0.0818,0.5578,0.8916
766,25.5589,50,0.88,0.0618,0.096,0.1227,0.8143,0.8039
766,25.5589,51,0.6645,0.3723,0.0393,0.066,0.6393,0.9447
766,25.5589,52,0.7011,0.4941,0.0244,0.0772,0.561,0.913
766,25.5589,53,0.1862,0.8379,0.0293,0.0809,0.4122,0.8944
766,25.5589,54,0.3418,0.4484,0.0453,0.0468,0.572,0.9786
767,25.5922,7,0.6746,0.9806,0.0484,0.0366,0.2884,1.0
767,25.5922,27,0.1144,0.4368,0.155,0.0662,0.5089,0.9336
767,25.5922,36,0.5717,0.374,0.0712,0.1532,0.739,0.7812
767,25.5922,41,0.9239,0.4166,0.1521,0.25,0.4217,0.5314
767,25.5922,42,0.6973,0.1886,0.0929,0.2963,0.7111,0.5506
767,25.5922,43,0.8729,0.2401,0.0355,0.0566,0.4983,0.9523
767,25.5922,44,0.3787,0.3252,0.071,0.105,0.7926,0.8535
767,25.5922,47,0.4332,0.4754,0.0635,0.085,0.3366,0.9487
767,25.5922,48,0.4756,0.9753,0.046,0.0473,0.3534,0.9738
767,25.5922,49,0.5731,0.5314,0.0644,0.0817,0.5737,0.8916
767,25.5922,50,0.88,0.0637,0.098,0.1266,0.8296,0.8039
767,25.5922,51,0.6626,0.3729,0.0391,0.0656,0.6165,0.9447
767,25.5922,52,0.7,0.4942,0.0246,0.0774,0.4752,0.913
767,25.5922,53,0.1862,0.8379,0.0293,0.0809,0.3828,0.8944
767,25.5922,54,0.3418,0.447,0.0449,0.046,0.4164,0.9786
768,25.6256,7,0.6746,0.9805,0.0485,0.0368,0.3758,1.0
768,25.6256,27,0.1131,0.4366,0.1543,0.0667,0.5657,0.9336
768,25.6256,36,0.5719,0.3751,0.0691,0.1507,0.7623,0.7812
768,25.6256,41,0.9238,0.4187,0.1523,0.2541,0.3536,0.5314
768,25.6256,42,0.6977,0.1913,0.0915,0.2928,0.7283,0.5506
768,25.6256,43,0.8727,0.2393,0.0358,0.0565,0.4885,0.9523
768,25.6256,44,0.3808,0.3282,0.0717,0.105,0.7536,0.8535
768,25.6256,47,0.4323,0.4749,0.0633,0.0856,0.4806,0.9487
768,25.6256,48,0.4756,0.9753,0.046,0.0473,0.3825,0.9738
768,25.6256,49,0.5705,0.5318,0.065,0.0815,0.5074,0.8916
768,25.6256,50,0.8807,0.065,0.0987,0.1292,0.8165,0.8039
768,25.6256,51,0.6608,0.3734,0.0386,0.0649,0.6088,0.9447
768,25.6256,52,0.6988,0.4942,0.0248,0.0776,0.5014,0.913
768,25.6256,53,0.1862,0.8379,0.0293,0.0809,0.3763,0.8944
768,25.6256,54,0.342,0.446,0.0459,0.0467,0.4528,0.9786
769,25.659,7,0.6746,0.9804,0.0487,0.0369,0.2874,1.0
769,25.659,27,0.1122,0.4366,0.153,0.067,0.6804,0.9336
769,25.659,36,0.5724,0.3758,0.0668,0.1473,0.7234,0.7812
769,25.659,41,0.9223,0.4209,0.1536,0.2584,0.4349,0.5314
769,25.659,42,0.6981,0.1959,0.0909,0.2922,0.7351,0.5506
769,25.659,43,0.8723,0.2385,0.0362,0.0567,0.4289,0.9523
769,25.659,44,0.383,0.3311,0.0725,0.1051,0.7456,0.8535
769,25.659,47,0.431,0.4744,0.0632,0.0863,0.5381,0.9487
769,25.659,48,0.4755,0.9753,0.046,0.0473,0.3621,0.9738
769,25.659,49,0.5678,0.5321,0.0654,0.0814,0.6464,0.8916
769,25.659,50,0.8812,0.0661,0.0992,0.1314,0.7975,0.8039
769,25.659,51,0.6589,0.3736,0.0384,0.0646,0.677,0.9447
769,25.659,52,0.6975,0.4941,0.025,0.078,0.5699,0.913
769,25.659,53,0.1862,0.8378,0.0293,0.0809,0.3713,0.8944
769,25.659,54,0.3425,0.4452,0.0469,0.0473,0.4665,0.9786
770,25.6923,7,0.6746,0.9803,0.0488,0.0371,0.3168,1.0
770,25.6923,27,0.1117,0.4366,0.1513,0.067,0.6955,0.9336
770,25.6923,36,0.5731,0.3767,0.0645,0.1434,0.7459,0.7812
770,25.6923,41,0.918,0.4248,0.1597,0.2667,0.4951,0.5314
770,25.6923,42,0.6982,0.2016,0.0904,0.293,0.7846,0.5506
770,25.6923,43,0.872,0.2375,0.0366,0.057,0.5696,0.9523
770,25.6923,44,0.3853,0.334,0.0732,0.1052,0.7498,0.8535
770,25.6923,47,0.4296,0.474,0.0629,0.0866,0.4373,0.9487
770,25.6923,48,0.4755,0.9753,0.046,0.0473,0.4242,0.9738
770,25.6923,49,0.5651,0.5324,0.066,0.0814,0.5346,0.8916
770,25.6923,50,0.8814,0.0676,0.1004,0.1345,0.5869,0.8039
770,25.6923,51,0.6572,0.3737,0.0382,0.0646,0.645,0.9447
770,25.6923,52,0.6962,0.494,0.0251,0.0783,0.5564,0.913
770,25.6923,53,0.1862,0.8378,0.0293,0.0809,0.3923,0.8944
770,25.6923,54,0.3424,0.4441,0.0479,0.048,0.5803,0.9786
771,25.7257,7,0.6746,0.9802,0.049,0.0373,0.2881,1.0
771,25.7257,27,0.1111,0.4365,0.1494,0.067,0.6689,0.9336
771,25.7257,36,0.574,0.3772,0.0625,0.1398,0.7091,0.7812
771,25.7257,41,0.9129,0.4293,0.1676,0.2758,0.4401,0.5314
771,25.7257,42,0.698,0.208,0.0901,0.2946,0.7935,0.5506
771,25.7257,43,0.8717,0.2365,0.0369,0.0575,0.5218,0.9523
771,25.7257,44,0.3877,0.3367,0.0739,0.1054,0.7701,0.8535
771,25.7257,47,0.4279,0.4738,0.0628,0.0868,0.3768,0.9487
771,25.7257,48,0.4755,0.9753,0.046,0.0473,0.3559,0.9738
771,25.7257,49,0.5624,0.5325,0.0664,0.0815,0.5718,0.8916
771,25.7257,50,0.8816,0.0691,0.1015,0.1374,0.7871,0.8039
771,25.7257,51,0.6558,0.3737,0.0381,0.0648,0.638,0.9447
771,25.7257,52,0.6949,0.494,0.0253,0.0784,0.6227,0.913
771,25.7257,53,0.1862,0.8378,0.0293,0.0809,0.3876,0.8944
771,25.7257,54,0.342,0.4432,0.0489,0.0486,0.3917,0.9786
772,25.7591,7,0.6746,0.9801,0.0492,0.0375,0.2575,1.0
772,25.7591,27,0.1113,0.4364,0.1475,0.067,0.6947,0.9336
772,25.7591,36,0.575,0.3774,0.0607,0.1362,0.7396,0.7812
772,25.7591,37,0.904,0.7292,0.1919,0.4916,0.2506,0.113
772,25.7591,41,0.9071,0.4339,0.1772,0.286,0.5102,0.5314
772,25.7591,42,0.6975,0.2152,0.0899,0.2969,0.7598,0.5506
772,25.7591,43,0.8714,0.2353,0.037,0.0578,0.554,0.9523
772,25.7591,44,0.3901,0.3393,0.0745,0.1055,0.7371,0.8535
772,25.7591,47,0.4261,0.4737,0.0627,0.0872,0.4991,0.9487
772,25.7591,48,0.4754,0.9753,0.0461,0.0473,0.3793,0.9738
772,25.7591,49,0.5597,0.5326,0.0669,0.0818,0.6039,0.8916
772,25.7591,50,0.882,0.0705,0.1025,0.1402,0.6773,0.8039
772,25.7591,51,0.6545,0.3738,0.0378,0.0646,0.5407,0.9447
772,25.7591,52,0.6937,0.4939,0.0255,0.0787,0.5225,0.913
772,25.7591,53,0.1862,0.8378,0.0292,0.0808,0.3828,0.8944
772,25.7591,54,0.341,0.4415,0.049,0.0483,0.3767,0.9786
773,25.7924,27,0.1118,0.436,0.1447,0.0665,0.6566,0.9336
773,25.7924,36,0.5763,0.3775,0.0592,0.1327,0.7325,0.7812
773,25.7924,37,0.9057,0.7375,0.1886,0.4991,0.341,0.113
773,25.7924,41,0.9009,0.439,0.188,0.2967,0.4359,0.5314
773,25.7924,42,0.6965,0.2227,0.0897,0.299,0.7214,0.5506
773,25.7924,43,0.8708,0.2339,0.0366,0.0574,0.6365,0.9523
773,25.7924,44,0.3922,0.3421,0.0749,0.1055,0.769,0.8535
773,25.7924,47,0.4234,0.4755,0.0601,0.0835,0.4615,0.9487
773,25.7924,48,0.4755,0.9753,0.0461,0.0473,0.3769,0.9738
773,25.7924,49,0.557,0.5325,0.0673,0.0822,0.6076,0.8916
773,25.7924,50,0.8827,0.0715,0.103,0.1421,0.6598,0.8039
773,25.7924,51,0.6531,0.3736,0.0372,0.0639,0.4457,0.9447
773,25.7924,52,0.6923,0.4941,0.0254,0.0782,0.5808,0.913
773,25.7924,53,0.1862,0.8378,0.0292,0.0807,0.3561,0.8944
774,25.8258,27,0.1127,0.4355,0.1416,0.0658,0.5639,0.9336
774,25.8258,36,0.5776,0.3784,0.0586,0.1314,0.7062,0.7812
774,25.8258,37,0.908,0.7445,0.184,0.4979,0.3595,0.113
774,25.8258,41,0.8984,0.4411,0.1931,0.3012,0.4056,0.5314
774,25.8258,42,0.6951,0.2303,0.0895,0.3007,0.7076,0.5506
774,25.8258,43,0.8701,0.2325,0.036,0.0569,0.6602,0.9523
774,25.8258,44,0.3943,0.3445,0.0752,0.1052,0.7865,0.8535
774,25.8258,47,0.4205,0.4778,0.057,0.0787,0.5255,0.9487
774,25.8258,48,0.4755,0.9753,0.0462,0.0473,0.3797,0.9738
774,25.8258,49,0.5547,0.5323,0.0678,0.0827,0.6333,0.8916
774,25.8258,50,0.8837,0.072,0.1026,0.1428,0.6259,0.8039
774,25.8258,51,0.6519,0.3733,0.0368,0.0635,0.5298,0.9447
774,25.8258,52,0.6909,0.4944,0.0253,0.0778,0.6844,0.913
774,25.8258,53,0.1862,0.8378,0.0292,0.0807,0.3652,0.8944
774,25.8258,54,0.3399,0.4398,0.049,0.0478,0.3259,0.9786
775,25.8592,7,0.6746,0.98,0.0493,0.0378,0.259,1.0
775,25.8592,27,0.1138,0.4349,0.1385,0.065,0.6814,0.9336
775,25.8592,36,0.5788,0.3796,0.0584,0.1307,0.7146,0.7812
775,25.8592,37,0.9104,0.7514,0.1793,0.4936,0.369,0.113
775,25.8592,41,0.9007,0.4393,0.1885,0.2977,0.4783,0.5314
775,25.8592,42,0.6934,0.2377,0.0897,0.3028,0.7352,0.5506
775,25.8592,43,0.8693,0.2312,0.0355,0.0566,0.5869,0.9523
775,25.8592,44,0.3961,0.3467,0.0755,0.1051,0.7451,0.8535
775,25.8592,47,0.4175,0.4803,0.0539,0.0737,0.4618,0.9487
775,25.8592,48,0.4757,0.9753,0.0463,0.0474,0.409,0.9738
775,25.8592,49,0.5528,0.532,0.0682,0.0831,0.5971,0.8916
775,25.8592,50,0.884,0.0722,0.1022,0.143,0.7289,0.8039
775,25.8592,51,0.6509,0.373,0.0363,0.0629,0.4915,0.9447
775,25.8592,52,0.6895,0.4945,0.0253,0.0774,0.6283,0.913
775,25.8592,53,0.1861,0.8378,0.0292,0.0806,0.3801,0.8944
775,25.8592,54,0.3384,0.438,0.0492,0.0475,0.4083,0.9786
776,25.8925,7,0.6746,0.9799,0.0494,0.0379,0.3435,1.0
776,25.8925,27,0.1149,0.4344,0.1354,0.064,0.726,0.9336
776,25.8925,36,0.58,0.3809,0.0582,0.1302,0.7084,0.7812
776,25.8925,37,0.9114,0.7536,0.1772,0.4897,0.458,0.113
776,25.8925,41,0.9055,0.4362,0.1808,0.2915,0.3015,0.5314
776,25.8925,42,0.6915,0.2446,0.09,0.305,0.7557,0.5506
776,25.8925,43,0.8686,0.23,0.0348,0.0561,0.4303,0.9523
776,25.8925,44,0.3979,0.3486,0.0758,0.1051,0.7852,0.8535
776,25.8925,48,0.4758,0.9752,0.0464,0.0474,0.5274,0.9738
776,25.8925,49,0.5513,0.5318,0.0684,0.0832,0.6833,0.8916
776,25.8925,50,0.8848,0.072,0.1015,0.1425,0.8062,0.8039
776,25.8925,51,0.65,0.3726,0.0359,0.0622,0.6095,0.9447
776,25.8925,52,0.6883,0.4945,0.0253,0.0771,0.5364,0.913
776,25.8925,53,0.1861,0.8378,0.0292,0.0805,0.329,0.8944
777,25.9259,7,0.6745,0.9798,0.0494,0.0381,0.3585,1.0
777,25.9259,27,0.1157,0.4339,0.1324,0.0631,0.7402,0.9336
777,25.9259,36,0.5812,0.3819,0.0582,0.1301,0.7309,0.7812
777,25.9259,37,0.9119,0.7556,0.1761,0.4862,0.5845,0.113
777,25.9259,41,0.9111,0.4328,0.172,0.2839,0.4582,0.5314
777,25.9259,42,0.6898,0.2475,0.0888,0.2998,0.6581,0.5506
777,25.9259,43,0.8678,0.2289,0.034,0.0556,0.4884,0.9523
777,25.9259,44,0.3996,0.3507,0.0761,0.1049,0.7886,0.8535
777,25.9259,47,0.4148,0.483,0.0508,0.0683,0.4216,0.9487
777,25.9259,48,0.4759,0.9752,0.0464,0.0474,0.5214,0.9738
777,25.9259,49,0.5501,0.5316,0.0685,0.0831,0.6832,0.8916
777,25.9259,50,0.8859,0.0711,0.0997,0.1404,0.8118,0.8039
777,25.9259,51,0.6493,0.3721,0.0354,0.0615,0.6232,0.9447
777,25.9259,52,0.687,0.4945,0.0252,0.0769,0.6821,0.913
777,25.9259,53,0.1861,0.8377,0.0292,0.0804,0.3348,0.8944
777,25.9259,54,0.3362,0.4358,0.0495,0.0473,0.3996,0.9786
778,25.9593,7,0.6745,0.9797,0.0493,0.0382,0.3461,1.0
778,25.9593,27,0.1159,0.4333,0.129,0.0618,0.7452,0.9336
778,25.9593,36,0.5822,0.3826,0.0583,0.1303,0.7321,0.7812
778,25.9593,37,0.912,0.7583,0.175,0.4811,0.5767,0.113
778,25.9593,41,0.9169,0.429,0.1627,0.2759,0.4253,0.5314
778,25.9593,42,0.6882,0.2488,0.0873,0.2915,0.74,0.5506
778,25.9593,43,0.8669,0.2277,0.0333,0.0551,0.4926,0.9523
778,25.9593,44,0.401,0.3528,0.076,0.1041,0.7744,0.8535
778,25.9593,47,0.4124,0.4854,0.0481,0.0632,0.3366,0.9487
778,25.9593,48,0.4761,0.9752,0.0465,0.0475,0.4247,0.9738
778,25.9593,49,0.549,0.5313,0.0686,0.0829,0.6486,0.8916
778,25.9593,50,0.8872,0.07,0.098,0.1381,0.7699,0.8039
778,25.9593,51,0.6484,0.3717,0.0348,0.0606,0.6149,0.9447
778,25.9593,52,0.6857,0.4945,0.0251,0.0766,0.7164,0.913
778,25.9593,53,0.186,0.8377,0.0292,0.0803,0.351,0.8944
778,25.9593,54,0.3332,0.4328,0.0492,0.0463,0.3721,0.9786
779,25.9926,7,0.6744,0.9797,0.0492,0.0383,0.3535,1.0
779,25.9926,27,0.1155,0.4327,0.1259,0.0606,0.7474,0.9336
779,25.9926,36,0.5832,0.3833,0.0583,0.1306,0.7386,0.7812
779,25.9926,37,0.9112,0.7608,0.1746,0.4762,0.4629,0.113
779,25.9926,41,0.9228,0.4251,0.1528,0.2672,0.3,0.5314
779,25.9926,42,0.6867,0.249,0.0856,0.2812,0.4736,0.5506
779,25.9926,43,0.8656,0.2269,0.0327,0.0549,0.4908,0.9523
779,25.9926,44,0.4023,0.3548,0.0761,0.1034,0.7832,0.8535
779,25.9926,47,0.4102,0.4879,0.0454,0.0579,0.2954,0.9487
779,25.9926,48,0.4762,0.9751,0.0466,0.0475,0.3781,0.9738
779,25.9926,49,0.5482,0.5309,0.0687,0.0829,0.6724,0.8916
779,25.9926,50,0.8889,0.0688,0.0961,0.1356,0.7954,0.8039
779,25.9926,51,0.6476,0.3712,0.0343,0.0598,0.5723,0.9447
779,25.9926,52,0.6844,0.4943,0.025,0.0766,0.7169,0.913
779,25.9926,53,0.186,0.8377,0.0292,0.0803,0.3357,0.8944
779,25.9926,54,0.3308,0.4302,0.0492,0.0455,0.3091,0.9786
780,26.026,7,0.6743,0.9797,0.0491,0.0383,0.3332,1.0
780,26.026,27,0.1141,0.4323,0.1236,0.0598,0.7402,0.9336
780,26.026,36,0.5839,0.3837,0.0584,0.131,0.7017,0.7812
780,26.026,37,0.9098,0.7631,0.1747,0.4716,0.4266,0.113
780,26.026,41,0.9287,0.4209,0.1426,0.2583,0.2505,0.5314
780,26.026,42,0.6854,0.2482,0.084,0.2704,0.3788,0.5506
780,26.026,43,0.8644,0.2264,0.0324,0.0551,0.5102,0.9523
780,26.026,44,0.4033,0.3565,0.0763,0.1028,0.7862,0.8535
780,26.026,47,0.4084,0.4906,0.0426,0.0522,0.2614,0.9487
780,26.026,48,0.4762,0.9751,0.0467,0.0475,0.344,0.9738
780,26.026,49,0.5478,0.5305,0.069,0.0828,0.6782,0.8916
780,26.026,50,0.8905,0.0678,0.0947,0.1338,0.746,0.8039
780,26.026,51,0.6471,0.3708,0.0341,0.0595,0.5413,0.9447
780,26.026,52,0.6832,0.4937,0.0251,0.0773,0.6746,0.913
780,26.026,53,0.186,0.8377,0.0292,0.0803,0.3418,0.8944
781,26.0594,7,0.6743,0.9797,0.049,0.0383,0.2505,1.0
781,26.0594,27,0.112,0.4318,0.1221,0.0594,0.6839,0.9336
781,26.0594,36,0.5845,0.384,0.0584,0.1313,0.656,0.7812
781,26.0594,37,0.9081,0.7653,0.1753,0.4671,0.3544,0.113
781,26.0594,41,0.9304,0.4201,0.1393,0.2555,0.355,0.5314
781,26.0594,42,0.6844,0.2476,0.0827,0.26,0.2827,0.5506
781,26.0594,43,0.8632,0.2259,0.0322,0.0556,0.5649,0.9523
781,26.0594,44,0.4039,0.358,0.0764,0.1022,0.7536,0.8535
781,26.0594,47,0.4076,0.4911,0.0426,0.0504,0.3179,0.9487
781,26.0594,48,0.4763,0.9751,0.0467,0.0476,0.2913,0.9738
781,26.0594,49,0.5476,0.5301,0.0691,0.0826,0.6787,0.8916
781,26.0594,50,0.8918,0.0665,0.0929,0.1312,0.7767,0.8039
781,26.0594,51,0.6466,0.3704,0.0339,0.0594,0.5139,0.9447
781,26.0594,52,0.6821,0.4932,0.0251,0.0779,0.7245,0.913
781,26.0594,53,0.1859,0.8377,0.0292,0.0803,0.3226,0.8944
781,26.0594,54,0.3283,0.4273,0.0486,0.0441,0.2523,0.9786
782,26.0927,27,0.1093,0.4313,0.1205,0.059,0.7168,0.9336
782,26.0927,36,0.585,0.3843,0.0582,0.1311,0.6805,0.7812
782,26.0927,37,0.906,0.7673,0.1762,0.4631,0.4355,0.113
782,26.0927,41,0.9306,0.4207,0.1387,0.2552,0.593,0.5314
782,26.0927,42,0.6835,0.2466,0.0811,0.2481,0.3645,0.5506
782,26.0927,43,0.8621,0.2251,0.0317,0.0552,0.6419,0.9523
782,26.0927,44,0.4043,0.3594,0.0766,0.1016,0.766,0.8535
782,26.0927,47,0.4069,0.4912,0.0432,0.0495,0.2972,0.9487
782,26.0927,48,0.4762,0.975,0.0468,0.0476,0.304,0.9738
782,26.0927,49,0.5474,0.5296,0.0693,0.0824,0.6551,0.8916
782,26.0927,50,0.893,0.0654,0.0917,0.1293,0.7462,0.8039
782,26.0927,51,0.6459,0.3698,0.0338,0.0594,0.4756,0.9447
782,26.0927,52,0.6809,0.4928,0.025,0.0783,0.7547,0.913
782,26.0927,53,0.1859,0.8377,0.0292,0.0803,0.3174,0.8944
783,26.1261,7,0.6742,0.9797,0.0488,0.0383,0.2799,1.0
783,26.1261,27,0.1061,0.4307,0.1192,0.0588,0.7471,0.9336
783,26.1261,36,0.5855,0.3846,0.0581,0.1309,0.6745,0.7812
783,26.1261,37,0.9033,0.769,0.1774,0.4596,0.4571,0.113
783,26.1261,41,0.9303,0.4216,0.1394,0.255,0.5902,0.5314
783,26.1261,42,0.6829,0.2452,0.0794,0.2362,0.2922,0.5506
783,26.1261,43,0.8609,0.224,0.0312,0.0548,0.558,0.9523
783,26.1261,44,0.4042,0.3606,0.0767,0.1009,0.7711,0.8535
783,26.1261,47,0.4058,0.4911,0.0441,0.0491,0.2756,0.9487
783,26.1261,48,0.4762,0.975,0.0469,0.0476,0.3206,0.9738
783,26.1261,49,0.5472,0.5291,0.0695,0.0821,0.6687,0.8916
783,26.1261,50,0.8938,0.0647,0.0909,0.1281,0.767,0.8039
783,26.1261,51,0.6453,0.369,0.0336,0.0593,0.4747,0.9447
783,26.1261,52,0.6798,0.4927,0.0247,0.0783,0.759,0.913
783,26.1261,53,0.1859,0.8377,0.0292,0.0802,0.3234,0.8944
784,26.1595,7,0.6742,0.9797,0.0486,0.0382,0.2696,1.0
784,26.1595,27,0.1026,0.4299,0.1178,0.0583,0.7446,0.9336
784,26.1595,36,0.5859,0.3848,0.0579,0.1305,0.6812,0.7812
784,26.1595,37,0.9003,0.7705,0.1788,0.4564,0.4242,0.113
784,26.1595,41,0.9297,0.4228,0.1403,0.2547,0.5786,0.5314
784,26.1595,42,0.6826,0.2469,0.0794,0.2314,0.5437,0.5506
784,26.1595,43,0.8594,0.2231,0.0306,0.0543,0.5761,0.9523
784,26.1595,44,0.4037,0.3615,0.0768,0.1003,0.7817,0.8535
784,26.1595,47,0.4009,0.4903,0.0457,0.0495,0.2869,0.9487
784,26.1595,48,0.4762,0.975,0.047,0.0476,0.2731,0.9738
784,26.1595,49,0.5471,0.5284,0.0697,0.0817,0.6499,0.8916
784,26.1595,50,0.8942,0.0642,0.0903,0.1272,0.7871,0.8039
784,26.1595,51,0.6447,0.3682,0.0333,0.059,0.5008,0.9447
784,26.1595,52,0.6788,0.4925,0.0244,0.0784,0.673,0.913
784,26.1595,53,0.1859,0.8377,0.0293,0.0802,0.3322,0.8944
785,26.1928,7,0.6742,0.9798,0.0484,0.0382,0.3175,1.0
785,26.1928,27,0.0989,0.429,0.1166,0.0581,0.72,0.9336
785,26.1928,36,0.5861,0.3851,0.0577,0.13,0.6687,0.7812
785,26.1928,37,0.8971,0.7712,0.1812,0.455,0.5585,0.113
785,26.1928,41,0.929,0.4234,0.1402,0.2523,0.5571,0.5314
785,26.1928,42,0.6824,0.2491,0.0796,0.2287,0.6207,0.5506
785,26.1928,43,0.8577,0.2221,0.0299,0.0535,0.4466,0.9523
785,26.1928,44,0.4029,0.3621,0.0769,0.0999,0.803,0.8535
785,26.1928,47,0.3959,0.4895,0.0472,0.0494,0.2766,0.9487
785,26.1928,48,0.4762,0.975,0.047,0.0476,0.3085,0.9738
785,26.1928,49,0.5468,0.5278,0.0701,0.0815,0.6833,0.8916
785,26.1928,50,0.8942,0.0636,0.0897,0.1261,0.7932,0.8039
785,26.1928,51,0.6438,0.3673,0.0328,0.0584,0.4608,0.9447
785,26.1928,52,0.6779,0.4924,0.024,0.0782,0.6719,0.913
785,26.1928,53,0.1859,0.8391,0.0302,0.083,0.3031,0.8944
786,26.2262,7,0.6742,0.9798,0.0483,0.0381,0.297,1.0
786,26.2262,27,0.0955,0.4281,0.1154,0.0577,0.6965,0.9336
786,26.2262,36,0.5862,0.3853,0.0575,0.1293,0.6429,0.7812
786,26.2262,37,0.8942,0.772,0.1837,0.4533,0.582,0.113
786,26.2262,41,0.9281,0.4237,0.1395,0.2484,0.4199,0.5314
786,26.2262,42,0.6825,0.2511,0.08,0.2277,0.7177,0.5506
786,26.2262,43,0.8564,0.2211,0.0292,0.0527,0.3466,0.9523
786,26.2262,44,0.402,0.3626,0.077,0.0996,0.7667,0.8535
786,26.2262,48,0.4762,0.975,0.0471,0.0476,0.2823,0.9738
786,26.2262,49,0.5462,0.5271,0.0705,0.0811,0.6425,0.8916
786,26.2262,50,0.8935,0.0628,0.089,0.1246,0.7843,0.8039
786,26.2262,51,0.6429,0.3664,0.0325,0.058,0.3761,0.9447
786,26.2262,52,0.6772,0.4927,0.0235,0.0775,0.6931,0.913
786,26.2262,53,0.1859,0.8397,0.0305,0.0842,0.2826,0.8944
787,26.2596,7,0.6742,0.9798,0.0481,0.0381,0.2928,1.0
787,26.2596,27,0.0924,0.4273,0.114,0.0572,0.7408,0.9336
787,26.2596,36,0.586,0.3855,0.0574,0.1286,0.6157,0.7812
787,26.2596,37,0.8915,0.7736,0.1859,0.4502,0.5911,0.113
787,26.2596,41,0.9269,0.4248,0.1395,0.2454,0.5164,0.5314
787,26.2596,42,0.6828,0.2532,0.0804,0.2274,0.7428,0.5506
787,26.2596,43,0.8546,0.2201,0.0286,0.0521,0.3439,0.9523
787,26.2596,44,0.4011,0.3631,0.0769,0.0992,0.795,0.8535
787,26.2596,47,0.3908,0.4884,0.0488,0.0494,0.3205,0.9487
787,26.2596,48,0.4762,0.975,0.0471,0.0476,0.3143,0.9738
787,26.2596,49,0.5454,0.5263,0.0708,0.0806,0.6789,0.8916
787,26.2596,50,0.8925,0.0619,0.0882,0.1228,0.7918,0.8039
787,26.2596,51,0.6416,0.3654,0.0321,0.0574,0.4368,0.9447
787,26.2596,52,0.6766,0.4931,0.0228,0.0763,0.6731,0.913
787,26.2596,53,0.186,0.84,0.0306,0.0847,0.2748,0.8944
788,26.2929,7,0.6742,0.9798,0.048,0.038,0.2867,1.0
788,26.2929,27,0.0898,0.4263,0.112,0.0562,0.6914,0.9336
788,26.2929,36,0.5855,0.3855,0.0574,0.1278,0.7062,0.7812
788,26.2929,37,0.8887,0.7745,0.1889,0.4483,0.5921,0.113
788,26.2929,41,0.9256,0.4272,0.139,0.241,0.6085,0.5314
788,26.2929,42,0.6836,0.2541,0.0805,0.2269,0.7354,0.5506
788,26.2929,44,0.4001,0.3634,0.0769,0.099,0.7913,0.8535
788,26.2929,48,0.4762,0.975,0.0471,0.0476,0.3093,0.9738
788,26.2929,49,0.5441,0.5254,0.0713,0.0804,0.7011,0.8916
788,26.2929,50,0.8909,0.0611,0.0875,0.1213,0.7773,0.8039
788,26.2929,52,0.676,0.4937,0.0221,0.0746,0.6299,0.913
788,26.2929,53,0.186,0.8401,0.0306,0.0848,0.2685,0.8944
789,26.3263,7,0.6742,0.9799,0.0479,0.038,0.2519,1.0
789,26.3263,27,0.0879,0.4252,0.1102,0.0552,0.7206,0.9336
789,26.3263,36,0.5847,0.3853,0.0575,0.1272,0.6994,0.7812
789,26.3263,37,0.8859,0.7752,0.1923,0.447,0.5635,0.113
789,26.3263,41,0.9239,0.4301,0.1382,0.236,0.4239,0.5314
789,26.3263,42,0.6843,0.2545,0.0806,0.2267,0.696,0.5506
789,26.3263,43,0.8528,0.2194,0.028,0.0515,0.3285,0.9523
789,26.3263,44,0.3993,0.3636,0.0766,0.0985,0.7676,0.8535
789,26.3263,48,0.4762,0.975,0.0472,0.0476,0.2827,0.9738
789,26.3263,49,0.5423,0.5246,0.0718,0.0802,0.7209,0.8916
789,26.3263,50,0.8893,0.0605,0.0872,0.1202,0.7962,0.8039
789,26.3263,52,0.6755,0.4942,0.0215,0.073,0.5884,0.913
789,26.3263,53,0.186,0.8415,0.0314,0.0877,0.2687,0.8944
789,26.3263,54,0.3261,0.4251,0.0486,0.0432,0.3238,0.9786
790,26.3597,7,0.6742,0.9799,0.0478,0.038,0.264,1.0
790,26.3597,27,0.0867,0.4243,0.1088,0.0543,0.7196,0.9336
790,26.3597,36,0.5837,0.3851,0.0577,0.1267,0.6883,0.7812
790,26.3597,37,0.8835,0.7769,0.195,0.4436,0.5611,0.113
790,26.3597,41,0.9215,0.4332,0.1372,0.2308,0.3922,0.5314
790,26.3597,42,0.685,0.2545,0.0805,0.2259,0.7299,0.5506
790,26.3597,43,0.8509,0.2192,0.0278,0.0518,0.3288,0.9523
790,26.3597,44,0.3986,0.3637,0.0764,0.0983,0.7733,0.8535
790,26.3597,48,0.4762,0.975,0.0472,0.0475,0.2919,0.9738
790,26.3597,49,0.54,0.5237,0.0723,0.08,0.7307,0.8916
790,26.3597,50,0.8876,0.0597,0.0867,0.1187,0.8146,0.8039
790,26.3597,52,0.6749,0.4946,0.0209,0.0713,0.501,0.913
790,26.3597,53,0.186,0.8434,0.0325,0.0915,0.2981,0.8944
790,26.3597,54,0.3241,0.4228,0.0484,0.042,0.3281,0.9786
791,26.393,7,0.6742,0.9799,0.0478,0.038,0.2901,1.0
791,26.393,27,0.0862,0.4237,0.1098,0.0547,0.7827,0.9336
791,26.393,36,0.5826,0.3847,0.0581,0.1261,0.6819,0.7812
791,26.393,37,0.8813,0.7784,0.1979,0.4405,0.5846,0.113
791,26.393,41,0.9184,0.4356,0.1367,0.2269,0.7555,0.5314
791,26.393,42,0.6857,0.254,0.0803,0.2249,0.6912,0.5506
791,26.393,44,0.3982,0.3639,0.076,0.0976,0.7974,0.8535
791,26.393,48,0.4762,0.975,0.0472,0.0475,0.3083,0.9738
791,26.393,49,0.5372,0.5228,0.0727,0.0798,0.7276,0.8916
791,26.393,50,0.8862,0.0589,0.0861,0.1171,0.8217,0.8039
791,26.393,51,0.6402,0.3644,0.0315,0.0566,0.2711,0.9447
791,26.393,52,0.6743,0.495,0.0204,0.0697,0.5367,0.913
791,26.393,53,0.1861,0.8455,0.0336,0.0956,0.267,0.8944
791,26.393,54,0.3188,0.4191,0.0485,0.0411,0.4531,0.9786
792,26.4264,7,0.6742,0.9799,0.0477,0.0379,0.3052,1.0
792,26.4264,27,0.0861,0.4231,0.1111,0.0551,0.7519,0.9336
792,26.4264,36,0.5815,0.3842,0.0585,0.1256,0.676,0.7812
792,26.4264,37,0.8791,0.7798,0.201,0.4377,0.4823,0.113
792,26.4264,41,0.9146,0.4386,0.137,0.2251,0.6518,0.5314
792,26.4264,42,0.6864,0.2539,0.0805,0.2252,0.7239,0.5506
792,26.4264,44,0.398,0.3642,0.0753,0.0967,0.7769,0.8535
792,26.4264,48,0.4761,0.975,0.0472,0.0474,0.2962,0.9738
792,26.4264,49,0.5341,0.5217,0.0731,0.0798,0.7255,0.8916
792,26.4264,50,0.8848,0.0578,0.0853,0.1151,0.8323,0.8039
792,26.4264,51,0.6387,0.3635,0.0309,0.0556,0.3148,0.9447
792,26.4264,52,0.6737,0.4954,0.02,0.0682,0.5463,0.913
792,26.4264,53,0.1861,0.8463,0.0337,0.0972,0.2713,0.8944
792,26.4264,54,0.314,0.416,0.0484,0.0397,0.4406,0.9786
793,26.4598,7,0.6742,0.9799,0.0477,0.0379,0.3222,1.0
793,26.4598,27,0.0861,0.4223,0.1116,0.0551,0.6585,0.9336
793,26.4598,36,0.5805,0.3836,0.0589,0.125,0.6576,0.7812
793,26.4598,37,0.8772,0.7809,0.2044,0.4355,0.4243,0.113
793,26.4598,41,0.9109,0.4418,0.1376,0.2243,0.6765,0.5314
793,26.4598,42,0.6869,0.254,0.0809,0.2259,0.5893,0.5506
793,26.4598,44,0.3981,0.3645,0.0747,0.0958,0.776,0.8535
793,26.4598,48,0.4761,0.9751,0.0473,0.0474,0.2874,0.9738
793,26.4598,49,0.5309,0.5207,0.0736,0.0798,0.7519,0.8916
793,26.4598,50,0.8836,0.0566,0.0842,0.1128,0.8017,0.8039
793,26.4598,51,0.6371,0.3628,0.0303,0.0547,0.4298,0.9447
793,26.4598,52,0.673,0.4956,0.0197,0.0669,0.5827,0.913
793,26.4598,53,0.1861,0.8465,0.0336,0.0977,0.2784,0.8944
793,26.4598,54,0.3098,0.4141,0.0493,0.0393,0.3512,0.9786
794,26.4931,7,0.6742,0.9799,0.0476,0.0379,0.3221,1.0
794,26.4931,27,0.0859,0.4215,0.1121,0.055,0.382,0.9336
794,26.4931,36,0.5797,0.3828,0.0591,0.124,0.6356,0.7812
794,26.4931,37,0.8753,0.7805,0.209,0.4362,0.2814,0.113
794,26.4931,41,0.9076,0.4442,0.1371,0.2221,0.4258,0.5314
794,26.4931,42,0.6872,0.2541,0.0815,0.2269,0.6886,0.5506
794,26.4931,43,0.8491,0.2194,0.0273,0.0516,0.343,0.9523
794,26.4931,44,0.3983,0.3647,0.074,0.0948,0.799,0.8535
794,26.4931,48,0.4761,0.9751,0.0472,0.0473,0.2584,0.9738
794,26.4931,49,0.5277,0.5199,0.074,0.0799,0.733,0.8916
794,26.4931,50,0.8826,0.0552,0.0828,0.1102,0.8159,0.8039
794,26.4931,51,0.6356,0.3621,0.0298,0.054,0.4828,0.9447
794,26.4931,52,0.6724,0.4956,0.0195,0.0658,0.5202,0.913
794,26.4931,53,0.1862,0.8481,0.0343,0.1008,0.306,0.8944
795,26.5265,7,0.6742,0.9799,0.0476,0.0379,0.3427,1.0
795,26.5265,27,0.0822,0.4199,0.1139,0.0555,0.4876,0.9336
795,26.5265,36,0.5793,0.3819,0.0595,0.1231,0.6606,0.7812
795,26.5265,37,0.8661,0.7814,0.2128,0.4346,0.3384,0.113
795,26.5265,41,0.9041,0.4451,0.1365,0.2205,0.4155,0.5314
795,26.5265,42,0.6872,0.2539,0.0821,0.2278,0.6702,0.5506
795,26.5265,43,0.8477,0.2196,0.0268,0.0517,0.2575,0.9523
795,26.5265,44,0.3987,0.3649,0.0736,0.0941,0.7933,0.8535
795,26.5265,48,0.4761,0.9751,0.0472,0.0473,0.2579,0.9738
795,26.5265,49,0.5249,0.519,0.0745,0.0801,0.7697,0.8916
795,26.5265,50,0.8821,0.0542,0.0819,0.1082,0.8368,0.8039
795,26.5265,51,0.6344,0.3619,0.0295,0.0535,0.5726,0.9447
795,26.5265,52,0.6718,0.4955,0.0195,0.0651,0.4692,0.913
795,26.5265,53,0.1862,0.8501,0.0351,0.1048,0.3156,0.8944
796,26.5599,7,0.6742,0.9798,0.0476,0.0379,0.3134,1.0
796,26.5599,27,0.078,0.4183,0.115,0.0561,0.4032,0.9336
796,26.5599,36,0.5795,0.381,0.0599,0.1221,0.715,0.7812
796,26.5599,37,0.8572,0.7826,0.2162,0.432,0.3702,0.113
796,26.5599,41,0.9008,0.4456,0.1356,0.2194,0.5784,0.5314
796,26.5599,42,0.687,0.253,0.0826,0.2276,0.7039,0.5506
796,26.5599,43,0.8457,0.2213,0.0264,0.0514,0.3183,0.9523
796,26.5599,44,0.3993,0.3652,0.0733,0.0938,0.7402,0.8535
796,26.5599,48,0.476,0.9751,0.0472,0.0472,0.2621,0.9738
796,26.5599,49,0.5223,0.5181,0.075,0.0802,0.7355,0.8916
796,26.5599,50,0.8819,0.0529,0.0805,0.1056,0.8236,0.8039
796,26.5599,51,0.6332,0.3617,0.029,0.0529,0.5611,0.9447
796,26.5599,52,0.6712,0.4953,0.0196,0.0645,0.4899,0.913
796,26.5599,53,0.1863,0.8508,0.0351,0.1062,0.273,0.8944
797,26.5932,7,0.6742,0.9798,0.0476,0.038,0.3134,1.0
797,26.5932,27,0.0738,0.4164,0.1155,0.057,0.2883,0.9336
797,26.5932,36,0.5812,0.3799,0.0606,0.1209,0.7105,0.7812
797,26.5932,41,0.8978,0.4459,0.1345,0.2185,0.4986,0.5314
797,26.5932,42,0.6868,0.2519,0.0831,0.2268,0.7142,0.5506
797,26.5932,43,0.8435,0.2236,0.0263,0.0514,0.3285,0.9523
797,26.5932,44,0.4002,0.3656,0.073,0.0933,0.7671,0.8535
797,26.5932,47,0.3855,0.4873,0.0506,0.0494,0.5505,0.9487
797,26.5932,49,0.5202,0.5172,0.0756,0.0804,0.7316,0.8916
797,26.5932,50,0.8822,0.0516,0.0788,0.103,0.8235,0.8039
797,26.5932,51,0.6325,0.3616,0.0287,0.0526,0.5463,0.9447
797,26.5932,52,0.6706,0.4952,0.0198,0.064,0.4517,0.913
797,26.5932,53,0.1863,0.8511,0.0348,0.1069,0.2664,0.8944
798,26.6266,7,0.6742,0.9798,0.0477,0.038,0.328,1.0
798,26.6266,36,0.5835,0.3792,0.0617,0.1198,0.722,0.7812
798,26.6266,37,0.8483,0.783,0.2201,0.4313,0.2884,0.113
798,26.6266,41,0.8934,0.4468,0.1321,0.2163,0.5748,0.5314
798,26.6266,42,0.6862,0.2504,0.0838,0.2256,0.7332,0.5506
798,26.6266,43,0.8417,0.2262,0.0262,0.0514,0.288,0.9523
798,26.6266,44,0.4012,0.3659,0.0732,0.0936,0.744,0.8535
798,26.6266,47,0.3802,0.4862,0.0526,0.0497,0.4789,0.9487
798,26.6266,48,0.476,0.9751,0.0473,0.0473,0.2665,0.9738
798,26.6266,49,0.5185,0.5164,0.0763,0.0805,0.6918,0.8916
798,26.6266,50,0.8831,0.0503,0.0769,0.1004,0.7853,0.8039
798,26.6266,51,0.6321,0.3616,0.0286,0.0524,0.5611,0.9447
798,26.6266,52,0.6701,0.4952,0.02,0.0635,0.4962,0.913
798,26.6266,53,0.1863,0.8513,0.0345,0.1074,0.319,0.8944
799,26.66,7,0.6742,0.9797,0.0477,0.0381,0.3526,1.0
799,26.66,36,0.5862,0.3784,0.0629,0.1187,0.3835,0.7812
799,26.66,41,0.8884,0.448,0.129,0.2139,0.3886,0.5314
799,26.66,42,0.6851,0.248,0.0844,0.2233,0.7673,0.5506
799,26.66,44,0.4022,0.3664,0.0733,0.0938,0.7508,0.8535
799,26.66,47,0.3751,0.485,0.0547,0.05,0.3637,0.9487
799,26.66,48,0.4759,0.9751,0.0473,0.0473,0.2667,0.9738
799,26.66,49,0.5173,0.5158,0.0768,0.0805,0.7382,0.8916
799,26.66,50,0.8839,0.0492,0.0751,0.0981,0.7608,0.8039
799,26.66,51,0.6319,0.3617,0.0286,0.0523,0.4048,0.9447
799,26.66,52,0.6697,0.4951,0.0202,0.0631,0.5465,0.913
799,26.66,53,0.1863,0.8514,0.0342,0.1076,0.4129,0.8944
800,26.6933,7,0.6742,0.9797,0.0478,0.0381,0.349,1.0
800,26.6933,36,0.5888,0.3778,0.0644,0.1176,0.6045,0.7812
800,26.6933,41,0.8826,0.4492,0.1257,0.2115,0.5082,0.5314
800,26.6933,42,0.6836,0.2457,0.0858,0.2221,0.6793,0.5506
800,26.6933,44,0.4033,0.3672,0.0732,0.0938,0.7466,0.8535
800,26.6933,47,0.3704,0.484,0.0568,0.0502,0.4291,0.9487
800,26.6933,49,0.5165,0.5152,0.0776,0.0807,0.6879,0.8916
800,26.6933,50,0.8849,0.0493,0.0748,0.0982,0.7839,0.8039
800,26.6933,51,0.6318,0.3619,0.0285,0.0521,0.2639,0.9447
800,26.6933,52,0.6693,0.495,0.0206,0.0628,0.5077,0.913
800,26.6933,53,0.1863,0.8527,0.0348,0.1102,0.3314,0.8944
801,26.7267,7,0.6742,0.9797,0.0478,0.0382,0.3548,1.0
801,26.7267,36,0.5911,0.3773,0.0661,0.117,0.5221,0.7812
801,26.7267,42,0.6819,0.2433,0.0874,0.2211,0.658,0.5506
801,26.7267,44,0.4044,0.368,0.0732,0.0939,0.7801,0.8535
801,26.7267,47,0.3692,0.4836,0.0583,0.05,0.4519,0.9487
801,26.7267,49,0.5159,0.5146,0.0786,0.0811,0.7319,0.8916
801,26.7267,50,0.886,0.0493,0.0741,0.098,0.4283,0.8039
801,26.7267,52,0.669,0.4949,0.021,0.0627,0.5137,0.913
801,26.7267,53,0.1863,0.8532,0.0348,0.1111,0.3049,0.8944
802,26.7601,7,0.6743,0.9796,0.0478,0.0383,0.3148,1.0
802,26.7601,27,0.0692,0.4139,0.1141,0.0575,0.2887,0.9336
802,26.7601,36,0.5934,0.3769,0.068,0.1162,0.5539,0.7812
802,26.7601,41,0.8758,0.4502,0.1221,0.2093,0.4197,0.5314
802,26.7601,42,0.6804,0.2415,0.0897,0.2219,0.6433,0.5506
802,26.7601,44,0.4055,0.3693,0.0727,0.0933,0.754,0.8535
802,26.7601,47,0.3681,0.4834,0.0597,0.0498,0.4293,0.9487
802,26.7601,48,0.4759,0.9751,0.0473,0.0474,0.2679,0.9738
802,26.7601,49,0.5155,0.5142,0.0795,0.0815,0.759,0.8916
802,26.7601,50,0.8873,0.0483,0.0722,0.096,0.3274,0.8039
802,26.7601,52,0.6687,0.4949,0.0214,0.0627,0.5768,0.913
802,26.7601,53,0.1863,0.8535,0.0347,0.1117,0.2849,0.8944
802,26.7601,55,0.1862,0.8376,0.0292,0.0804,0.3124,0.895
803,26.7934,7,0.6743,0.9796,0.0478,0.0383,0.2919,1.0
803,26.7934,27,0.0644,0.4115,0.1125,0.0582,0.3958,0.9336
803,26.7934,36,0.5952,0.3764,0.0702,0.116,0.598,0.7812
803,26.7934,41,0.8686,0.4516,0.1195,0.2093,0.4304,0.5314
803,26.7934,42,0.6795,0.2402,0.0921,0.2233,0.6781,0.5506
803,26.7934,44,0.4067,0.3708,0.072,0.0922,0.729,0.8535
803,26.7934,47,0.3662,0.4837,0.0604,0.0494,0.373,0.9487
803,26.7934,49,0.5151,0.5137,0.0804,0.0819,0.7375,0.8916
803,26.7934,50,0.8883,0.0488,0.0722,0.097,0.7045,0.8039
803,26.7934,52,0.6684,0.4947,0.0219,0.0629,0.5854,0.913
803,26.7934,55,0.1862,0.8376,0.0292,0.0804,0.3261,0.895
804,26.8268,7,0.6744,0.9797,0.0478,0.0383,0.279,1.0
804,26.8268,36,0.5952,0.3759,0.0723,0.1162,0.6045,0.7812
804,26.8268,41,0.8608,0.452,0.1164,0.2087,0.5016,0.5314
804,26.8268,42,0.6793,0.2396,0.0954,0.2275,0.6596,0.5506
804,26.8268,43,0.84,0.2291,0.0263,0.0512,0.3962,0.9523
804,26.8268,44,0.4076,0.3725,0.0714,0.0913,0.7176,0.8535
804,26.8268,47,0.3646,0.4842,0.0609,0.0487,0.4418,0.9487
804,26.8268,48,0.4759,0.975,0.0473,0.0474,0.2673,0.9738
804,26.8268,49,0.5147,0.5133,0.0813,0.0822,0.7208,0.8916
804,26.8268,50,0.8889,0.0495,0.0725,0.0985,0.3415,0.8039
804,26.8268,52,0.6681,0.4945,0.0224,0.0632,0.5999,0.913
804,26.8268,55,0.1862,0.8376,0.0292,0.0803,0.3466,0.895
805,26.8602,7,0.6744,0.9797,0.0476,0.0382,0.2795,1.0
805,26.8602,27,0.0599,0.4092,0.1116,0.0596,0.2765,0.9336
805,26.8602,36,0.5943,0.3756,0.0745,0.1172,0.4346,0.7812
805,26.8602,41,0.8528,0.4523,0.1134,0.2083,0.4805,0.5314
805,26.8602,42,0.6799,0.2385,0.0987,0.2326,0.7345,0.5506
805,26.8602,43,0.8381,0.2321,0.0265,0.0512,0.3656,0.9523
805,26.8602,44,0.4083,0.3743,0.071,0.0904,0.7056,0.8535
805,26.8602,47,0.3629,0.4846,0.0616,0.0483,0.3209,0.9487
805,26.8602,48,0.4758,0.975,0.0472,0.0476,0.282,0.9738
805,26.8602,49,0.5145,0.5129,0.0821,0.0826,0.7081,0.8916
805,26.8602,50,0.8889,0.0503,0.0729,0.0999,0.3225,0.8039
805,26.8602,52,0.6679,0.4944,0.0229,0.0636,0.6292,0.913
805,26.8602,54,0.3056,0.4122,0.0502,0.039,0.345,0.9786
805,26.8602,55,0.1861,0.8376,0.0292,0.0803,0.3748,0.895
806,26.8935,7,0.6745,0.9798,0.0475,0.0381,0.308,1.0
806,26.8935,27,0.0555,0.407,0.111,0.0616,0.329,0.9336
806,26.8935,36,0.5929,0.3753,0.0768,0.119,0.394,0.7812
806,26.8935,41,0.8463,0.4529,0.1111,0.2089,0.4724,0.5314
806,26.8935,42,0.6814,0.2374,0.1024,0.2395,0.7273,0.5506
806,26.8935,43,0.8362,0.2353,0.027,0.0516,0.5485,0.9523
806,26.8935,44,0.4088,0.376,0.0709,0.0901,0.753,0.8535
806,26.8935,47,0.3609,0.4852,0.0621,0.0476,0.3752,0.9487
806,26.8935,49,0.5143,0.5128,0.083,0.0829,0.6837,0.8916
806,26.8935,50,0.889,0.0513,0.0737,0.1019,0.6294,0.8039
806,26.8935,52,0.6677,0.4942,0.0233,0.064,0.592,0.913
806,26.8935,55,0.1861,0.8376,0.0292,0.0802,0.4061,0.895
807,26.9269,7,0.6745,0.9799,0.0473,0.0379,0.3119,1.0
807,26.9269,27,0.0546,0.4058,0.1093,0.0632,0.3741,0.9336
807,26.9269,36,0.591,0.3751,0.0791,0.1213,0.5896,0.7812
807,26.9269,41,0.8406,0.4537,0.1093,0.2104,0.3746,0.5314
807,26.9269,42,0.6831,0.2349,0.1051,0.2445,0.6199,0.5506
807,26.9269,43,0.8342,0.2387,0.0274,0.052,0.4853,0.9523
807,26.9269,44,0.4092,0.3774,0.0711,0.0899,0.7287,0.8535
807,26.9269,47,0.3587,0.4858,0.0628,0.0472,0.5205,0.9487
807,26.9269,49,0.5137,0.5128,0.0837,0.0829,0.7126,0.8916
807,26.9269,50,0.889,0.0516,0.0735,0.1026,0.7498,0.8039
807,26.9269,52,0.6675,0.4941,0.0236,0.0643,0.625,0.913
807,26.9269,54,0.3016,0.4106,0.0519,0.0394,0.3884,0.9786
807,26.9269,55,0.1861,0.8376,0.0292,0.0802,0.3965,0.895
808,26.9603,7,0.6746,0.98,0.0471,0.0377,0.3041,1.0
808,26.9603,27,0.054,0.4048,0.1081,0.0646,0.3751,0.9336
808,26.9603,36,0.5892,0.3749,0.0813,0.1239,0.3848,0.7812
808,26.9603,41,0.8357,0.4545,0.1079,0.2125,0.5342,0.5314
808,26.9603,42,0.6852,0.2321,0.1073,0.2488,0.7391,0.5506
808,26.9603,43,0.8332,0.2407,0.0279,0.0527,0.5751,0.9523
808,26.9603,44,0.4093,0.3788,0.0713,0.0899,0.7329,0.8535
808,26.9603,47,0.3566,0.4863,0.0635,0.0467,0.4853,0.9487
808,26.9603,49,0.5129,0.5129,0.0842,0.0827,0.7624,0.8916
808,26.9603,50,0.8887,0.0525,0.0741,0.1043,0.6967,0.8039
808,26.9603,52,0.6673,0.494,0.0238,0.0645,0.5828,0.913
808,26.9603,54,0.2978,0.4091,0.0539,0.0401,0.4585,0.9786
808,26.9603,55,0.186,0.8376,0.0292,0.0801,0.4038,0.895
809,26.9936,7,0.6746,0.9801,0.0469,0.0375,0.3176,1.0
809,26.9936,27,0.0536,0.4037,0.1073,0.0667,0.4111,0.9336
809,26.9936,36,0.587,0.3747,0.0833,0.127,0.3371,0.7812
809,26.9936,41,0.8312,0.4552,0.1064,0.2142,0.4837,0.5314
809,26.9936,42,0.6866,0.2281,0.1094,0.2524,0.6899,0.5506
809,26.9936,43,0.8324,0.2422,0.0282,0.0532,0.3796,0.9523
809,26.9936,44,0.4091,0.38,0.072,0.0905,0.7259,0.8535
809,26.9936,47,0.3542,0.4865,0.0646,0.0465,0.6286,0.9487
809,26.9936,49,0.5117,0.5132,0.0848,0.0824,0.7901,0.8916
809,26.9936,50,0.8884,0.0544,0.076,0.108,0.7305,0.8039
809,26.9936,52,0.6671,0.4939,0.024,0.0648,0.6332,0.913
809,26.9936,54,0.2939,0.4077,0.0562,0.041,0.5108,0.9786
809,26.9936,55,0.186,0.8376,0.0293,0.0801,0.4022,0.895
809,26.9936,56,0.3172,0.0821,0.0612,0.164,0.8135,0.0916
810,27.027,7,0.6746,0.9802,0.0468,0.0374,0.3376,1.0
810,27.027,27,0.0533,0.4034,0.1067,0.0689,0.4726,0.9336
810,27.027,36,0.5843,0.3749,0.085,0.13,0.4459,0.7812
810,27.027,41,0.827,0.4545,0.1036,0.213,0.4707,0.5314
810,27.027,42,0.6857,0.2242,0.1124,0.2578,0.7096,0.5506
810,27.027,43,0.8316,0.2435,0.0284,0.0535,0.5444,0.9523
810,27.027,44,0.4084,0.381,0.0728,0.0915,0.7498,0.8535
810,27.027,47,0.352,0.4866,0.0664,0.0468,0.4282,0.9487
810,27.027,49,0.5102,0.5136,0.0856,0.0823,0.7836,0.8916
810,27.027,50,0.8881,0.0555,0.0768,0.1103,0.7342,0.8039
810,27.027,52,0.667,0.4939,0.0242,0.0649,0.6707,0.913
810,27.027,54,0.2936,0.4079,0.0578,0.0414,0.5943,0.9786
810,27.027,55,0.186,0.8376,0.0293,0.0801,0.4123,0.895
810,27.027,56,0.3141,0.0813,0.0612,0.1626,0.8355,0.0916
811,27.0604,7,0.6747,0.9803,0.0467,0.0372,0.3413,1.0
811,27.0604,27,0.053,0.4032,0.106,0.0708,0.5056,0.9336
811,27.0604,36,0.5818,0.3753,0.0866,0.1335,0.4143,0.7812
811,27.0604,41,0.8226,0.455,0.1022,0.2145,0.4542,0.5314
811,27.0604,42,0.6823,0.2197,0.1156,0.2621,0.6885,0.5506
811,27.0604,43,0.8309,0.2446,0.0284,0.0538,0.5531,0.9523
811,27.0604,44,0.4078,0.3822,0.074,0.0927,0.749,0.8535
811,27.0604,47,0.3494,0.4865,0.0686,0.0477,0.5719,0.9487
811,27.0604,48,0.4758,0.9749,0.0472,0.0476,0.252,0.9738
811,27.0604,49,0.5081,0.5142,0.0865,0.0824,0.8071,0.8916
811,27.0604,50,0.8878,0.0569,0.0777,0.1129,0.7327,0.8039
811,27.0604,52,0.667,0.4939,0.0243,0.065,0.671,0.913
811,27.0604,54,0.2937,0.4081,0.0593,0.0418,0.6141,0.9786
811,27.0604,55,0.186,0.8376,0.0293,0.0801,0.399,0.895
811,27.0604,56,0.3093,0.081,0.0618,0.162,0.8312,0.0916
812,27.0937,7,0.6747,0.9803,0.0467,0.0371,0.2709,1.0
812,27.0937,36,0.5793,0.3758,0.0878,0.1368,0.7422,0.7812
812,27.0937,41,0.8179,0.4551,0.1012,0.216,0.3971,0.5314
812,27.0937,42,0.6768,0.2158,0.1201,0.267,0.822,0.5506
812,27.0937,43,0.8305,0.2458,0.0284,0.054,0.5057,0.9523
812,27.0937,44,0.4068,0.3833,0.0749,0.0938,0.7466,0.8535
812,27.0937,47,0.3465,0.4866,0.0707,0.0487,0.5176,0.9487
812,27.0937,49,0.5054,0.5149,0.0875,0.0827,0.7816,0.8916
812,27.0937,50,0.8874,0.0583,0.0787,0.1157,0.7828,0.8039
812,27.0937,52,0.667,0.4939,0.0244,0.0652,0.6646,0.913
812,27.0937,54,0.2937,0.4081,0.0605,0.042,0.5577,0.9786
812,27.0937,55,0.186,0.8377,0.0294,0.0802,0.3795,0.895
812,27.0937,56,0.3032,0.0811,0.0626,0.1621,0.815,0.0916
813,27.1271,7,0.6747,0.9804,0.0467,0.037,0.3092,1.0
813,27.1271,36,0.5769,0.3762,0.0885,0.1396,0.2596,0.7812
813,27.1271,41,0.8128,0.4547,0.1004,0.217,0.334,0.5314
813,27.1271,42,0.6696,0.211,0.1243,0.2685,0.7779,0.5506
813,27.1271,43,0.83,0.2468,0.0284,0.0544,0.5062,0.9523
813,27.1271,44,0.4057,0.3848,0.0763,0.0954,0.7268,0.8535
813,27.1271,47,0.3435,0.4863,0.0732,0.0502,0.4417,0.9487
813,27.1271,49,0.5022,0.5157,0.0886,0.0834,0.7644,0.8916
813,27.1271,50,0.8868,0.0599,0.0799,0.119,0.7347,0.8039
813,27.1271,52,0.6669,0.494,0.0246,0.0655,0.6435,0.913
813,27.1271,54,0.2938,0.4081,0.0615,0.0421,0.5329,0.9786
813,27.1271,55,0.186,0.8377,0.0295,0.0802,0.355,0.895
813,27.1271,56,0.2924,0.0811,0.064,0.1621,0.6017,0.0916
814,27.1605,7,0.6747,0.9804,0.0467,0.0369,0.3049,1.0
814,27.1605,27,0.0527,0.4032,0.1055,0.073,0.4633,0.9336
814,27.1605,36,0.5746,0.3766,0.0887,0.1422,0.5254,0.7812
814,27.1605,41,0.8072,0.4535,0.0996,0.2166,0.6872,0.5314
814,27.1605,42,0.6614,0.2057,0.1288,0.2679,0.7541,0.5506
814,27.1605,43,0.8297,0.2478,0.0284,0.0546,0.4308,0.9523
814,27.1605,44,0.4045,0.3863,0.0776,0.097,0.7432,0.8535
814,27.1605,47,0.3404,0.486,0.0754,0.0516,0.3402,0.9487
814,27.1605,49,0.499,0.5165,0.0898,0.0842,0.7493,0.8916
814,27.1605,50,0.886,0.0602,0.0796,0.1197,0.7933,0.8039
814,27.1605,52,0.6669,0.4942,0.0247,0.0659,0.5869,0.913
814,27.1605,54,0.2938,0.4081,0.0625,0.0422,0.4944,0.9786
814,27.1605,55,0.186,0.8377,0.0295,0.0803,0.3928,0.895
814,27.1605,56,0.2798,0.0807,0.0652,0.1614,0.7106,0.0916
815,27.1938,7,0.6747,0.9804,0.0467,0.0369,0.2902,1.0
815,27.1938,27,0.0526,0.4033,0.1051,0.0755,0.5353,0.9336
815,27.1938,36,0.5725,0.3766,0.0882,0.1438,0.7056,0.7812
815,27.1938,41,0.8007,0.452,0.0995,0.2159,0.6797,0.5314
815,27.1938,42,0.6521,0.1997,0.1342,0.2662,0.7368,0.5506
815,27.1938,43,0.8293,0.249,0.0283,0.0548,0.378,0.9523
815,27.1938,44,0.4031,0.3881,0.0786,0.0981,0.755,0.8535
815,27.1938,47,0.3372,0.4857,0.0775,0.0531,0.3941,0.9487
815,27.1938,48,0.4758,0.9749,0.0471,0.0477,0.2528,0.9738
815,27.1938,49,0.4956,0.5174,0.0908,0.085,0.7572,0.8916
815,27.1938,50,0.8853,0.0602,0.079,0.1198,0.7766,0.8039
815,27.1938,52,0.6668,0.4944,0.0249,0.0664,0.5761,0.913
815,27.1938,54,0.2939,0.408,0.0638,0.0427,0.3849,0.9786
815,27.1938,55,0.186,0.8377,0.0295,0.0804,0.3887,0.895
815,27.1938,56,0.2657,0.0799,0.0658,0.1597,0.7754,0.0916
816,27.2272,7,0.6747,0.9804,0.0468,0.0368,0.338,1.0
816,27.2272,27,0.0524,0.4034,0.1049,0.0782,0.4898,0.9336
816,27.2272,36,0.5708,0.3764,0.0872,0.1446,0.706,0.7812
816,27.2272,41,0.7933,0.4509,0.1007,0.2162,0.6148,0.5314
816,27.2272,42,0.6422,0.1966,0.1431,0.2691,0.5629,0.5506
816,27.2272,43,0.829,0.2502,0.0283,0.0551,0.3912,0.9523
816,27.2272,44,0.4018,0.3901,0.0794,0.0986,0.7129,0.8535
816,27.2272,47,0.3343,0.4854,0.0791,0.0544,0.4673,0.9487
816,27.2272,48,0.4757,0.9749,0.0469,0.0477,0.2508,0.9738
816,27.2272,49,0.4924,0.5184,0.0918,0.0859,0.7118,0.8916
816,27.2272,50,0.8842,0.0608,0.079,0.1209,0.7625,0.8039
816,27.2272,52,0.6667,0.4946,0.025,0.0668,0.6025,0.913
816,27.2272,54,0.294,0.4077,0.0653,0.0433,0.4214,0.9786
816,27.2272,55,0.186,0.8378,0.0296,0.0804,0.3863,0.895
816,27.2272,56,0.251,0.0781,0.0655,0.1562,0.678,0.0916
817,27.2606,7,0.6747,0.9804,0.0468,0.0368,0.3933,1.0
817,27.2606,27,0.0522,0.4037,0.1044,0.0811,0.5358,0.9336
817,27.2606,36,0.5697,0.3756,0.0856,0.1442,0.7677,0.7812
817,27.2606,41,0.7856,0.4502,0.1031,0.2178,0.693,0.5314
817,27.2606,42,0.6338,0.1936,0.1528,0.2713,0.7416,0.5506
817,27.2606,43,0.8288,0.2515,0.0284,0.0555,0.4814,0.9523
817,27.2606,44,0.4007,0.3924,0.0804,0.0994,0.7573,0.8535
817,27.2606,47,0.3317,0.4851,0.0806,0.0556,0.4606,0.9487
817,27.2606,48,0.4757,0.9749,0.0468,0.0477,0.2623,0.9738
817,27.2606,49,0.4896,0.5196,0.0928,0.0868,0.7152,0.8916
817,27.2606,50,0.8829,0.0613,0.079,0.122,0.6328,0.8039
817,27.2606,52,0.6666,0.4948,0.0251,0.0672,0.5714,0.913
817,27.2606,54,0.2941,0.4071,0.0668,0.0441,0.3563,0.9786
817,27.2606,55,0.186,0.8378,0.0296,0.0805,0.3643,0.895
817,27.2606,56,0.2361,0.076,0.0646,0.1519,0.7557,0.0916
818,27.2939,7,0.6747,0.9804,0.0469,0.0368,0.3891,1.0
818,27.2939,27,0.0516,0.4046,0.1031,0.0828,0.4924,0.9336
818,27.2939,36,0.5692,0.3745,0.0835,0.1426,0.7831,0.7812
818,27.2939,41,0.7782,0.4495,0.1059,0.2186,0.7403,0.5314
818,27.2939,42,0.6276,0.1895,0.1618,0.2713,0.5897,0.5506
818,27.2939,43,0.8285,0.2528,0.0284,0.0557,0.4445,0.9523
818,27.2939,44,0.3996,0.3949,0.0811,0.0997,0.7768,0.8535
818,27.2939,47,0.3294,0.4848,0.0816,0.0565,0.4315,0.9487
818,27.2939,48,0.4757,0.9749,0.0467,0.0477,0.2568,0.9738
818,27.2939,49,0.4874,0.5208,0.0939,0.0878,0.7404,0.8916
818,27.2939,50,0.8816,0.0621,0.0792,0.1236,0.5665,0.8039
818,27.2939,52,0.6664,0.495,0.0252,0.0677,0.5629,0.913
818,27.2939,54,0.2941,0.4063,0.0682,0.0448,0.3349,0.9786
818,27.2939,55,0.186,0.8378,0.0296,0.0806,0.3845,0.895
818,27.2939,56,0.2225,0.0731,0.0628,0.1462,0.7381,0.0916
819,27.3273,7,0.6747,0.9804,0.0469,0.0367,0.4121,1.0
819,27.3273,27,0.0506,0.4056,0.1011,0.0836,0.3168,0.9336
819,27.3273,36,0.5703,0.3734,0.0813,0.14,0.7399,0.7812
819,27.3273,41,0.771,0.4487,0.1092,0.2193,0.7602,0.5314
819,27.3273,42,0.6251,0.1841,0.1703,0.2705,0.5832,0.5506
819,27.3273,43,0.8283,0.2541,0.0282,0.0555,0.4234,0.9523
819,27.3273,44,0.3992,0.3975,0.0821,0.1,0.7845,0.8535
819,27.3273,47,0.3272,0.4845,0.0823,0.0572,0.4052,0.9487
819,27.3273,48,0.4757,0.9749,0.0466,0.0477,0.2805,0.9738
819,27.3273,49,0.4855,0.5222,0.0947,0.0886,0.7057,0.8916
819,27.3273,50,0.8805,0.063,0.0796,0.1255,0.789,0.8039
819,27.3273,52,0.6663,0.4955,0.0251,0.0677,0.5769,0.913
819,27.3273,54,0.2942,0.4055,0.0692,0.0452,0.4517,0.9786
819,27.3273,55,0.186,0.8378,0.0297,0.0806,0.3793,0.895
819,27.3273,56,0.2115,0.0699,0.0604,0.1398,0.5493,0.0916
820,27.3607,7,0.6747,0.9804,0.047,0.0367,0.401,1.0
820,27.3607,27,0.0496,0.407,0.0991,0.0847,0.4059,0.9336
820,27.3607,36,0.5724,0.3726,0.0794,0.1368,0.562,0.7812
820,27.3607,41,0.7642,0.4482,0.1133,0.2207,0.762,0.5314
820,27.3607,42,0.6272,0.1785,0.1802,0.2744,0.5424,0.5506
820,27.3607,43,0.828,0.2554,0.0281,0.0552,0.4695,0.9523
820,27.3607,44,0.3991,0.3999,0.0827,0.0998,0.7444,0.8535
820,27.3607,47,0.3253,0.4843,0.083,0.0579,0.5262,0.9487
820,27.3607,48,0.4757,0.9749,0.0465,0.0477,0.2847,0.9738
820,27.3607,49,0.4843,0.5235,0.0955,0.0893,0.6423,0.8916
820,27.3607,50,0.8797,0.0636,0.0794,0.1267,0.7911,0.8039
820,27.3607,52,0.6663,0.4958,0.0251,0.068,0.6121,0.913
820,27.3607,54,0.294,0.4045,0.0701,0.0455,0.4638,0.9786
820,27.3607,55,0.186,0.8379,0.0297,0.0806,0.3626,0.895
820,27.3607,56,0.2043,0.0668,0.0575,0.1335,0.5275,0.0916
821,27.394,7,0.6747,0.9804,0.0471,0.0367,0.3953,1.0
821,27.394,27,0.0484,0.4083,0.0967,0.0853,0.4272,0.9336
821,27.394,36,0.5752,0.3721,0.078,0.1335,0.4116,0.7812
821,27.394,41,0.7581,0.4478,0.1179,0.2226,0.733,0.5314
821,27.394,42,0.6317,0.1746,0.1909,0.282,0.68,0.5506
821,27.394,43,0.8277,0.2566,0.028,0.055,0.5342,0.9523
821,27.394,44,0.3996,0.4024,0.0837,0.0996,0.7423,0.8535
821,27.394,47,0.3237,0.4842,0.0835,0.0584,0.4518,0.9487
821,27.394,48,0.4757,0.975,0.0464,0.0476,0.2832,0.9738
821,27.394,49,0.4835,0.525,0.0964,0.09,0.5881,0.8916
821,27.394,50,0.8791,0.0656,0.0807,0.1308,0.8155,0.8039
821,27.394,52,0.6664,0.4961,0.0251,0.0679,0.5984,0.913
821,27.394,54,0.2938,0.4035,0.0712,0.0459,0.3266,0.9786
821,27.394,55,0.1861,0.8379,0.0297,0.0807,0.392,0.895
821,27.394,56,0.1997,0.0644,0.0549,0.1287,0.6769,0.0916
822,27.4274,7,0.6747,0.9804,0.0471,0.0367,0.394,1.0
822,27.4274,27,0.047,0.4097,0.0939,0.0852,0.3549,0.9336
822,27.4274,36,0.5782,0.3723,0.0776,0.1311,0.6081,0.7812
822,27.4274,37,0.8389,0.7836,0.2232,0.4304,0.3867,0.113
822,27.4274,41,0.753,0.4482,0.1236,0.2266,0.708,0.5314
822,27.4274,42,0.6373,0.1719,0.2015,0.2922,0.8632,0.5506
822,27.4274,43,0.8274,0.2577,0.028,0.0548,0.5584,0.9523
822,27.4274,44,0.4005,0.4051,0.0851,0.1,0.7327,0.8535
822,27.4274,47,0.3223,0.4841,0.084,0.0589,0.4369,0.9487
822,27.4274,48,0.4756,0.975,0.0463,0.0476,0.2761,0.9738
822,27.4274,49,0.4829,0.5266,0.0974,0.0909,0.6167,0.8916
822,27.4274,50,0.8781,0.068,0.0821,0.1355,0.7786,0.8039
822,27.4274,52,0.6666,0.4964,0.025,0.0678,0.5344,0.913
822,27.4274,54,0.2934,0.4026,0.0718,0.0459,0.3443,0.9786
822,27.4274,55,0.1861,0.8379,0.0297,0.0807,0.4122,0.895
822,27.4274,56,0.1971,0.0628,0.0527,0.1255,0.6527,0.0916
823,27.4608,7,0.6747,0.9804,0.0472,0.0367,0.4071,1.0
823,27.4608,36,0.5813,0.373,0.078,0.1292,0.6465,0.7812
823,27.4608,37,0.8287,0.7843,0.2252,0.429,0.5342,0.113
823,27.4608,41,0.7488,0.4479,0.1285,0.2293,0.624,0.5314
823,27.4608,42,0.6423,0.1668,0.2074,0.2964,0.7049,0.5506
823,27.4608,43,0.8272,0.2587,0.0279,0.0546,0.5949,0.9523
823,27.4608,44,0.4019,0.4075,0.0871,0.1009,0.7434,0.8535
823,27.4608,47,0.3211,0.4842,0.0845,0.0593,0.4196,0.9487
823,27.4608,48,0.4756,0.9751,0.0462,0.0475,0.2541,0.9738
823,27.4608,49,0.4826,0.5281,0.0983,0.0915,0.673,0.8916
823,27.4608,50,0.8771,0.0692,0.0819,0.1379,0.7939,0.8039
823,27.4608,52,0.6667,0.4966,0.025,0.0677,0.5381,0.913
823,27.4608,54,0.293,0.4018,0.0722,0.0458,0.481,0.9786
823,27.4608,55,0.1861,0.8379,0.0297,0.0807,0.396,0.895
823,27.4608,56,0.196,0.0626,0.0516,0.125,0.7737,0.0916
824,27.4941,7,0.6747,0.9804,0.0473,0.0367,0.3918,1.0
824,27.4941,36,0.5846,0.3744,0.0792,0.1284,0.7518,0.7812
824,27.4941,37,0.8177,0.7851,0.2262,0.4275,0.5629,0.113
824,27.4941,41,0.7455,0.4476,0.1333,0.2321,0.64,0.5314
824,27.4941,42,0.6456,0.1622,0.2113,0.3006,0.6388,0.5506
824,27.4941,43,0.8269,0.2595,0.0277,0.0542,0.5915,0.9523
824,27.4941,44,0.4034,0.4102,0.0893,0.102,0.7693,0.8535
824,27.4941,47,0.3198,0.4843,0.0847,0.0596,0.5303,0.9487
824,27.4941,49,0.4823,0.5293,0.0989,0.0918,0.6764,0.8916
824,27.4941,50,0.876,0.0704,0.0816,0.1405,0.8353,0.8039
824,27.4941,54,0.2921,0.4012,0.0723,0.0455,0.3687,0.9786
824,27.4941,55,0.1861,0.8379,0.0297,0.0807,0.3822,0.895
824,27.4941,56,0.1974,0.064,0.0513,0.1277,0.7997,0.0916
825,27.5275,7,0.6747,0.9804,0.0474,0.0367,0.3952,1.0
825,27.5275,27,0.0454,0.4113,0.0909,0.0842,0.4317,0.9336
825,27.5275,36,0.5877,0.3762,0.0809,0.1278,0.7503,0.7812
825,27.5275,37,0.8066,0.7869,0.2256,0.424,0.5506,0.113
825,27.5275,41,0.7427,0.4467,0.1371,0.2333,0.615,0.5314
825,27.5275,42,0.6466,0.1602,0.2151,0.3084,0.3497,0.5506
825,27.5275,43,0.8267,0.2601,0.0276,0.0539,0.5649,0.9523
825,27.5275,44,0.405,0.4127,0.0917,0.1036,0.7673,0.8535
825,27.5275,47,0.3185,0.4844,0.085,0.0598,0.5614,0.9487
825,27.5275,49,0.4823,0.5305,0.0995,0.0919,0.6465,0.8916
825,27.5275,50,0.8747,0.071,0.0805,0.1418,0.8161,0.8039
825,27.5275,52,0.6668,0.4969,0.0249,0.0677,0.2731,0.913
825,27.5275,54,0.2906,0.4007,0.0728,0.0454,0.4593,0.9786
825,27.5275,55,0.1862,0.8378,0.0296,0.0807,0.3791,0.895
825,27.5275,56,0.2008,0.0665,0.0517,0.1329,0.8164,0.0916
826,27.5609,7,0.6747,0.9804,0.0475,0.0368,0.4089,1.0
826,27.5609,27,0.0435,0.4139,0.0869,0.0834,0.4314,0.9336
826,27.5609,36,0.5882,0.378,0.0823,0.1278,0.7329,0.7812
826,27.5609,37,0.8011,0.7845,0.2273,0.4289,0.5175,0.113
826,27.5609,41,0.7404,0.446,0.1407,0.2347,0.7024,0.5314
826,27.5609,42,0.6433,0.1588,0.2155,0.314,0.7018,0.5506
826,27.5609,43,0.8265,0.2604,0.0275,0.0538,0.5698,0.9523
826,27.5609,44,0.4066,0.4149,0.0939,0.1049,0.7572,0.8535
826,27.5609,47,0.3174,0.4844,0.0851,0.0598,0.5878,0.9487
826,27.5609,49,0.4824,0.5314,0.1003,0.0922,0.6867,0.8916
826,27.5609,50,0.873,0.0715,0.0792,0.1427,0.8033,0.8039
826,27.5609,52,0.6671,0.4972,0.0248,0.0674,0.2629,0.913
826,27.5609,54,0.2889,0.4004,0.074,0.046,0.5182,0.9786
826,27.5609,55,0.1862,0.8378,0.0296,0.0806,0.386,0.895
826,27.5609,56,0.2056,0.0699,0.0525,0.1396,0.8215,0.0916
827,27.5942,7,0.6747,0.9804,0.0477,0.0369,0.4068,1.0
827,27.5942,27,0.0417,0.4161,0.0834,0.0831,0.3801,0.9336
827,27.5942,36,0.5876,0.3797,0.0834,0.1282,0.7284,0.7812
827,27.5942,37,0.7953,0.7816,0.228,0.4347,0.3504,0.113
827,27.5942,41,0.7383,0.446,0.1446,0.237,0.7387,0.5314
827,27.5942,42,0.635,0.1592,0.2133,0.3173,0.7049,0.5506
827,27.5942,43,0.8263,0.2606,0.0275,0.0536,0.5858,0.9523
827,27.5942,44,0.4081,0.4173,0.0955,0.1056,0.7329,0.8535
827,27.5942,47,0.3164,0.4843,0.0853,0.0597,0.5684,0.9487
827,27.5942,49,0.4824,0.5322,0.1008,0.0919,0.6842,0.8916
827,27.5942,50,0.8712,0.0722,0.078,0.1439,0.7501,0.8039
827,27.5942,54,0.2874,0.4002,0.0757,0.0471,0.3386,0.9786
827,27.5942,55,0.1862,0.8378,0.0296,0.0806,0.3711,0.895
827,27.5942,56,0.2108,0.0738,0.0537,0.1474,0.8193,0.0916
828,27.6276,7,0.6747,0.9803,0.0478,0.037,0.4032,1.0
828,27.6276,27,0.0407,0.4184,0.0813,0.0826,0.496,0.9336
828,27.6276,36,0.5865,0.3817,0.084,0.1284,0.722,0.7812
828,27.6276,37,0.789,0.7826,0.2241,0.4324,0.2888,0.113
828,27.6276,41,0.7363,0.4459,0.1479,0.2392,0.7077,0.5314
828,27.6276,42,0.6237,0.1582,0.2079,0.3164,0.6584,0.5506
828,27.6276,43,0.826,0.2609,0.0274,0.0534,0.5059,0.9523
828,27.6276,44,0.4095,0.4197,0.0971,0.1064,0.6489,0.8535
828,27.6276,47,0.3155,0.4842,0.0856,0.0597,0.6109,0.9487
828,27.6276,49,0.4823,0.5328,0.1013,0.0914,0.6194,0.8916
828,27.6276,50,0.8692,0.0734,0.0769,0.1449,0.787,0.8039
828,27.6276,55,0.1862,0.8378,0.0296,0.0806,0.3468,0.895
828,27.6276,56,0.2168,0.0783,0.0556,0.1565,0.8356,0.0916
829,27.661,7,0.6747,0.9803,0.0479,0.0371,0.3356,1.0
829,27.661,36,0.5854,0.3838,0.084,0.1282,0.5519,0.7812
829,27.661,41,0.734,0.4451,0.1499,0.2393,0.6913,0.5314
829,27.661,42,0.6108,0.1564,0.201,0.3128,0.782,0.5506
829,27.661,43,0.8258,0.2611,0.0274,0.0533,0.466,0.9523
829,27.661,44,0.411,0.4219,0.0987,0.1072,0.6891,0.8535
829,27.661,47,0.3145,0.4841,0.0863,0.0599,0.6069,0.9487
829,27.661,49,0.4819,0.5334,0.1019,0.0909,0.5798,0.8916
829,27.661,50,0.8671,0.075,0.0755,0.1452,0.7977,0.8039
829,27.661,55,0.1862,0.8378,0.0296,0.0806,0.3557,0.895
829,27.661,56,0.2232,0.0835,0.0582,0.1668,0.8362,0.0916
830,27.6943,7,0.6747,0.9802,0.048,0.0373,0.2976,1.0
830,27.6943,36,0.5849,0.3859,0.0839,0.1282,0.439,0.7812
830,27.6943,41,0.7312,0.4439,0.151,0.2384,0.7521,0.5314
830,27.6943,42,0.5978,0.1544,0.1948,0.3088,0.7284,0.5506
830,27.6943,43,0.8255,0.2613,0.0275,0.0533,0.537,0.9523
830,27.6943,44,0.4123,0.4241,0.1,0.1076,0.7251,0.8535
830,27.6943,47,0.3135,0.484,0.0871,0.06,0.5471,0.9487
830,27.6943,49,0.4812,0.5338,0.1028,0.0905,0.6185,0.8916
830,27.6943,50,0.8652,0.0783,0.075,0.147,0.8193,0.8039
830,27.6943,55,0.1862,0.8378,0.0296,0.0807,0.3658,0.895
830,27.6943,56,0.2295,0.0889,0.0615,0.1778,0.862,0.0916
831,27.7277,7,0.6747,0.9802,0.048,0.0374,0.3083,1.0
831,27.7277,36,0.5834,0.3878,0.0834,0.1282,0.5128,0.7812
831,27.7277,41,0.7279,0.4426,0.1517,0.2371,0.6703,0.5314
831,27.7277,42,0.5854,0.1519,0.1898,0.3039,0.8052,0.5506
831,27.7277,43,0.825,0.2614,0.0279,0.0538,0.3579,0.9523
831,27.7277,44,0.4135,0.4258,0.1008,0.1074,0.7349,0.8535
831,27.7277,47,0.3123,0.4838,0.0881,0.0602,0.6298,0.9487
831,27.7277,49,0.4801,0.5342,0.104,0.0904,0.6122,0.8916
831,27.7277,50,0.8633,0.0816,0.074,0.1476,0.7981,0.8039
831,27.7277,54,0.2861,0.4001,0.0771,0.0482,0.3503,0.9786
831,27.7277,55,0.1862,0.8379,0.0296,0.0808,0.3505,0.895
831,27.7277,56,0.2348,0.0946,0.0655,0.1891,0.7924,0.0916
832,27.7611,7,0.6747,0.9801,0.0481,0.0375,0.3209,1.0
832,27.7611,36,0.581,0.3896,0.0825,0.1284,0.657,0.7812
832,27.7611,37,0.7857,0.7818,0.2234,0.4339,0.3374,0.113
832,27.7611,41,0.7242,0.442,0.1528,0.2369,0.6966,0.5314
832,27.7611,42,0.5733,0.1485,0.1859,0.297,0.7955,0.5506
832,27.7611,43,0.8244,0.2615,0.0284,0.0542,0.4945,0.9523
832,27.7611,44,0.4144,0.4272,0.1013,0.1068,0.7185,0.8535
832,27.7611,47,0.3111,0.4837,0.0893,0.0605,0.5757,0.9487
832,27.7611,49,0.4781,0.5347,0.1053,0.0905,0.6772,0.8916
832,27.7611,50,0.8616,0.0856,0.0732,0.1483,0.7692,0.8039
832,27.7611,54,0.2849,0.3999,0.0784,0.0492,0.2524,0.9786
832,27.7611,55,0.1862,0.8379,0.0296,0.0808,0.3452,0.895
832,27.7611,56,0.239,0.1002,0.0702,0.2003,0.8232,0.0916
833,27.7944,7,0.6747,0.9801,0.048,0.0375,0.2866,1.0
833,27.7944,36,0.5806,0.3916,0.0815,0.128,0.5038,0.7812
833,27.7944,41,0.7204,0.4415,0.154,0.2372,0.697,0.5314
833,27.7944,42,0.5617,0.1461,0.1862,0.2922,0.7907,0.5506
833,27.7944,43,0.8237,0.2616,0.0287,0.0543,0.4854,0.9523
833,27.7944,44,0.4152,0.4286,0.1019,0.1063,0.7187,0.8535
833,27.7944,47,0.3096,0.4837,0.0905,0.0608,0.5512,0.9487
833,27.7944,49,0.4757,0.5352,0.1066,0.0905,0.6583,0.8916
833,27.7944,50,0.86,0.0899,0.0723,0.1483,0.7764,0.8039
833,27.7944,55,0.1862,0.8379,0.0296,0.0809,0.3104,0.895
833,27.7944,56,0.2402,0.1059,0.076,0.2116,0.8206,0.0916
834,27.8278,7,0.6748,0.9801,0.0479,0.0374,0.2621,1.0
834,27.8278,36,0.5809,0.3937,0.0805,0.1273,0.4239,0.7812
834,27.8278,37,0.7824,0.7806,0.2229,0.4364,0.2658,0.113
834,27.8278,41,0.7166,0.4399,0.1536,0.2346,0.7684,0.5314
834,27.8278,42,0.5501,0.1441,0.1899,0.2882,0.5948,0.5506
834,27.8278,43,0.8228,0.262,0.0287,0.0539,0.5425,0.9523
834,27.8278,44,0.4157,0.4299,0.1028,0.1062,0.6538,0.8535
834,27.8278,47,0.3075,0.4835,0.0912,0.0607,0.578,0.9487
834,27.8278,49,0.4727,0.5356,0.1079,0.0907,0.6294,0.8916
834,27.8278,50,0.8582,0.0944,0.0711,0.1474,0.8083,0.8039
834,27.8278,54,0.2833,0.3996,0.0783,0.0495,0.3216,0.9786
834,27.8278,55,0.1862,0.838,0.0296,0.081,0.2961,0.895
834,27.8278,56,0.2406,0.112,0.0825,0.2237,0.8092,0.0916
835,27.8612,7,0.675,0.9802,0.0478,0.0372,0.3179,1.0
835,27.8612,36,0.5814,0.3956,0.08,0.1271,0.3229,0.7812
835,27.8612,41,0.7128,0.4384,0.1529,0.2316,0.7782,0.5314
835,27.8612,42,0.5385,0.1443,0.1989,0.2887,0.5602,0.5506
835,27.8612,43,0.8218,0.2624,0.0286,0.0534,0.403,0.9523
835,27.8612,44,0.4155,0.4309,0.1033,0.1058,0.6898,0.8535
835,27.8612,47,0.3051,0.4833,0.0915,0.0605,0.511,0.9487
835,27.8612,49,0.4695,0.5359,0.1092,0.091,0.6404,0.8916
835,27.8612,50,0.8563,0.0984,0.0696,0.1456,0.8233,0.8039
835,27.8612,54,0.2821,0.3991,0.0777,0.0495,0.3329,0.9786
835,27.8612,55,0.1862,0.8381,0.0296,0.0811,0.2833,0.895
835,27.8612,56,0.2388,0.1184,0.0899,0.2364,0.8035,0.0916
836,27.8945,7,0.6751,0.9803,0.0476,0.037,0.3137,1.0
836,27.8945,36,0.582,0.3972,0.0795,0.127,0.5655,0.7812
836,27.8945,41,0.7091,0.4371,0.1521,0.228,0.7812,0.5314
836,27.8945,42,0.5268,0.145,0.2104,0.2899,0.6416,0.5506
836,27.8945,43,0.8206,0.2628,0.0284,0.0527,0.3978,0.9523
836,27.8945,44,0.4151,0.4319,0.1036,0.1053,0.6884,0.8535
836,27.8945,47,0.3024,0.483,0.0916,0.06,0.4658,0.9487
836,27.8945,49,0.466,0.5362,0.1102,0.0911,0.6017,0.8916
836,27.8945,50,0.8544,0.1021,0.0684,0.1441,0.8128,0.8039
836,27.8945,54,0.2813,0.3988,0.0764,0.049,0.3456,0.9786
836,27.8945,55,0.1863,0.8382,0.0296,0.0812,0.2908,0.895
836,27.8945,56,0.2331,0.1244,0.0976,0.2484,0.7673,0.0916
837,27.9279,7,0.6753,0.9804,0.0475,0.0368,0.3674,1.0
837,27.9279,36,0.5819,0.3988,0.0788,0.1267,0.696,0.7812
837,27.9279,37,0.7794,0.7786,0.223,0.4403,0.3412,0.113
837,27.9279,41,0.7052,0.437,0.152,0.226,0.8159,0.5314
837,27.9279,42,0.5147,0.1459,0.2241,0.2918,0.5594,0.5506
837,27.9279,43,0.8195,0.2632,0.0282,0.0519,0.5681,0.9523
837,27.9279,44,0.4149,0.4327,0.1041,0.105,0.6721,0.8535
837,27.9279,47,0.2996,0.4827,0.0916,0.0595,0.6027,0.9487
837,27.9279,48,0.4755,0.9751,0.0461,0.0474,0.3683,0.9738
837,27.9279,49,0.4628,0.5363,0.1114,0.0913,0.7112,0.8916
837,27.9279,50,0.8524,0.1047,0.0666,0.1415,0.8651,0.8039
837,27.9279,54,0.2808,0.3984,0.0747,0.0483,0.4202,0.9786
837,27.9279,56,0.2243,0.1312,0.1061,0.2605,0.6565,0.0916
838,27.9613,7,0.6754,0.9805,0.0475,0.0366,0.3663,1.0
838,27.9613,36,0.5827,0.4004,0.0783,0.1265,0.7164,0.7812
838,27.9613,41,0.7016,0.4372,0.1518,0.2242,0.7869,0.5314
838,27.9613,42,0.5023,0.1473,0.2401,0.2945,0.6361,0.5506
838,27.9613,43,0.8183,0.2638,0.0277,0.0507,0.5596,0.9523
838,27.9613,44,0.4138,0.4333,0.1044,0.1048,0.601,0.8535
838,27.9613,47,0.2967,0.4822,0.0921,0.0594,0.5868,0.9487
838,27.9613,48,0.4754,0.9752,0.0459,0.0474,0.3363,0.9738
838,27.9613,49,0.4598,0.5364,0.1123,0.0914,0.7181,0.8916
838,27.9613,50,0.8503,0.1069,0.065,0.139,0.8603,0.8039
838,27.9613,54,0.2802,0.3979,0.0725,0.0471,0.4093,0.9786
838,27.9613,55,0.1863,0.8383,0.0296,0.0813,0.2671,0.895
838,27.9613,56,0.213,0.1419,0.1137,0.2686,0.6468,0.0916
839,27.9946,7,0.6755,0.9805,0.0475,0.0364,0.4425,1.0
839,27.9946,36,0.5843,0.4021,0.0779,0.1259,0.6596,0.7812
839,27.9946,41,0.6985,0.4376,0.1512,0.2217,0.706,0.5314
839,27.9946,42,0.4894,0.1487,0.2576,0.297,0.5639,0.5506
839,27.9946,43,0.8172,0.2644,0.0272,0.0495,0.582,0.9523
839,27.9946,44,0.4131,0.4339,0.105,0.1048,0.7131,0.8535
839,27.9946,47,0.2938,0.4815,0.0927,0.0595,0.5999,0.9487
839,27.9946,48,0.4754,0.9753,0.0458,0.0473,0.2624,0.9738
839,27.9946,49,0.4573,0.5365,0.1131,0.0913,0.747,0.8916
839,27.9946,50,0.848,0.1086,0.0634,0.1365,0.8526,0.8039
839,27.9946,54,0.2796,0.3974,0.0703,0.046,0.4289,0.9786
839,27.9946,55,0.1863,0.8383,0.0296,0.0813,0.2923,0.895
839,27.9946,56,0.1988,0.1552,0.1221,0.2766,0.6222,0.0916
840,28.028,7,0.6756,0.9806,0.0474,0.0362,0.4328,1.0
840,28.028,36,0.5852,0.4037,0.0775,0.1257,0.6403,0.7812
840,28.028,41,0.6957,0.4383,0.1499,0.2186,0.7006,0.5314
840,28.028,42,0.4774,0.1502,0.2763,0.2998,0.4968,0.5506
840,28.028,43,0.8161,0.2649,0.0269,0.0487,0.6417,0.9523
840,28.028,44,0.4124,0.4344,0.1057,0.1049,0.7049,0.8535
840,28.028,47,0.291,0.4807,0.0933,0.0597,0.629,0.9487
840,28.028,48,0.4753,0.9753,0.0457,0.0473,0.2686,0.9738
840,28.028,49,0.4551,0.5365,0.114,0.0913,0.6949,0.8916
840,28.028,50,0.8457,0.1099,0.0618,0.134,0.8376,0.8039
840,28.028,54,0.279,0.3967,0.0687,0.0451,0.4021,0.9786
840,28.028,55,0.1863,0.8383,0.0296,0.0813,0.2704,0.895
840,28.028,56,0.1837,0.1685,0.133,0.2895,0.3176,0.0916
841,28.0614,7,0.6754,0.9807,0.0475,0.0362,0.4251,1.0
841,28.0614,36,0.5859,0.4049,0.0769,0.1255,0.6643,0.7812
841,28.0614,41,0.6933,0.4395,0.1492,0.2164,0.6795,0.5314
841,28.0614,42,0.4671,0.1512,0.2952,0.3017,0.309,0.5506
841,28.0614,43,0.8152,0.265,0.0269,0.0483,0.4922,0.9523
841,28.0614,44,0.4116,0.4346,0.1063,0.1049,0.5413,0.8535
841,28.0614,47,0.2886,0.4801,0.0937,0.0597,0.6397,0.9487
841,28.0614,48,0.4753,0.9753,0.0456,0.0473,0.282,0.9738
841,28.0614,49,0.4534,0.5364,0.1149,0.0912,0.6652,0.8916
841,28.0614,50,0.8433,0.1111,0.0601,0.1312,0.7501,0.8039
841,28.0614,54,0.2782,0.3961,0.0681,0.0448,0.3478,0.9786
841,28.0614,55,0.1863,0.8384,0.0295,0.0813,0.2827,0.895
841,28.0614,56,0.1666,0.1829,0.1449,0.3033,0.5626,0.0916
842,28.0947,7,0.6753,0.9807,0.0476,0.0362,0.3454,1.0
842,28.0947,36,0.5858,0.4071,0.0748,0.1229,0.6064,0.7812
842,28.0947,41,0.6913,0.4412,0.1486,0.2149,0.7433,0.5314
842,28.0947,42,0.458,0.1514,0.3134,0.3021,0.354,0.5506
842,28.0947,43,0.8145,0.265,0.0271,0.0483,0.5731,0.9523
842,28.0947,44,0.4112,0.4346,0.1071,0.105,0.6771,0.8535
842,28.0947,47,0.2865,0.4796,0.0939,0.0596,0.6346,0.9487
842,28.0947,48,0.4753,0.9753,0.0456,0.0473,0.3027,0.9738
842,28.0947,49,0.452,0.5363,0.1159,0.091,0.6644,0.8916
842,28.0947,50,0.8409,0.1123,0.0587,0.1289,0.787,0.8039
842,28.0947,54,0.2776,0.3955,0.0682,0.0448,0.2785,0.9786
842,28.0947,55,0.1863,0.8384,0.0295,0.0813,0.276,0.895
842,28.0947,56,0.1496,0.1988,0.1563,0.316,0.5241,0.0916
843,28.1281,7,0.6751,0.9807,0.0476,0.0362,0.3567,1.0
843,28.1281,36,0.5853,0.4084,0.0734,0.1219,0.5684,0.7812
843,28.1281,41,0.6896,0.443,0.1481,0.2137,0.719,0.5314
843,28.1281,42,0.4511,0.1521,0.3318,0.3033,0.3981,0.5506
843,28.1281,43,0.8139,0.2648,0.0273,0.0483,0.581,0.9523
843,28.1281,44,0.4103,0.4347,0.1079,0.1049,0.676,0.8535
843,28.1281,47,0.2849,0.4791,0.0941,0.0596,0.632,0.9487
843,28.1281,48,0.4753,0.9753,0.0456,0.0473,0.2945,0.9738
843,28.1281,49,0.4508,0.5363,0.1171,0.091,0.6549,0.8916
843,28.1281,50,0.8384,0.1131,0.0572,0.1264,0.8073,0.8039
843,28.1281,55,0.1863,0.8384,0.0295,0.0813,0.2808,0.895
843,28.1281,56,0.1351,0.2163,0.1679,0.3298,0.4363,0.0916
844,28.1615,7,0.6749,0.9807,0.0477,0.0362,0.312,1.0
844,28.1615,27,0.04,0.4193,0.0799,0.0821,0.3245,0.9336
844,28.1615,36,0.5848,0.4095,0.0718,0.1212,0.5089,0.7812
844,28.1615,41,0.6884,0.4449,0.1479,0.213,0.6549,0.5314
844,28.1615,42,0.445,0.153,0.3497,0.3049,0.5353,0.5506
844,28.1615,43,0.8132,0.2648,0.0275,0.0482,0.5784,0.9523
844,28.1615,44,0.409,0.4347,0.1086,0.1048,0.6402,0.8535
844,28.1615,47,0.2833,0.4786,0.0943,0.0595,0.6194,0.9487
844,28.1615,48,0.4753,0.9753,0.0455,0.0473,0.3043,0.9738
844,28.1615,49,0.4495,0.5363,0.118,0.0908,0.6407,0.8916
844,28.1615,50,0.836,0.1134,0.0559,0.124,0.8182,0.8039
844,28.1615,55,0.1862,0.8384,0.0294,0.0812,0.2613,0.895
844,28.1615,56,0.1234,0.2334,0.1783,0.3436,0.5997,0.0916
845,28.1948,7,0.6747,0.9808,0.0476,0.0362,0.2992,1.0
845,28.1948,36,0.5843,0.4105,0.0699,0.1207,0.3079,0.7812
845,28.1948,41,0.6876,0.447,0.1478,0.2124,0.6286,0.5314
845,28.1948,42,0.4402,0.1537,0.3662,0.3063,0.5608,0.5506
845,28.1948,43,0.8126,0.2646,0.0275,0.0481,0.5726,0.9523
845,28.1948,44,0.4084,0.4348,0.1096,0.1049,0.6605,0.8535
845,28.1948,47,0.282,0.4782,0.0939,0.059,0.6337,0.9487
845,28.1948,48,0.4753,0.9753,0.0455,0.0474,0.3356,0.9738
845,28.1948,49,0.4482,0.5362,0.1189,0.0904,0.5958,0.8916
845,28.1948,50,0.8335,0.1137,0.0548,0.1217,0.7609,0.8039
845,28.1948,54,0.2774,0.3952,0.0684,0.045,0.2763,0.9786
845,28.1948,55,0.1862,0.8384,0.0294,0.0812,0.2654,0.895
845,28.1948,56,0.1156,0.2435,0.1904,0.3683,0.6759,0.0916
846,28.2282,7,0.6745,0.9808,0.0476,0.0362,0.2837,1.0
846,28.2282,41,0.687,0.4491,0.1482,0.2122,0.7113,0.5314
846,28.2282,42,0.4376,0.1545,0.3809,0.308,0.5079,0.5506
846,28.2282,43,0.8121,0.2644,0.0276,0.048,0.576,0.9523
846,28.2282,44,0.4074,0.4348,0.1107,0.1051,0.6821,0.8535
846,28.2282,47,0.2811,0.4779,0.0932,0.0582,0.6258,0.9487
846,28.2282,48,0.4753,0.9753,0.0455,0.0474,0.2978,0.9738
846,28.2282,49,0.4468,0.5361,0.1194,0.0897,0.5987,0.8916
846,28.2282,50,0.8309,0.114,0.0536,0.1194,0.7688,0.8039
846,28.2282,56,0.1112,0.2505,0.2021,0.3972,0.4881,0.0916
847,28.2616,7,0.6743,0.9808,0.0475,0.0362,0.2846,1.0
847,28.2616,27,0.0392,0.4206,0.0784,0.0815,0.2678,0.9336
847,28.2616,36,0.5831,0.4094,0.0667,0.1176,0.3177,0.7812
847,28.2616,41,0.6865,0.451,0.1489,0.2122,0.6894,0.5314
847,28.2616,42,0.4362,0.1552,0.393,0.3094,0.6225,0.5506
847,28.2616,43,0.8115,0.2642,0.0276,0.048,0.4097,0.9523
847,28.2616,44,0.4063,0.4348,0.112,0.1056,0.6641,0.8535
847,28.2616,47,0.2803,0.4776,0.0927,0.0575,0.6094,0.9487
847,28.2616,48,0.4753,0.9753,0.0455,0.0474,0.32,0.9738
847,28.2616,49,0.4456,0.5361,0.12,0.089,0.5142,0.8916
847,28.2616,50,0.8285,0.1144,0.053,0.118,0.7856,0.8039
847,28.2616,55,0.1862,0.8384,0.0294,0.0812,0.2904,0.895
847,28.2616,56,0.1108,0.2566,0.2124,0.4217,0.4398,0.0916
848,28.2949,7,0.6742,0.9808,0.0475,0.0362,0.2799,1.0
848,28.2949,27,0.0384,0.4223,0.0768,0.0809,0.3613,0.9336
848,28.2949,41,0.6856,0.453,0.1497,0.212,0.5815,0.5314
848,28.2949,42,0.4349,0.1559,0.4023,0.311,0.6422,0.5506
848,28.2949,43,0.811,0.2641,0.0275,0.0479,0.5811,0.9523
848,28.2949,44,0.4054,0.4347,0.1134,0.1062,0.6988,0.8535
848,28.2949,47,0.2799,0.4776,0.0924,0.0571,0.6368,0.9487
848,28.2949,48,0.4753,0.9753,0.0455,0.0474,0.3468,0.9738
848,28.2949,49,0.4444,0.5359,0.1208,0.0881,0.5129,0.8916
848,28.2949,50,0.826,0.1145,0.0527,0.1174,0.7099,0.8039
848,28.2949,54,0.2772,0.3949,0.0687,0.0452,0.3341,0.9786
848,28.2949,55,0.1862,0.8384,0.0294,0.0811,0.2926,0.895
848,28.2949,56,0.113,0.2604,0.2227,0.4426,0.4229,0.0916
849,28.3283,7,0.6742,0.9808,0.0474,0.0362,0.2639,1.0
849,28.3283,41,0.6822,0.4547,0.1511,0.2121,0.6126,0.5314
849,28.3283,42,0.4337,0.1571,0.4095,0.3133,0.6691,0.5506
849,28.3283,43,0.8103,0.2641,0.0273,0.0479,0.6148,0.9523
849,28.3283,44,0.4047,0.4344,0.1148,0.107,0.7577,0.8535
849,28.3283,47,0.2796,0.4774,0.0925,0.057,0.577,0.9487
849,28.3283,48,0.4753,0.9753,0.0455,0.0474,0.357,0.9738
849,28.3283,49,0.4428,0.5356,0.1213,0.087,0.5474,0.8916
849,28.3283,50,0.8234,0.1144,0.0522,0.1164,0.6529,0.8039
849,28.3283,54,0.2768,0.3944,0.0692,0.0456,0.3571,0.9786
849,28.3283,55,0.1862,0.8384,0.0294,0.0811,0.2887,0.895
849,28.3283,56,0.1183,0.2628,0.2337,0.4639,0.5092,0.0916
850,28.3617,7,0.6742,0.9808,0.0474,0.0362,0.257,1.0
850,28.3617,36,0.5818,0.4078,0.0633,0.114,0.3712,0.7812
850,28.3617,41,0.6778,0.4565,0.1528,0.2122,0.3763,0.5314
850,28.3617,42,0.4305,0.1585,0.4148,0.3159,0.7392,0.5506
850,28.3617,43,0.8096,0.2641,0.0271,0.0478,0.5014,0.9523
850,28.3617,44,0.4039,0.4339,0.1158,0.1074,0.8055,0.8535
850,28.3617,47,0.2793,0.4772,0.0925,0.0568,0.566,0.9487
850,28.3617,48,0.4753,0.9753,0.0455,0.0474,0.3786,0.9738
850,28.3617,49,0.4407,0.5351,0.1221,0.0859,0.5914,0.8916
850,28.3617,50,0.8207,0.1142,0.0518,0.1157,0.7711,0.8039
850,28.3617,55,0.1862,0.8384,0.0294,0.081,0.2755,0.895
850,28.3617,56,0.1258,0.2628,0.2437,0.4818,0.4734,0.0916
851,28.395,7,0.6742,0.9808,0.0474,0.0362,0.2527,1.0
851,28.395,36,0.5805,0.4059,0.0601,0.1103,0.2807,0.7812
851,28.395,41,0.6727,0.458,0.155,0.2128,0.3522,0.5314
851,28.395,42,0.4292,0.1601,0.4172,0.3183,0.5893,0.5506
851,28.395,43,0.8091,0.2642,0.027,0.0478,0.5021,0.9523
851,28.395,44,0.4034,0.4333,0.1166,0.1077,0.7972,0.8535
851,28.395,48,0.4753,0.9753,0.0454,0.0474,0.3326,0.9738
851,28.395,49,0.4382,0.5346,0.1229,0.0847,0.4661,0.8916
851,28.395,50,0.8178,0.1148,0.0513,0.1149,0.6628,0.8039
851,28.395,55,0.1862,0.8383,0.0294,0.081,0.2736,0.895
851,28.395,56,0.1345,0.2622,0.2543,0.4982,0.3639,0.0916
852,28.4284,7,0.6742,0.9808,0.0473,0.0363,0.2632,1.0
852,28.4284,41,0.6671,0.4594,0.1575,0.2138,0.4491,0.5314
852,28.4284,42,0.4292,0.1608,0.4186,0.3195,0.4867,0.5506
852,28.4284,43,0.8087,0.2643,0.0269,0.0479,0.5586,0.9523
852,28.4284,44,0.4029,0.4325,0.117,0.1075,0.7854,0.8535
852,28.4284,48,0.4753,0.9753,0.0454,0.0474,0.3513,0.9738
852,28.4284,49,0.4353,0.534,0.124,0.0836,0.4318,0.8916
852,28.4284,50,0.8151,0.1153,0.0507,0.1138,0.7583,0.8039
852,28.4284,55,0.1862,0.8383,0.0294,0.081,0.2975,0.895
852,28.4284,56,0.141,0.2691,0.2616,0.5017,0.5201,0.0916
853,28.4618,41,0.6608,0.4605,0.16,0.2152,0.752,0.5314
853,28.4618,42,0.429,0.1615,0.419,0.3208,0.4722,0.5506
853,28.4618,43,0.8083,0.2645,0.0267,0.0479,0.5017,0.9523
853,28.4618,44,0.4023,0.4313,0.1168,0.1066,0.7513,0.8535
853,28.4618,48,0.4754,0.9753,0.0454,0.0473,0.3042,0.9738
853,28.4618,49,0.4316,0.5332,0.126,0.0831,0.5653,0.8916
853,28.4618,50,0.8125,0.1152,0.0499,0.1123,0.7393,0.8039
853,28.4618,55,0.1862,0.8382,0.0294,0.0808,0.2991,0.895
853,28.4618,56,0.155,0.2771,0.272,0.5011,0.5595,0.0916
854,28.4951,7,0.6742,0.9808,0.0472,0.0362,0.3034,1.0
854,28.4951,41,0.6545,0.4635,0.1656,0.2216,0.7133,0.5314
854,28.4951,42,0.4279,0.1624,0.4188,0.3223,0.3641,0.5506
854,28.4951,43,0.8079,0.2649,0.0263,0.0476,0.5106,0.9523
854,28.4951,44,0.4017,0.4299,0.1161,0.105,0.7487,0.8535
854,28.4951,48,0.4755,0.9754,0.0453,0.0472,0.3264,0.9738
854,28.4951,49,0.4266,0.5322,0.128,0.083,0.5153,0.8916
854,28.4951,50,0.81,0.1149,0.049,0.1105,0.7326,0.8039
854,28.4951,55,0.1861,0.8382,0.0294,0.0806,0.3064,0.895
854,28.4951,56,0.1663,0.283,0.2831,0.5011,0.4766,0.0916
855,28.5285,7,0.6742,0.9809,0.0471,0.0361,0.2906,1.0
855,28.5285,41,0.6484,0.467,0.1721,0.2301,0.5446,0.5314
855,28.5285,43,0.8075,0.2655,0.026,0.0474,0.4952,0.9523
855,28.5285,44,0.4012,0.4284,0.1153,0.1032,0.7551,0.8535
855,28.5285,48,0.4756,0.9754,0.0453,0.0471,0.3162,0.9738
855,28.5285,49,0.4214,0.5312,0.1299,0.0829,0.5414,0.8916
855,28.5285,50,0.8077,0.1142,0.0482,0.1089,0.7456,0.8039
855,28.5285,55,0.1861,0.8381,0.0294,0.0805,0.2961,0.895
856,28.5619,7,0.6743,0.9809,0.0469,0.036,0.2656,1.0
856,28.5619,41,0.643,0.4698,0.1763,0.2369,0.4018,0.5314
856,28.5619,43,0.807,0.2664,0.0253,0.0464,0.2862,0.9523
856,28.5619,44,0.4005,0.4271,0.1148,0.1014,0.7684,0.8535
856,28.5619,49,0.4163,0.53,0.1323,0.0833,0.6436,0.8916
856,28.5619,50,0.806,0.1134,0.0478,0.108,0.6062,0.8039
857,28.5952,7,0.6744,0.981,0.0468,0.0359,0.2934,1.0
857,28.5952,41,0.6393,0.4734,0.1805,0.2451,0.3499,0.5314
857,28.5952,43,0.8066,0.2673,0.0245,0.0453,0.3634,0.9523
857,28.5952,44,0.4003,0.4259,0.1147,0.1,0.738,0.8535
857,28.5952,48,0.4757,0.9754,0.0453,0.047,0.313,0.9738
857,28.5952,49,0.411,0.5291,0.1342,0.0836,0.5541,0.8916
857,28.5952,50,0.8046,0.1124,0.0474,0.1072,0.699,0.8039
858,28.6286,7,0.6745,0.9811,0.0467,0.0358,0.2931,1.0
858,28.6286,36,0.5798,0.4026,0.0583,0.1085,0.3033,0.7812
858,28.6286,41,0.6357,0.4761,0.1824,0.2506,0.2849,0.5314
858,28.6286,43,0.806,0.2685,0.024,0.0446,0.4148,0.9523
858,28.6286,44,0.4005,0.4248,0.1149,0.0988,0.6939,0.8535
858,28.6286,48,0.4758,0.9754,0.0453,0.0469,0.3201,0.9738
858,28.6286,49,0.4065,0.528,0.1366,0.0843,0.638,0.8916
858,28.6286,50,0.8036,0.1106,0.0473,0.1069,0.7603,0.8039
859,28.662,7,0.6746,0.9811,0.0465,0.0356,0.2534,1.0
859,28.662,36,0.5777,0.4,0.0553,0.1044,0.3278,0.7812
859,28.662,44,0.401,0.4238,0.1154,0.0979,0.6396,0.8535
859,28.662,48,0.4759,0.9754,0.0454,0.0468,0.291,0.9738
859,28.662,49,0.4023,0.5272,0.1396,0.0855,0.4915,0.8916
859,28.662,50,0.803,0.1088,0.0475,0.1071,0.7655,0.8039
860,28.6953,7,0.6746,0.9812,0.0464,0.0355,0.285,1.0
860,28.6953,36,0.5747,0.3977,0.0535,0.1017,0.3287,0.7812
860,28.6953,44,0.4019,0.4232,0.1164,0.0976,0.6331,0.8535
860,28.6953,48,0.476,0.9755,0.0455,0.0468,0.2519,0.9738
860,28.6953,49,0.3987,0.5265,0.1422,0.0864,0.4217,0.8916
860,28.6953,50,0.8029,0.1075,0.0483,0.1088,0.7699,0.8039
860,28.6953,56,0.1694,0.2895,0.2894,0.5018,0.335,0.0916
861,28.7287,7,0.6747,0.9812,0.0464,0.0354,0.3693,1.0
861,28.7287,41,0.6332,0.4782,0.1832,0.255,0.2842,0.5314
861,28.7287,43,0.8054,0.2705,0.0238,0.0449,0.2808,0.9523
861,28.7287,44,0.4029,0.4228,0.1176,0.0975,0.7045,0.8535
861,28.7287,48,0.476,0.9754,0.0456,0.0468,0.2627,0.9738
861,28.7287,49,0.3961,0.5259,0.145,0.0873,0.4957,0.8916
861,28.7287,50,0.803,0.1065,0.0491,0.1107,0.7918,0.8039
862,28.7621,7,0.6747,0.9812,0.0464,0.0354,0.3015,1.0
862,28.7621,36,0.5714,0.3956,0.0523,0.0995,0.2886,0.7812
862,28.7621,41,0.6311,0.481,0.1844,0.2603,0.5605,0.5314
862,28.7621,43,0.8048,0.2728,0.0239,0.0456,0.2527,0.9523
862,28.7621,44,0.4039,0.4226,0.1188,0.0976,0.778,0.8535
862,28.7621,49,0.3936,0.5258,0.1487,0.0888,0.5781,0.8916
862,28.7621,50,0.8031,0.1056,0.0499,0.1124,0.7593,0.8039
863,28.7954,7,0.6747,0.9812,0.0464,0.0354,0.3296,1.0
863,28.7954,41,0.6281,0.482,0.1824,0.2614,0.4693,0.5314
863,28.7954,44,0.4049,0.4224,0.1198,0.0977,0.8004,0.8535
863,28.7954,49,0.3912,0.5258,0.1528,0.0905,0.5153,0.8916
863,28.7954,50,0.8034,0.1051,0.0507,0.1141,0.7556,0.8039
864,28.8288,7,0.6747,0.9812,0.0465,0.0354,0.3513,1.0
864,28.8288,41,0.6246,0.4822,0.179,0.2609,0.4388,0.5314
864,28.8288,44,0.4055,0.4222,0.1206,0.0977,0.7842,0.8535
864,28.8288,49,0.3894,0.5252,0.1549,0.0907,0.5278,0.8916
864,28.8288,50,0.8038,0.1048,0.0515,0.1156,0.7463,0.8039
864,28.8288,56,0.1691,0.296,0.2912,0.4983,0.2698,0.0916
865,28.8622,7,0.6747,0.9812,0.0465,0.0354,0.2565,1.0
865,28.8622,41,0.6233,0.4828,0.1769,0.2615,0.5418,0.5314
865,28.8622,43,0.8042,0.275,0.0242,0.0468,0.3325,0.9523
865,28.8622,44,0.4056,0.4221,0.1214,0.0978,0.8018,0.8535
865,28.8622,48,0.4759,0.9754,0.0457,0.0469,0.2673,0.9738
865,28.8622,49,0.3845,0.5242,0.1554,0.09,0.5062,0.8916
865,28.8622,50,0.8043,0.1046,0.0521,0.1167,0.752,0.8039
866,28.8955,7,0.6747,0.9812,0.0465,0.0354,0.3308,1.0
866,28.8955,41,0.6214,0.4826,0.1743,0.2607,0.3592,0.5314
866,28.8955,43,0.8037,0.2772,0.0246,0.0481,0.3772,0.9523
866,28.8955,44,0.4052,0.4224,0.1228,0.0986,0.7921,0.8535
866,28.8955,48,0.4759,0.9753,0.0458,0.0469,0.2715,0.9738
866,28.8955,49,0.3806,0.523,0.1552,0.0886,0.5019,0.8916
866,28.8955,50,0.8048,0.1045,0.0527,0.1176,0.7487,0.8039
867,28.9289,7,0.6747,0.9812,0.0465,0.0354,0.309,1.0
867,28.9289,41,0.62,0.483,0.1732,0.2619,0.7281,0.5314
867,28.9289,43,0.8034,0.2791,0.0253,0.0501,0.4591,0.9523
867,28.9289,44,0.4046,0.4227,0.1241,0.0994,0.8181,0.8535
867,28.9289,49,0.3752,0.5219,0.1544,0.087,0.3375,0.8916
867,28.9289,50,0.8051,0.1043,0.053,0.1178,0.7198,0.8039
867,28.9289,56,0.1671,0.3011,0.2928,0.4995,0.3353,0.0916
868,28.9623,41,0.6181,0.4841,0.1728,0.2643,0.5407,0.5314
868,28.9623,43,0.8031,0.2812,0.0262,0.0524,0.4581,0.9523
868,28.9623,44,0.4038,0.4229,0.125,0.1002,0.7156,0.8535
868,28.9623,50,0.8054,0.1044,0.0534,0.1181,0.7223,0.8039
869,28.9956,7,0.6748,0.9811,0.0465,0.0354,0.2644,1.0
869,28.9956,41,0.6162,0.4867,0.1695,0.2613,0.4565,0.5314
869,28.9956,43,0.8031,0.2832,0.0268,0.0541,0.3887,0.9523
869,28.9956,44,0.4026,0.4232,0.126,0.101,0.7883,0.8535
869,28.9956,49,0.3705,0.5206,0.154,0.0853,0.538,0.8916
869,28.9956,50,0.8057,0.1048,0.054,0.119,0.737,0.8039
869,28.9956,56,0.1654,0.3046,0.2959,0.5016,0.2832,0.0916
870,29.029,7,0.6749,0.9811,0.0464,0.0354,0.2661,1.0
870,29.029,41,0.6154,0.49,0.165,0.2555,0.4345,0.5314
870,29.029,43,0.803,0.2846,0.027,0.0548,0.4477,0.9523
870,29.029,44,0.4013,0.4237,0.1271,0.1023,0.6294,0.8535
870,29.029,49,0.3657,0.519,0.1532,0.0831,0.3712,0.8916
870,29.029,50,0.806,0.1052,0.0545,0.1195,0.6879,0.8039
870,29.029,56,0.164,0.3042,0.2987,0.5033,0.3631,0.0916
871,29.0624,7,0.6749,0.9811,0.0464,0.0353,0.2879,1.0
871,29.0624,41,0.6155,0.4939,0.1601,0.2483,0.4865,0.5314
871,29.0624,43,0.8031,0.2859,0.0271,0.0552,0.396,0.9523
871,29.0624,44,0.3998,0.4247,0.1292,0.1045,0.7964,0.8535
871,29.0624,49,0.3609,0.5173,0.1526,0.081,0.3257,0.8916
871,29.0624,50,0.8063,0.1061,0.055,0.1201,0.732,0.8039
871,29.0624,55,0.186,0.8381,0.0295,0.0803,0.2524,0.895
871,29.0624,56,0.1538,0.3028,0.2962,0.5012,0.2951,0.0916
872,29.0957,7,0.675,0.9811,0.0463,0.0353,0.2909,1.0
872,29.0957,36,0.5686,0.3954,0.0532,0.1009,0.3075,0.7812
872,29.0957,41,0.6153,0.4954,0.1593,0.2475,0.2738,0.5314
872,29.0957,43,0.8033,0.2873,0.0271,0.0553,0.3773,0.9523
872,29.0957,44,0.3983,0.426,0.1315,0.1072,0.7745,0.8535
872,29.0957,49,0.345,0.5113,0.1609,0.0839,0.5139,0.8916
872,29.0957,50,0.8065,0.1072,0.0554,0.1208,0.7563,0.8039
873,29.1291,7,0.6751,0.9811,0.0463,0.0352,0.3234,1.0
873,29.1291,41,0.6151,0.4959,0.1596,0.2488,0.3807,0.5314
873,29.1291,43,0.8036,0.2887,0.0272,0.0554,0.3309,0.9523
873,29.1291,44,0.3968,0.4267,0.1322,0.1087,0.7772,0.8535
873,29.1291,49,0.3316,0.5054,0.1704,0.0878,0.3951,0.8916
873,29.1291,50,0.8066,0.1086,0.0558,0.1215,0.7638,0.8039
874,29.1625,7,0.6751,0.9811,0.0463,0.0352,0.3274,1.0
874,29.1625,41,0.6147,0.4963,0.1606,0.2512,0.2966,0.5314
874,29.1625,43,0.8039,0.2901,0.0274,0.0557,0.4664,0.9523
874,29.1625,44,0.3952,0.4269,0.1319,0.1093,0.7303,0.8535
874,29.1625,49,0.3173,0.4993,0.1793,0.0919,0.2772,0.8916
874,29.1625,50,0.8068,0.1104,0.0561,0.1223,0.7594,0.8039
874,29.1625,56,0.1453,0.3031,0.2898,0.4954,0.315,0.0916
875,29.1958,7,0.6751,0.9811,0.0462,0.0352,0.3617,1.0
875,29.1958,41,0.6136,0.4976,0.162,0.2548,0.3282,0.5314
875,29.1958,43,0.8042,0.2914,0.0276,0.0559,0.4667,0.9523
875,29.1958,44,0.3934,0.427,0.1312,0.1095,0.7541,0.8535
875,29.1958,48,0.4759,0.9753,0.0459,0.047,0.2647,0.9738
875,29.1958,50,0.8068,0.1123,0.0563,0.1228,0.7882,0.8039
875,29.1958,56,0.1441,0.3019,0.2863,0.4895,0.4263,0.0916
876,29.2292,7,0.6751,0.9811,0.0462,0.0352,0.3399,1.0
876,29.2292,41,0.6135,0.4972,0.1635,0.2575,0.3637,0.5314
876,29.2292,43,0.8044,0.2925,0.0279,0.0565,0.5113,0.9523
876,29.2292,44,0.3917,0.4268,0.1301,0.1093,0.7664,0.8535
876,29.2292,50,0.8068,0.1145,0.0562,0.123,0.7535,0.8039
876,29.2292,56,0.1445,0.2973,0.2869,0.4879,0.3843,0.0916
877,29.2626,7,0.6751,0.9811,0.0462,0.0352,0.3645,1.0
877,29.2626,36,0.5657,0.396,0.0546,0.1035,0.3234,0.7812
877,29.2626,41,0.6133,0.4951,0.1672,0.2642,0.4316,0.5314
877,29.2626,43,0.8046,0.2933,0.0282,0.0569,0.5711,0.9523
877,29.2626,44,0.3901,0.4265,0.1287,0.1088,0.8112,0.8535
877,29.2626,48,0.4759,0.9753,0.0459,0.0471,0.2532,0.9738
877,29.2626,50,0.8067,0.1171,0.0565,0.124,0.8058,0.8039
877,29.2626,56,0.1451,0.2952,0.2863,0.4805,0.3942,0.0916
878,29.2959,7,0.6751,0.9811,0.0462,0.0352,0.3555,1.0
878,29.2959,36,0.563,0.3971,0.0564,0.1066,0.5787,0.7812
878,29.2959,43,0.8049,0.2941,0.0285,0.0573,0.5602,0.9523
878,29.2959,44,0.3887,0.4259,0.1268,0.1077,0.7604,0.8535
878,29.2959,48,0.4758,0.9752,0.0459,0.0471,0.2575,0.9738
878,29.2959,50,0.8064,0.1201,0.0568,0.1254,0.7853,0.8039
878,29.2959,56,0.1441,0.296,0.2816,0.4686,0.4745,0.0916
879,29.3293,7,0.6751,0.9811,0.0462,0.0352,0.3252,1.0
879,29.3293,36,0.5606,0.399,0.0587,0.1105,0.3746,0.7812
879,29.3293,43,0.8051,0.2948,0.0287,0.0575,0.5137,0.9523
879,29.3293,44,0.3875,0.4251,0.1246,0.1062,0.7156,0.8535
879,29.3293,50,0.8061,0.123,0.0569,0.1263,0.7549,0.8039
879,29.3293,56,0.1436,0.2968,0.2777,0.4594,0.4241,0.0916
880,29.3627,7,0.6751,0.9811,0.0463,0.0353,0.3442,1.0
880,29.3627,36,0.5602,0.4017,0.0618,0.1157,0.2972,0.7812
880,29.3627,43,0.8053,0.2954,0.0289,0.0578,0.4984,0.9523
880,29.3627,44,0.3865,0.4248,0.1233,0.1054,0.6877,0.8535
880,29.3627,50,0.8059,0.1259,0.0569,0.1269,0.7592,0.8039
880,29.3627,56,0.1431,0.2979,0.2754,0.4533,0.4799,0.0916
881,29.396,7,0.675,0.9811,0.0463,0.0353,0.3701,1.0
881,29.396,36,0.5609,0.4045,0.0643,0.1193,0.4667,0.7812
881,29.396,43,0.8055,0.296,0.029,0.058,0.3959,0.9523
881,29.396,44,0.3858,0.425,0.123,0.1055,0.7151,0.8535
881,29.396,50,0.8059,0.1288,0.0569,0.1277,0.7904,0.8039
881,29.396,56,0.142,0.2996,0.2739,0.4492,0.376,0.0916
882,29.4294,7,0.675,0.9811,0.0464,0.0354,0.4456,1.0
882,29.4294,36,0.5617,0.4072,0.0664,0.122,0.556,0.7812
882,29.4294,43,0.8057,0.2967,0.0292,0.0583,0.4604,0.9523
882,29.4294,44,0.3854,0.4254,0.1232,0.1059,0.7163,0.8535
882,29.4294,48,0.4758,0.9752,0.0459,0.0472,0.2759,0.9738
882,29.4294,50,0.806,0.1318,0.057,0.1285,0.7948,0.8039
882,29.4294,56,0.1405,0.302,0.2718,0.4466,0.4686,0.0916
883,29.4628,7,0.6749,0.9811,0.0464,0.0355,0.4872,1.0
883,29.4628,41,0.6126,0.4906,0.1737,0.2759,0.298,0.5314
883,29.4628,43,0.8058,0.2973,0.0294,0.0585,0.4473,0.9523
883,29.4628,44,0.3852,0.4257,0.1233,0.1063,0.7123,0.8535
883,29.4628,48,0.4758,0.9753,0.0459,0.0472,0.2788,0.9738
883,29.4628,50,0.8065,0.1348,0.0571,0.129,0.8041,0.8039
883,29.4628,55,0.186,0.838,0.0296,0.0801,0.2542,0.895
883,29.4628,56,0.1385,0.3063,0.2682,0.4437,0.4514,0.0916
884,29.4961,7,0.6749,0.9811,0.0464,0.0355,0.4561,1.0
884,29.4961,36,0.5626,0.4104,0.0683,0.1244,0.4961,0.7812
884,29.4961,43,0.806,0.298,0.0295,0.0587,0.4189,0.9523
884,29.4961,44,0.3852,0.4259,0.1231,0.1064,0.7013,0.8535
884,29.4961,48,0.4758,0.9753,0.0459,0.0472,0.2862,0.9738
884,29.4961,50,0.8071,0.1373,0.057,0.1288,0.732,0.8039
884,29.4961,55,0.1859,0.838,0.0296,0.08,0.2621,0.895
884,29.4961,56,0.1361,0.3101,0.2652,0.4445,0.4723,0.0916
885,29.5295,7,0.6748,0.9811,0.0464,0.0356,0.4392,1.0
885,29.5295,43,0.806,0.2985,0.0297,0.0592,0.403,0.9523
885,29.5295,44,0.3852,0.4259,0.1224,0.1059,0.7095,0.8535
885,29.5295,48,0.4758,0.9753,0.0458,0.0472,0.3019,0.9738
885,29.5295,50,0.8078,0.1398,0.0571,0.1288,0.6229,0.8039
885,29.5295,55,0.1859,0.8379,0.0297,0.0798,0.2671,0.895
885,29.5295,56,0.1336,0.3133,0.2629,0.4488,0.444,0.0916
886,29.5629,7,0.6747,0.981,0.0464,0.0357,0.4816,1.0
886,29.5629,36,0.5636,0.4136,0.0702,0.1266,0.5429,0.7812
886,29.5629,43,0.806,0.299,0.0299,0.0597,0.3646,0.9523
886,29.5629,44,0.3855,0.4257,0.1218,0.1054,0.7264,0.8535
886,29.5629,48,0.4758,0.9753,0.0458,0.0472,0.2695,0.9738
886,29.5629,50,0.8087,0.1426,0.0575,0.1292,0.7932,0.8039
886,29.5629,55,0.1859,0.8379,0.0298,0.0798,0.2625,0.895
886,29.5629,56,0.1305,0.3182,0.2596,0.4524,0.3698,0.0916
887,29.5962,7,0.6747,0.981,0.0465,0.0358,0.4827,1.0
887,29.5962,36,0.5643,0.4166,0.0719,0.1285,0.28,0.7812
887,29.5962,43,0.806,0.2992,0.03,0.06,0.401,0.9523
887,29.5962,44,0.3859,0.4253,0.1207,0.1046,0.7048,0.8535
887,29.5962,50,0.8094,0.1458,0.0582,0.1302,0.7923,0.8039
887,29.5962,55,0.1859,0.8379,0.0298,0.0797,0.2967,0.895
887,29.5962,56,0.127,0.3256,0.254,0.4533,0.4758,0.0916
888,29.6296,7,0.6746,0.9809,0.0465,0.0359,0.5084,1.0
888,29.6296,43,0.8059,0.2994,0.03,0.06,0.3931,0.9523
888,29.6296,44,0.3866,0.4249,0.1195,0.1034,0.7338,0.8535
888,29.6296,50,0.8101,0.1489,0.0589,0.1309,0.7701,0.8039
888,29.6296,55,0.1858,0.8378,0.0299,0.0796,0.2876,0.895
888,29.6296,56,0.1235,0.3355,0.2469,0.4521,0.4595,0.0916
889,29.663,7,0.6745,0.9808,0.0466,0.036,0.5091,1.0
889,29.663,36,0.5646,0.4193,0.0735,0.1304,0.4176,0.7812
889,29.663,43,0.8058,0.2995,0.0299,0.0597,0.4758,0.9523
889,29.663,44,0.3875,0.4246,0.1183,0.1021,0.713,0.8535
889,29.663,50,0.8106,0.1519,0.0594,0.1311,0.7882,0.8039
889,29.663,55,0.1858,0.8378,0.0299,0.0796,0.2534,0.895
889,29.663,56,0.1195,0.3478,0.2391,0.4494,0.509,0.0916
890,29.6963,7,0.6744,0.9808,0.0466,0.0361,0.4679,1.0
890,29.6963,36,0.5641,0.4226,0.0756,0.1336,0.6782,0.7812
890,29.6963,43,0.8054,0.2994,0.0297,0.0594,0.468,0.9523
890,29.6963,44,0.3887,0.4244,0.1174,0.1012,0.7514,0.8535
890,29.6963,50,0.8109,0.1547,0.06,0.1316,0.7763,0.8039
890,29.6963,56,0.115,0.3619,0.23,0.4439,0.4244,0.0916
891,29.7297,7,0.6743,0.9808,0.0466,0.0362,0.359,1.0
891,29.7297,36,0.5632,0.4259,0.0779,0.1376,0.7219,0.7812
891,29.7297,43,0.8049,0.2994,0.0296,0.0591,0.4427,0.9523
891,29.7297,44,0.3902,0.4244,0.1168,0.1004,0.7425,0.8535
891,29.7297,50,0.8111,0.1574,0.0605,0.1316,0.7656,0.8039
891,29.7297,56,0.1102,0.378,0.2204,0.4376,0.4169,0.0916
892,29.7631,7,0.6742,0.9807,0.0467,0.0363,0.3723,1.0
892,29.7631,36,0.5621,0.4297,0.0804,0.1425,0.704,0.7812
892,29.7631,43,0.8044,0.2992,0.0296,0.0589,0.435,0.9523
892,29.7631,44,0.3917,0.4245,0.1163,0.0998,0.7325,0.8535
892,29.7631,49,0.3046,0.4931,0.1881,0.0961,0.5498,0.8916
892,29.7631,50,0.811,0.1604,0.0611,0.1319,0.7871,0.8039
892,29.7631,56,0.1051,0.3948,0.2103,0.4308,0.4611,0.0916
893,29.7964,7,0.6741,0.9807,0.0467,0.0364,0.3684,1.0
893,29.7964,36,0.5608,0.4329,0.0826,0.1473,0.7069,0.7812
893,29.7964,43,0.8039,0.2991,0.0295,0.0586,0.4227,0.9523
893,29.7964,44,0.3932,0.4245,0.1154,0.0988,0.7679,0.8535
893,29.7964,49,0.2911,0.487,0.1959,0.1001,0.4717,0.8916
893,29.7964,50,0.8107,0.1632,0.062,0.1327,0.7979,0.8039
893,29.7964,56,0.1004,0.4105,0.2007,0.4266,0.4664,0.0916
894,29.8298,7,0.6741,0.9807,0.0466,0.0363,0.3724,1.0
894,29.8298,36,0.559,0.4359,0.0842,0.1517,0.7325,0.7812
894,29.8298,43,0.8033,0.299,0.0293,0.0581,0.3862,0.9523
894,29.8298,44,0.3947,0.4245,0.1144,0.0977,0.7741,0.8535
894,29.8298,49,0.2777,0.4807,0.2023,0.1038,0.5341,0.8916
894,29.8298,50,0.8103,0.1657,0.0621,0.1318,0.7711,0.8039
894,29.8298,56,0.0963,0.4256,0.1926,0.4248,0.4409,0.0916
895,29.8632,7,0.674,0.9808,0.0464,0.0362,0.3586,1.0
895,29.8632,36,0.5569,0.4379,0.0849,0.1548,0.7286,0.7812
895,29.8632,43,0.8028,0.299,0.0292,0.0576,0.4466,0.9523
895,29.8632,44,0.396,0.4245,0.1133,0.0964,0.7566,0.8535
895,29.8632,49,0.2642,0.4744,0.2073,0.1071,0.639,0.8916
895,29.8632,50,0.8097,0.1681,0.0621,0.1305,0.746,0.8039
895,29.8632,56,0.0925,0.4405,0.1851,0.4241,0.3581,0.0916
896,29.8965,7,0.674,0.9809,0.0463,0.0361,0.3377,1.0
896,29.8965,36,0.555,0.4394,0.0849,0.1571,0.7439,0.7812
896,29.8965,43,0.8023,0.2989,0.0291,0.0572,0.426,0.9523
896,29.8965,44,0.397,0.4243,0.1121,0.0952,0.8128,0.8535
896,29.8965,49,0.2619,0.473,0.2051,0.1066,0.7225,0.8916
896,29.8965,50,0.809,0.1704,0.0621,0.1296,0.7506,0.8039
896,29.8965,56,0.0892,0.4551,0.1783,0.4229,0.396,0.0916
897,29.9299,7,0.674,0.9809,0.0463,0.036,0.4239,1.0
897,29.9299,36,0.5533,0.4398,0.084,0.1577,0.715,0.7812
897,29.9299,43,0.802,0.2989,0.0291,0.0568,0.4512,0.9523
897,29.9299,44,0.3979,0.4242,0.111,0.094,0.8477,0.8535
897,29.9299,49,0.2595,0.472,0.2025,0.1059,0.7496,0.8916
897,29.9299,50,0.8079,0.1738,0.0632,0.131,0.7462,0.8039
897,29.9299,55,0.1858,0.8378,0.0299,0.0795,0.2838,0.895
897,29.9299,56,0.0865,0.4704,0.173,0.4231,0.5322,0.0916
898,29.9633,7,0.6739,0.981,0.0462,0.0359,0.4201,1.0
898,29.9633,36,0.5523,0.44,0.0835,0.1581,0.7229,0.7812
898,29.9633,43,0.8018,0.2989,0.029,0.0565,0.4746,0.9523
898,29.9633,44,0.3982,0.4241,0.1103,0.0933,0.8498,0.8535
898,29.9633,49,0.2584,0.4715,0.2012,0.1055,0.7399,0.8916
898,29.9633,50,0.8073,0.1754,0.0636,0.1316,0.7284,0.8039
898,29.9633,55,0.1858,0.8377,0.03,0.0795,0.2852,0.895
898,29.9633,56,0.0849,0.4779,0.1697,0.4228,0.4547,0.0916
899,29.9966,7,0.6739,0.981,0.0461,0.0358,0.4137,1.0
899,29.9966,36,0.5512,0.4397,0.0823,0.1573,0.7148,0.7812
899,29.9966,43,0.8017,0.299,0.0288,0.056,0.4514,0.9523
899,29.9966,44,0.3986,0.424,0.1094,0.0923,0.8352,0.8535
899,29.9966,49,0.2573,0.471,0.1998,0.105,0.7747,0.8916
899,29.9966,50,0.8068,0.1767,0.0636,0.1311,0.7793,0.8039
899,29.9966,55,0.1858,0.8377,0.03,0.0794,0.2858,0.895
899,29.9966,56,0.0836,0.4855,0.1672,0.4226,0.4462,0.0916
900,30.03,7,0.6739,0.9811,0.046,0.0356,0.424,1.0
900,30.03,36,0.5501,0.4388,0.0807,0.1556,0.6834,0.7812
900,30.03,43,0.8016,0.2991,0.0287,0.0556,0.4389,0.9523
900,30.03,44,0.399,0.4237,0.1084,0.0912,0.8329,0.8535
900,30.03,49,0.256,0.4704,0.198,0.1044,0.6812,0.8916
900,30.03,50,0.8063,0.178,0.063,0.1294,0.7671,0.8039
900,30.03,55,0.1857,0.8377,0.03,0.0793,0.2721,0.895
900,30.03,56,0.0828,0.4936,0.1655,0.4227,0.4589,0.0916
